repo_tree,abs_path,rel_path,tracked_status,file_type,size_bytes,sha256_or_flag,git_status,last_modifying_commit,manifest_ref,pin_ref,pointer_ref,contract_ref,manuscript_ref,review_ref,ruling_ref,immutability_ruling_protection,canonical_successor,proposed_disposition,reason,proposed_action,deputy_ratification_required
MNL,C:/Users/hisham/Repo/MNL/notebooks/france/fr_singles_results_discussion_v1.ipynb,notebooks/france/fr_singles_results_discussion_v1.ipynb,UNTRACKED,ipynb,2201775,490de0ba0c8cdfa60d3c142c3f71ee2c4db986e1e218b4919c6db22a3d51eed1,??,,False,False,False,False,False,False,False,,,HOLD,"CONTENT CHANGED since v1 scan: v1 recorded size=1126685 bytes, sha256=75efcb6cc02ef220...; current size grew to a live re-hash, sha256 differs. Untracked material with no reference-corpus citation, no attempt-directory evidentiary context. Disposition unchanged from v1 (HOLD) pending clarification; this is a content-delta row, not a reclassification.",None pending clarification.,N/A (HOLD)
MNL,C:/Users/hisham/Repo/MNL/outputs/p2a_singles2016/notebook_dev_v3/results_discussion_fig6_3a_hours_grid_fit.png,outputs/p2a_singles2016/notebook_dev_v3/results_discussion_fig6_3a_hours_grid_fit.png,UNTRACKED,png,223033,25dde7f9d2b81e346a2ec8e1de4e835a561ba8b7cec2ed51822fde2ac1d0a338,??,,False,False,False,False,False,False,False,,,HOLD,"NEW file (not present in v1). Directory outputs/p2a_singles2016/notebook_dev_v3/ is cited verbatim by JMP::docs/Missions/JMP_M08E_E2_closure_notebook_and_RUM_ruling_v1.md (ruling-citation, authorized aggregate development-output location) per the reference protection map, but v1 did not propagate that directory-level citation to ruling_ref=True on individual files inside it (resolved_repo was left '?' in v1's own map). Classified HOLD for consistency with v1's treatment of the other 37 files already in this directory; see delta summary governance-gap note on the unresolved directory-level citation.",None pending clarification.,N/A (HOLD)
MNL,C:/Users/hisham/Repo/MNL/outputs/p2a_singles2016/notebook_dev_v3/results_discussion_fig6_3b_employment_by_education.png,outputs/p2a_singles2016/notebook_dev_v3/results_discussion_fig6_3b_employment_by_education.png,UNTRACKED,png,99776,b6a40b84c91e6cd7745a1943259cb105917dd99770526196dc62eba0f5512aff,??,,False,False,False,False,False,False,False,,,HOLD,"NEW file (not present in v1). Directory outputs/p2a_singles2016/notebook_dev_v3/ is cited verbatim by JMP::docs/Missions/JMP_M08E_E2_closure_notebook_and_RUM_ruling_v1.md (ruling-citation, authorized aggregate development-output location) per the reference protection map, but v1 did not propagate that directory-level citation to ruling_ref=True on individual files inside it (resolved_repo was left '?' in v1's own map). Classified HOLD for consistency with v1's treatment of the other 37 files already in this directory; see delta summary governance-gap note on the unresolved directory-level citation.",None pending clarification.,N/A (HOLD)
MNL,C:/Users/hisham/Repo/MNL/outputs/p2a_singles2016/notebook_dev_v3/results_discussion_fig6_4_marginal_utilities.png,outputs/p2a_singles2016/notebook_dev_v3/results_discussion_fig6_4_marginal_utilities.png,UNTRACKED,png,237227,8795b70122cda1d10298735228afa368c30b2cc28da37e0ec5feb8f907518bf6,??,,False,False,False,False,False,False,False,,,HOLD,"NEW file (not present in v1). Directory outputs/p2a_singles2016/notebook_dev_v3/ is cited verbatim by JMP::docs/Missions/JMP_M08E_E2_closure_notebook_and_RUM_ruling_v1.md (ruling-citation, authorized aggregate development-output location) per the reference protection map, but v1 did not propagate that directory-level citation to ruling_ref=True on individual files inside it (resolved_repo was left '?' in v1's own map). Classified HOLD for consistency with v1's treatment of the other 37 files already in this directory; see delta summary governance-gap note on the unresolved directory-level citation.",None pending clarification.,N/A (HOLD)
MNL,C:/Users/hisham/Repo/MNL/outputs/p2a_singles2016/notebook_dev_v3/results_discussion_fig6_5_indifference_curves.png,outputs/p2a_singles2016/notebook_dev_v3/results_discussion_fig6_5_indifference_curves.png,UNTRACKED,png,418773,3c347087a14671ff961fd77057776865765974eede5130c3bbd8337f37e4dd56,??,,False,False,False,False,False,False,False,,,HOLD,"NEW file (not present in v1). Directory outputs/p2a_singles2016/notebook_dev_v3/ is cited verbatim by JMP::docs/Missions/JMP_M08E_E2_closure_notebook_and_RUM_ruling_v1.md (ruling-citation, authorized aggregate development-output location) per the reference protection map, but v1 did not propagate that directory-level citation to ruling_ref=True on individual files inside it (resolved_repo was left '?' in v1's own map). Classified HOLD for consistency with v1's treatment of the other 37 files already in this directory; see delta summary governance-gap note on the unresolved directory-level citation.",None pending clarification.,N/A (HOLD)
MNL,C:/Users/hisham/Repo/MNL/outputs/p2a_singles2016/notebook_dev_v3/results_discussion_table4_2_optimum_search.csv,outputs/p2a_singles2016/notebook_dev_v3/results_discussion_table4_2_optimum_search.csv,UNTRACKED,csv,641,f5cedeabc845199f22023895925dd837f4dd153e29c6f518844b327f338d4108,??,,False,False,False,False,False,False,False,,,HOLD,"NEW file (not present in v1). Directory outputs/p2a_singles2016/notebook_dev_v3/ is cited verbatim by JMP::docs/Missions/JMP_M08E_E2_closure_notebook_and_RUM_ruling_v1.md (ruling-citation, authorized aggregate development-output location) per the reference protection map, but v1 did not propagate that directory-level citation to ruling_ref=True on individual files inside it (resolved_repo was left '?' in v1's own map). Classified HOLD for consistency with v1's treatment of the other 37 files already in this directory; see delta summary governance-gap note on the unresolved directory-level citation.",None pending clarification.,N/A (HOLD)
MNL,C:/Users/hisham/Repo/MNL/outputs/p2a_singles2016/notebook_dev_v3/results_discussion_table4_3_solver_wall_time.csv,outputs/p2a_singles2016/notebook_dev_v3/results_discussion_table4_3_solver_wall_time.csv,UNTRACKED,csv,275,8c2d836feab5c4a75ec6911004f76991a0219689fb54562cc56105ee173cfcde,??,,False,False,False,False,False,False,False,,,HOLD,"NEW file (not present in v1). Directory outputs/p2a_singles2016/notebook_dev_v3/ is cited verbatim by JMP::docs/Missions/JMP_M08E_E2_closure_notebook_and_RUM_ruling_v1.md (ruling-citation, authorized aggregate development-output location) per the reference protection map, but v1 did not propagate that directory-level citation to ruling_ref=True on individual files inside it (resolved_repo was left '?' in v1's own map). Classified HOLD for consistency with v1's treatment of the other 37 files already in this directory; see delta summary governance-gap note on the unresolved directory-level citation.",None pending clarification.,N/A (HOLD)
MNL,C:/Users/hisham/Repo/MNL/outputs/p2a_singles2016/notebook_dev_v3/results_discussion_table4_4_curvature.csv,outputs/p2a_singles2016/notebook_dev_v3/results_discussion_table4_4_curvature.csv,UNTRACKED,csv,278,c6c0f38aacea5b6239fa7a8b743a6c8b28c4a12662416de9ffab051a89267710,??,,False,False,False,False,False,False,False,,,HOLD,"NEW file (not present in v1). Directory outputs/p2a_singles2016/notebook_dev_v3/ is cited verbatim by JMP::docs/Missions/JMP_M08E_E2_closure_notebook_and_RUM_ruling_v1.md (ruling-citation, authorized aggregate development-output location) per the reference protection map, but v1 did not propagate that directory-level citation to ruling_ref=True on individual files inside it (resolved_repo was left '?' in v1's own map). Classified HOLD for consistency with v1's treatment of the other 37 files already in this directory; see delta summary governance-gap note on the unresolved directory-level citation.",None pending clarification.,N/A (HOLD)
MNL,C:/Users/hisham/Repo/MNL/outputs/p2a_singles2016/notebook_dev_v3/results_discussion_table4_5_pinned_coordinates.csv,outputs/p2a_singles2016/notebook_dev_v3/results_discussion_table4_5_pinned_coordinates.csv,UNTRACKED,csv,1214,a1e10da7ec6de0039f4e13ebc045a708596a19815b8292b6b5c1471358f7d9ca,??,,False,False,False,False,False,False,False,,,HOLD,"NEW file (not present in v1). Directory outputs/p2a_singles2016/notebook_dev_v3/ is cited verbatim by JMP::docs/Missions/JMP_M08E_E2_closure_notebook_and_RUM_ruling_v1.md (ruling-citation, authorized aggregate development-output location) per the reference protection map, but v1 did not propagate that directory-level citation to ruling_ref=True on individual files inside it (resolved_repo was left '?' in v1's own map). Classified HOLD for consistency with v1's treatment of the other 37 files already in this directory; see delta summary governance-gap note on the unresolved directory-level citation.",None pending clarification.,N/A (HOLD)
MNL,C:/Users/hisham/Repo/MNL/outputs/p2a_singles2016/notebook_dev_v3/results_discussion_table4_6_pin_gradient_check.csv,outputs/p2a_singles2016/notebook_dev_v3/results_discussion_table4_6_pin_gradient_check.csv,UNTRACKED,csv,211,5af83f0a70b9a1439f289e21092a08af2172209b90c1b0c1787d0581af9f9bf1,??,,False,False,False,False,False,False,False,,,HOLD,"NEW file (not present in v1). Directory outputs/p2a_singles2016/notebook_dev_v3/ is cited verbatim by JMP::docs/Missions/JMP_M08E_E2_closure_notebook_and_RUM_ruling_v1.md (ruling-citation, authorized aggregate development-output location) per the reference protection map, but v1 did not propagate that directory-level citation to ruling_ref=True on individual files inside it (resolved_repo was left '?' in v1's own map). Classified HOLD for consistency with v1's treatment of the other 37 files already in this directory; see delta summary governance-gap note on the unresolved directory-level citation.",None pending clarification.,N/A (HOLD)
MNL,C:/Users/hisham/Repo/MNL/outputs/p2a_singles2016/notebook_dev_v3/results_discussion_table4_7_fit_statistics.csv,outputs/p2a_singles2016/notebook_dev_v3/results_discussion_table4_7_fit_statistics.csv,UNTRACKED,csv,423,6e2047bf3d6f841089f3f739fe12d2908939fd2d22829286155676dc0bb6aa0b,??,,False,False,False,False,False,False,False,,,HOLD,"NEW file (not present in v1). Directory outputs/p2a_singles2016/notebook_dev_v3/ is cited verbatim by JMP::docs/Missions/JMP_M08E_E2_closure_notebook_and_RUM_ruling_v1.md (ruling-citation, authorized aggregate development-output location) per the reference protection map, but v1 did not propagate that directory-level citation to ruling_ref=True on individual files inside it (resolved_repo was left '?' in v1's own map). Classified HOLD for consistency with v1's treatment of the other 37 files already in this directory; see delta summary governance-gap note on the unresolved directory-level citation.",None pending clarification.,N/A (HOLD)
MNL,C:/Users/hisham/Repo/MNL/outputs/p2a_singles2016/notebook_dev_v3/results_discussion_table6_3a_hours_grid_fit.csv,outputs/p2a_singles2016/notebook_dev_v3/results_discussion_table6_3a_hours_grid_fit.csv,UNTRACKED,csv,2776,85434d2c3d7cc7e7302dd58179cb6f217319fcf11eface48b6bd6fbfb039e057,??,,False,False,False,False,False,False,False,,,HOLD,"NEW file (not present in v1). Directory outputs/p2a_singles2016/notebook_dev_v3/ is cited verbatim by JMP::docs/Missions/JMP_M08E_E2_closure_notebook_and_RUM_ruling_v1.md (ruling-citation, authorized aggregate development-output location) per the reference protection map, but v1 did not propagate that directory-level citation to ruling_ref=True on individual files inside it (resolved_repo was left '?' in v1's own map). Classified HOLD for consistency with v1's treatment of the other 37 files already in this directory; see delta summary governance-gap note on the unresolved directory-level citation.",None pending clarification.,N/A (HOLD)
MNL,C:/Users/hisham/Repo/MNL/outputs/p2a_singles2016/notebook_dev_v3/results_discussion_table6_3b_employment_by_education.csv,outputs/p2a_singles2016/notebook_dev_v3/results_discussion_table6_3b_employment_by_education.csv,UNTRACKED,csv,735,d3f0e954380e7f666163094d126dad82aa18b71e47761629a52ea4df65bde570,??,,False,False,False,False,False,False,False,,,HOLD,"NEW file (not present in v1). Directory outputs/p2a_singles2016/notebook_dev_v3/ is cited verbatim by JMP::docs/Missions/JMP_M08E_E2_closure_notebook_and_RUM_ruling_v1.md (ruling-citation, authorized aggregate development-output location) per the reference protection map, but v1 did not propagate that directory-level citation to ruling_ref=True on individual files inside it (resolved_repo was left '?' in v1's own map). Classified HOLD for consistency with v1's treatment of the other 37 files already in this directory; see delta summary governance-gap note on the unresolved directory-level citation.",None pending clarification.,N/A (HOLD)
MNL,C:/Users/hisham/Repo/MNL/outputs/p2a_singles2016/notebook_dev_v3/results_discussion_table6_5b_budget_profiles.csv,outputs/p2a_singles2016/notebook_dev_v3/results_discussion_table6_5b_budget_profiles.csv,UNTRACKED,csv,12547,aabb5800699eb87a972a4f76416850799805f36714fd02a8647f2222fe75f02c,??,,False,False,False,False,False,False,False,,,HOLD,"NEW file (not present in v1). Directory outputs/p2a_singles2016/notebook_dev_v3/ is cited verbatim by JMP::docs/Missions/JMP_M08E_E2_closure_notebook_and_RUM_ruling_v1.md (ruling-citation, authorized aggregate development-output location) per the reference protection map, but v1 did not propagate that directory-level citation to ruling_ref=True on individual files inside it (resolved_repo was left '?' in v1's own map). Classified HOLD for consistency with v1's treatment of the other 37 files already in this directory; see delta summary governance-gap note on the unresolved directory-level citation.",None pending clarification.,N/A (HOLD)
MNL,C:/Users/hisham/Repo/MNL/outputs/p2a_singles2016/notebook_dev_v3/results_discussion_table6_5_representative_types.csv,outputs/p2a_singles2016/notebook_dev_v3/results_discussion_table6_5_representative_types.csv,UNTRACKED,csv,1903,57bb70913d3ed6515ec45a412c86ac5ec9b25c74525ad3d40dbfefd2f36a4530,??,,False,False,False,False,False,False,False,,,HOLD,"NEW file (not present in v1). Directory outputs/p2a_singles2016/notebook_dev_v3/ is cited verbatim by JMP::docs/Missions/JMP_M08E_E2_closure_notebook_and_RUM_ruling_v1.md (ruling-citation, authorized aggregate development-output location) per the reference protection map, but v1 did not propagate that directory-level citation to ruling_ref=True on individual files inside it (resolved_repo was left '?' in v1's own map). Classified HOLD for consistency with v1's treatment of the other 37 files already in this directory; see delta summary governance-gap note on the unresolved directory-level citation.",None pending clarification.,N/A (HOLD)
MNL,C:/Users/hisham/Repo/MNL/outputs/p2a_singles2016/notebook_dev_v3/results_discussion_table6_6_tangency.csv,outputs/p2a_singles2016/notebook_dev_v3/results_discussion_table6_6_tangency.csv,UNTRACKED,csv,1310,9b0bc133ed1d11f6fdbd389b726d702fc2434521160faa6d09204ce842ac2a16,??,,False,False,False,False,False,False,False,,,HOLD,"NEW file (not present in v1). Directory outputs/p2a_singles2016/notebook_dev_v3/ is cited verbatim by JMP::docs/Missions/JMP_M08E_E2_closure_notebook_and_RUM_ruling_v1.md (ruling-citation, authorized aggregate development-output location) per the reference protection map, but v1 did not propagate that directory-level citation to ruling_ref=True on individual files inside it (resolved_repo was left '?' in v1's own map). Classified HOLD for consistency with v1's treatment of the other 37 files already in this directory; see delta summary governance-gap note on the unresolved directory-level citation.",None pending clarification.,N/A (HOLD)
MNL,C:/Users/hisham/Repo/MNL/outputs/p2a_singles2016/region_live_v1/welfare_m08_v1/attempts/20260824T121942Z_61252_635eb9efda8a46d48582990233463b7f_u6dgates4_STOPPED_ERROR/u6d_gates_v1.json,outputs/p2a_singles2016/region_live_v1/welfare_m08_v1/attempts/20260824T121942Z_61252_635eb9efda8a46d48582990233463b7f_u6dgates4_STOPPED_ERROR/u6d_gates_v1.json,UNTRACKED,json,38874,412e3a87cce08ea0dae997339a1ca22652d120cb15264368f7a816299a1377f5,??,,False,False,False,False,False,False,False,,,HOLD,"Attempt directory name carries an aborted/incomplete-run marker (STOPPED_ERROR); not accepted, not cited by any pin/manifest/contract/manuscript/review/ruling scanned. Live U6-D evidence, pricing/gates chain still awaiting deputy ratification.",None pending clarification.,N/A (HOLD)
MNL,C:/Users/hisham/Repo/MNL/outputs/p2a_singles2016/region_live_v1/welfare_m08_v1/attempts/20260824T121942Z_61252_635eb9efda8a46d48582990233463b7f_u6dgates4_STOPPED_ERROR/basis_build/notebook_dev_101/fr_singles_engine_ready_p2a_bpool.parquet,outputs/p2a_singles2016/region_live_v1/welfare_m08_v1/attempts/20260824T121942Z_61252_635eb9efda8a46d48582990233463b7f_u6dgates4_STOPPED_ERROR/basis_build/notebook_dev_101/fr_singles_engine_ready_p2a_bpool.parquet,UNTRACKED,parquet,21227125,a3c63c45edd9ce208747b7eca5ec625e948507c0980d56f93ded40d7b904beff,??,,False,False,False,False,False,False,False,,,HOLD,"Attempt directory name carries an aborted/incomplete-run marker (STOPPED_ERROR); not accepted, not cited by any pin/manifest/contract/manuscript/review/ruling scanned. Live U6-D evidence, pricing/gates chain still awaiting deputy ratification.",None pending clarification.,N/A (HOLD)
MNL,C:/Users/hisham/Repo/MNL/outputs/p2a_singles2016/region_live_v1/welfare_m08_v1/attempts/20260824T121942Z_61252_635eb9efda8a46d48582990233463b7f_u6dgates4_STOPPED_ERROR/basis_build/notebook_dev_101/fr_singles_pricing_p2a/priced_00000.parquet,outputs/p2a_singles2016/region_live_v1/welfare_m08_v1/attempts/20260824T121942Z_61252_635eb9efda8a46d48582990233463b7f_u6dgates4_STOPPED_ERROR/basis_build/notebook_dev_101/fr_singles_pricing_p2a/priced_00000.parquet,UNTRACKED,parquet,566230,2e8976aacfe1a00b6bf3bd68f129a9831d307cb58c9a273532972646c8fd3918,??,,False,False,False,False,False,False,False,,,HOLD,"Attempt directory name carries an aborted/incomplete-run marker (STOPPED_ERROR); not accepted, not cited by any pin/manifest/contract/manuscript/review/ruling scanned. Live U6-D evidence, pricing/gates chain still awaiting deputy ratification.",None pending clarification.,N/A (HOLD)
MNL,C:/Users/hisham/Repo/MNL/outputs/p2a_singles2016/region_live_v1/welfare_m08_v1/attempts/20260824T121942Z_61252_635eb9efda8a46d48582990233463b7f_u6dgates4_STOPPED_ERROR/basis_build/notebook_dev_101/fr_singles_pricing_p2a/priced_00200.parquet,outputs/p2a_singles2016/region_live_v1/welfare_m08_v1/attempts/20260824T121942Z_61252_635eb9efda8a46d48582990233463b7f_u6dgates4_STOPPED_ERROR/basis_build/notebook_dev_101/fr_singles_pricing_p2a/priced_00200.parquet,UNTRACKED,parquet,574066,f026a65b04a64364badeb688a0feef109b3a585c69fec387517411ad86379f5d,??,,False,False,False,False,False,False,False,,,HOLD,"Attempt directory name carries an aborted/incomplete-run marker (STOPPED_ERROR); not accepted, not cited by any pin/manifest/contract/manuscript/review/ruling scanned. Live U6-D evidence, pricing/gates chain still awaiting deputy ratification.",None pending clarification.,N/A (HOLD)
MNL,C:/Users/hisham/Repo/MNL/outputs/p2a_singles2016/region_live_v1/welfare_m08_v1/attempts/20260824T121942Z_61252_635eb9efda8a46d48582990233463b7f_u6dgates4_STOPPED_ERROR/basis_build/notebook_dev_101/fr_singles_pricing_p2a/priced_00400.parquet,outputs/p2a_singles2016/region_live_v1/welfare_m08_v1/attempts/20260824T121942Z_61252_635eb9efda8a46d48582990233463b7f_u6dgates4_STOPPED_ERROR/basis_build/notebook_dev_101/fr_singles_pricing_p2a/priced_00400.parquet,UNTRACKED,parquet,546576,5f3506afee693a96c69b81961d19f15e1b6b6e2c5a6f7c2cd9d28cebccb6aea6,??,,False,False,False,False,False,False,False,,,HOLD,"Attempt directory name carries an aborted/incomplete-run marker (STOPPED_ERROR); not accepted, not cited by any pin/manifest/contract/manuscript/review/ruling scanned. Live U6-D evidence, pricing/gates chain still awaiting deputy ratification.",None pending clarification.,N/A (HOLD)
MNL,C:/Users/hisham/Repo/MNL/outputs/p2a_singles2016/region_live_v1/welfare_m08_v1/attempts/20260824T121942Z_61252_635eb9efda8a46d48582990233463b7f_u6dgates4_STOPPED_ERROR/basis_build/notebook_dev_101/fr_singles_pricing_p2a/priced_00600.parquet,outputs/p2a_singles2016/region_live_v1/welfare_m08_v1/attempts/20260824T121942Z_61252_635eb9efda8a46d48582990233463b7f_u6dgates4_STOPPED_ERROR/basis_build/notebook_dev_101/fr_singles_pricing_p2a/priced_00600.parquet,UNTRACKED,parquet,577870,2722023948abcc8e069855773c33c062cf7bb91635ab3765875f05dfbdba0ce4,??,,False,False,False,False,False,False,False,,,HOLD,"Attempt directory name carries an aborted/incomplete-run marker (STOPPED_ERROR); not accepted, not cited by any pin/manifest/contract/manuscript/review/ruling scanned. Live U6-D evidence, pricing/gates chain still awaiting deputy ratification.",None pending clarification.,N/A (HOLD)
MNL,C:/Users/hisham/Repo/MNL/outputs/p2a_singles2016/region_live_v1/welfare_m08_v1/attempts/20260824T121942Z_61252_635eb9efda8a46d48582990233463b7f_u6dgates4_STOPPED_ERROR/basis_build/notebook_dev_101/fr_singles_pricing_p2a/priced_00800.parquet,outputs/p2a_singles2016/region_live_v1/welfare_m08_v1/attempts/20260824T121942Z_61252_635eb9efda8a46d48582990233463b7f_u6dgates4_STOPPED_ERROR/basis_build/notebook_dev_101/fr_singles_pricing_p2a/priced_00800.parquet,UNTRACKED,parquet,557627,134f4dc4b5e0d1dc1e6e3bb1f6b518f69c5eeff867bde9d5a5e081192dee7afa,??,,False,False,False,False,False,False,False,,,HOLD,"Attempt directory name carries an aborted/incomplete-run marker (STOPPED_ERROR); not accepted, not cited by any pin/manifest/contract/manuscript/review/ruling scanned. Live U6-D evidence, pricing/gates chain still awaiting deputy ratification.",None pending clarification.,N/A (HOLD)
MNL,C:/Users/hisham/Repo/MNL/outputs/p2a_singles2016/region_live_v1/welfare_m08_v1/attempts/20260824T121942Z_61252_635eb9efda8a46d48582990233463b7f_u6dgates4_STOPPED_ERROR/basis_build/notebook_dev_101/fr_singles_pricing_p2a/priced_01000.parquet,outputs/p2a_singles2016/region_live_v1/welfare_m08_v1/attempts/20260824T121942Z_61252_635eb9efda8a46d48582990233463b7f_u6dgates4_STOPPED_ERROR/basis_build/notebook_dev_101/fr_singles_pricing_p2a/priced_01000.parquet,UNTRACKED,parquet,553873,b1ff76a60fc56499ba78058fdd0cd4dbbd963e28bf29e2d864b8cb4a317f4bc0,??,,False,False,False,False,False,False,False,,,HOLD,"Attempt directory name carries an aborted/incomplete-run marker (STOPPED_ERROR); not accepted, not cited by any pin/manifest/contract/manuscript/review/ruling scanned. Live U6-D evidence, pricing/gates chain still awaiting deputy ratification.",None pending clarification.,N/A (HOLD)
MNL,C:/Users/hisham/Repo/MNL/outputs/p2a_singles2016/region_live_v1/welfare_m08_v1/attempts/20260824T121942Z_61252_635eb9efda8a46d48582990233463b7f_u6dgates4_STOPPED_ERROR/basis_build/notebook_dev_101/fr_singles_pricing_p2a/priced_01200.parquet,outputs/p2a_singles2016/region_live_v1/welfare_m08_v1/attempts/20260824T121942Z_61252_635eb9efda8a46d48582990233463b7f_u6dgates4_STOPPED_ERROR/basis_build/notebook_dev_101/fr_singles_pricing_p2a/priced_01200.parquet,UNTRACKED,parquet,555886,f698f6e08db15094665d86b7e3b81429cecb575cb852c8a878bed2c437d49315,??,,False,False,False,False,False,False,False,,,HOLD,"Attempt directory name carries an aborted/incomplete-run marker (STOPPED_ERROR); not accepted, not cited by any pin/manifest/contract/manuscript/review/ruling scanned. Live U6-D evidence, pricing/gates chain still awaiting deputy ratification.",None pending clarification.,N/A (HOLD)
MNL,C:/Users/hisham/Repo/MNL/outputs/p2a_singles2016/region_live_v1/welfare_m08_v1/attempts/20260824T121942Z_61252_635eb9efda8a46d48582990233463b7f_u6dgates4_STOPPED_ERROR/basis_build/notebook_dev_101/fr_singles_pricing_p2a/priced_01400.parquet,outputs/p2a_singles2016/region_live_v1/welfare_m08_v1/attempts/20260824T121942Z_61252_635eb9efda8a46d48582990233463b7f_u6dgates4_STOPPED_ERROR/basis_build/notebook_dev_101/fr_singles_pricing_p2a/priced_01400.parquet,UNTRACKED,parquet,445645,ce1bf828146e6234817fdbee6e311996caf12ab22ac495ba40425eb46248ca4c,??,,False,False,False,False,False,False,False,,,HOLD,"Attempt directory name carries an aborted/incomplete-run marker (STOPPED_ERROR); not accepted, not cited by any pin/manifest/contract/manuscript/review/ruling scanned. Live U6-D evidence, pricing/gates chain still awaiting deputy ratification.",None pending clarification.,N/A (HOLD)
MNL,C:/Users/hisham/Repo/MNL/outputs/p2a_singles2016/region_live_v1/welfare_m08_v1/attempts/20260824T122107Z_607652_3bb1ace789004c9290193662e057cb48_u6dgates5_STOPPED_QW-ALIGN/u6d_gates_v1.json,outputs/p2a_singles2016/region_live_v1/welfare_m08_v1/attempts/20260824T122107Z_607652_3bb1ace789004c9290193662e057cb48_u6dgates5_STOPPED_QW-ALIGN/u6d_gates_v1.json,UNTRACKED,json,39122,403aacb8f0a9ed57367525cf98e1d4f529a7b7e270d8bce806cfb3fb17c10502,??,,False,False,False,False,False,False,False,,,HOLD,"Attempt directory name carries a stopped/non-terminal marker (STOPPED_QW-ALIGN, a QW-alignment halt, not an error); not accepted, not cited by reference corpus. Live U6-D evidence, still awaiting deputy ratification.",None pending clarification.,N/A (HOLD)
MNL,C:/Users/hisham/Repo/MNL/outputs/p2a_singles2016/region_live_v1/welfare_m08_v1/attempts/20260824T122107Z_607652_3bb1ace789004c9290193662e057cb48_u6dgates5_STOPPED_QW-ALIGN/basis_build/notebook_dev_101/fr_singles_engine_ready_p2a_bpool.parquet,outputs/p2a_singles2016/region_live_v1/welfare_m08_v1/attempts/20260824T122107Z_607652_3bb1ace789004c9290193662e057cb48_u6dgates5_STOPPED_QW-ALIGN/basis_build/notebook_dev_101/fr_singles_engine_ready_p2a_bpool.parquet,UNTRACKED,parquet,21227125,a3c63c45edd9ce208747b7eca5ec625e948507c0980d56f93ded40d7b904beff,??,,False,False,False,False,False,False,False,,,HOLD,"Attempt directory name carries a stopped/non-terminal marker (STOPPED_QW-ALIGN, a QW-alignment halt, not an error); not accepted, not cited by reference corpus. Live U6-D evidence, still awaiting deputy ratification.",None pending clarification.,N/A (HOLD)
MNL,C:/Users/hisham/Repo/MNL/outputs/p2a_singles2016/region_live_v1/welfare_m08_v1/attempts/20260824T122107Z_607652_3bb1ace789004c9290193662e057cb48_u6dgates5_STOPPED_QW-ALIGN/basis_build/notebook_dev_101/fr_singles_pricing_p2a/priced_00000.parquet,outputs/p2a_singles2016/region_live_v1/welfare_m08_v1/attempts/20260824T122107Z_607652_3bb1ace789004c9290193662e057cb48_u6dgates5_STOPPED_QW-ALIGN/basis_build/notebook_dev_101/fr_singles_pricing_p2a/priced_00000.parquet,UNTRACKED,parquet,566230,2e8976aacfe1a00b6bf3bd68f129a9831d307cb58c9a273532972646c8fd3918,??,,False,False,False,False,False,False,False,,,HOLD,"Attempt directory name carries a stopped/non-terminal marker (STOPPED_QW-ALIGN, a QW-alignment halt, not an error); not accepted, not cited by reference corpus. Live U6-D evidence, still awaiting deputy ratification.",None pending clarification.,N/A (HOLD)
MNL,C:/Users/hisham/Repo/MNL/outputs/p2a_singles2016/region_live_v1/welfare_m08_v1/attempts/20260824T122107Z_607652_3bb1ace789004c9290193662e057cb48_u6dgates5_STOPPED_QW-ALIGN/basis_build/notebook_dev_101/fr_singles_pricing_p2a/priced_00200.parquet,outputs/p2a_singles2016/region_live_v1/welfare_m08_v1/attempts/20260824T122107Z_607652_3bb1ace789004c9290193662e057cb48_u6dgates5_STOPPED_QW-ALIGN/basis_build/notebook_dev_101/fr_singles_pricing_p2a/priced_00200.parquet,UNTRACKED,parquet,574066,f026a65b04a64364badeb688a0feef109b3a585c69fec387517411ad86379f5d,??,,False,False,False,False,False,False,False,,,HOLD,"Attempt directory name carries a stopped/non-terminal marker (STOPPED_QW-ALIGN, a QW-alignment halt, not an error); not accepted, not cited by reference corpus. Live U6-D evidence, still awaiting deputy ratification.",None pending clarification.,N/A (HOLD)
MNL,C:/Users/hisham/Repo/MNL/outputs/p2a_singles2016/region_live_v1/welfare_m08_v1/attempts/20260824T122107Z_607652_3bb1ace789004c9290193662e057cb48_u6dgates5_STOPPED_QW-ALIGN/basis_build/notebook_dev_101/fr_singles_pricing_p2a/priced_00400.parquet,outputs/p2a_singles2016/region_live_v1/welfare_m08_v1/attempts/20260824T122107Z_607652_3bb1ace789004c9290193662e057cb48_u6dgates5_STOPPED_QW-ALIGN/basis_build/notebook_dev_101/fr_singles_pricing_p2a/priced_00400.parquet,UNTRACKED,parquet,546576,5f3506afee693a96c69b81961d19f15e1b6b6e2c5a6f7c2cd9d28cebccb6aea6,??,,False,False,False,False,False,False,False,,,HOLD,"Attempt directory name carries a stopped/non-terminal marker (STOPPED_QW-ALIGN, a QW-alignment halt, not an error); not accepted, not cited by reference corpus. Live U6-D evidence, still awaiting deputy ratification.",None pending clarification.,N/A (HOLD)
MNL,C:/Users/hisham/Repo/MNL/outputs/p2a_singles2016/region_live_v1/welfare_m08_v1/attempts/20260824T122107Z_607652_3bb1ace789004c9290193662e057cb48_u6dgates5_STOPPED_QW-ALIGN/basis_build/notebook_dev_101/fr_singles_pricing_p2a/priced_00600.parquet,outputs/p2a_singles2016/region_live_v1/welfare_m08_v1/attempts/20260824T122107Z_607652_3bb1ace789004c9290193662e057cb48_u6dgates5_STOPPED_QW-ALIGN/basis_build/notebook_dev_101/fr_singles_pricing_p2a/priced_00600.parquet,UNTRACKED,parquet,577870,2722023948abcc8e069855773c33c062cf7bb91635ab3765875f05dfbdba0ce4,??,,False,False,False,False,False,False,False,,,HOLD,"Attempt directory name carries a stopped/non-terminal marker (STOPPED_QW-ALIGN, a QW-alignment halt, not an error); not accepted, not cited by reference corpus. Live U6-D evidence, still awaiting deputy ratification.",None pending clarification.,N/A (HOLD)
MNL,C:/Users/hisham/Repo/MNL/outputs/p2a_singles2016/region_live_v1/welfare_m08_v1/attempts/20260824T122107Z_607652_3bb1ace789004c9290193662e057cb48_u6dgates5_STOPPED_QW-ALIGN/basis_build/notebook_dev_101/fr_singles_pricing_p2a/priced_00800.parquet,outputs/p2a_singles2016/region_live_v1/welfare_m08_v1/attempts/20260824T122107Z_607652_3bb1ace789004c9290193662e057cb48_u6dgates5_STOPPED_QW-ALIGN/basis_build/notebook_dev_101/fr_singles_pricing_p2a/priced_00800.parquet,UNTRACKED,parquet,557627,134f4dc4b5e0d1dc1e6e3bb1f6b518f69c5eeff867bde9d5a5e081192dee7afa,??,,False,False,False,False,False,False,False,,,HOLD,"Attempt directory name carries a stopped/non-terminal marker (STOPPED_QW-ALIGN, a QW-alignment halt, not an error); not accepted, not cited by reference corpus. Live U6-D evidence, still awaiting deputy ratification.",None pending clarification.,N/A (HOLD)
MNL,C:/Users/hisham/Repo/MNL/outputs/p2a_singles2016/region_live_v1/welfare_m08_v1/attempts/20260824T122107Z_607652_3bb1ace789004c9290193662e057cb48_u6dgates5_STOPPED_QW-ALIGN/basis_build/notebook_dev_101/fr_singles_pricing_p2a/priced_01000.parquet,outputs/p2a_singles2016/region_live_v1/welfare_m08_v1/attempts/20260824T122107Z_607652_3bb1ace789004c9290193662e057cb48_u6dgates5_STOPPED_QW-ALIGN/basis_build/notebook_dev_101/fr_singles_pricing_p2a/priced_01000.parquet,UNTRACKED,parquet,553873,b1ff76a60fc56499ba78058fdd0cd4dbbd963e28bf29e2d864b8cb4a317f4bc0,??,,False,False,False,False,False,False,False,,,HOLD,"Attempt directory name carries a stopped/non-terminal marker (STOPPED_QW-ALIGN, a QW-alignment halt, not an error); not accepted, not cited by reference corpus. Live U6-D evidence, still awaiting deputy ratification.",None pending clarification.,N/A (HOLD)
MNL,C:/Users/hisham/Repo/MNL/outputs/p2a_singles2016/region_live_v1/welfare_m08_v1/attempts/20260824T122107Z_607652_3bb1ace789004c9290193662e057cb48_u6dgates5_STOPPED_QW-ALIGN/basis_build/notebook_dev_101/fr_singles_pricing_p2a/priced_01200.parquet,outputs/p2a_singles2016/region_live_v1/welfare_m08_v1/attempts/20260824T122107Z_607652_3bb1ace789004c9290193662e057cb48_u6dgates5_STOPPED_QW-ALIGN/basis_build/notebook_dev_101/fr_singles_pricing_p2a/priced_01200.parquet,UNTRACKED,parquet,555886,f698f6e08db15094665d86b7e3b81429cecb575cb852c8a878bed2c437d49315,??,,False,False,False,False,False,False,False,,,HOLD,"Attempt directory name carries a stopped/non-terminal marker (STOPPED_QW-ALIGN, a QW-alignment halt, not an error); not accepted, not cited by reference corpus. Live U6-D evidence, still awaiting deputy ratification.",None pending clarification.,N/A (HOLD)
MNL,C:/Users/hisham/Repo/MNL/outputs/p2a_singles2016/region_live_v1/welfare_m08_v1/attempts/20260824T122107Z_607652_3bb1ace789004c9290193662e057cb48_u6dgates5_STOPPED_QW-ALIGN/basis_build/notebook_dev_101/fr_singles_pricing_p2a/priced_01400.parquet,outputs/p2a_singles2016/region_live_v1/welfare_m08_v1/attempts/20260824T122107Z_607652_3bb1ace789004c9290193662e057cb48_u6dgates5_STOPPED_QW-ALIGN/basis_build/notebook_dev_101/fr_singles_pricing_p2a/priced_01400.parquet,UNTRACKED,parquet,445645,ce1bf828146e6234817fdbee6e311996caf12ab22ac495ba40425eb46248ca4c,??,,False,False,False,False,False,False,False,,,HOLD,"Attempt directory name carries a stopped/non-terminal marker (STOPPED_QW-ALIGN, a QW-alignment halt, not an error); not accepted, not cited by reference corpus. Live U6-D evidence, still awaiting deputy ratification.",None pending clarification.,N/A (HOLD)
MNL,C:/Users/hisham/Repo/MNL/outputs/p2a_singles2016/region_live_v1/welfare_m08_v1/attempts/20260824T122450Z_283904_0afa71cb1a2f42bf807f60467a97dce9_u6dgates6_STOPPED_QW-ALIGN/u6d_gates_v1.json,outputs/p2a_singles2016/region_live_v1/welfare_m08_v1/attempts/20260824T122450Z_283904_0afa71cb1a2f42bf807f60467a97dce9_u6dgates6_STOPPED_QW-ALIGN/u6d_gates_v1.json,UNTRACKED,json,39126,bbfe5f9aeb5b5c5cc650f112cccacb5a43799939f80edd4e058c0a6438732edd,??,,False,False,False,False,False,False,False,,,HOLD,"Attempt directory name carries a stopped/non-terminal marker (STOPPED_QW-ALIGN); not accepted, not cited by reference corpus. Live U6-D evidence, still awaiting deputy ratification.",None pending clarification.,N/A (HOLD)
MNL,C:/Users/hisham/Repo/MNL/outputs/p2a_singles2016/region_live_v1/welfare_m08_v1/attempts/20260824T122450Z_283904_0afa71cb1a2f42bf807f60467a97dce9_u6dgates6_STOPPED_QW-ALIGN/basis_build/notebook_dev_101/fr_singles_engine_ready_p2a_bpool.parquet,outputs/p2a_singles2016/region_live_v1/welfare_m08_v1/attempts/20260824T122450Z_283904_0afa71cb1a2f42bf807f60467a97dce9_u6dgates6_STOPPED_QW-ALIGN/basis_build/notebook_dev_101/fr_singles_engine_ready_p2a_bpool.parquet,UNTRACKED,parquet,21227125,a3c63c45edd9ce208747b7eca5ec625e948507c0980d56f93ded40d7b904beff,??,,False,False,False,False,False,False,False,,,HOLD,"Attempt directory name carries a stopped/non-terminal marker (STOPPED_QW-ALIGN); not accepted, not cited by reference corpus. Live U6-D evidence, still awaiting deputy ratification.",None pending clarification.,N/A (HOLD)
MNL,C:/Users/hisham/Repo/MNL/outputs/p2a_singles2016/region_live_v1/welfare_m08_v1/attempts/20260824T122450Z_283904_0afa71cb1a2f42bf807f60467a97dce9_u6dgates6_STOPPED_QW-ALIGN/basis_build/notebook_dev_101/fr_singles_pricing_p2a/priced_00000.parquet,outputs/p2a_singles2016/region_live_v1/welfare_m08_v1/attempts/20260824T122450Z_283904_0afa71cb1a2f42bf807f60467a97dce9_u6dgates6_STOPPED_QW-ALIGN/basis_build/notebook_dev_101/fr_singles_pricing_p2a/priced_00000.parquet,UNTRACKED,parquet,566230,2e8976aacfe1a00b6bf3bd68f129a9831d307cb58c9a273532972646c8fd3918,??,,False,False,False,False,False,False,False,,,HOLD,"Attempt directory name carries a stopped/non-terminal marker (STOPPED_QW-ALIGN); not accepted, not cited by reference corpus. Live U6-D evidence, still awaiting deputy ratification.",None pending clarification.,N/A (HOLD)
MNL,C:/Users/hisham/Repo/MNL/outputs/p2a_singles2016/region_live_v1/welfare_m08_v1/attempts/20260824T122450Z_283904_0afa71cb1a2f42bf807f60467a97dce9_u6dgates6_STOPPED_QW-ALIGN/basis_build/notebook_dev_101/fr_singles_pricing_p2a/priced_00200.parquet,outputs/p2a_singles2016/region_live_v1/welfare_m08_v1/attempts/20260824T122450Z_283904_0afa71cb1a2f42bf807f60467a97dce9_u6dgates6_STOPPED_QW-ALIGN/basis_build/notebook_dev_101/fr_singles_pricing_p2a/priced_00200.parquet,UNTRACKED,parquet,574066,f026a65b04a64364badeb688a0feef109b3a585c69fec387517411ad86379f5d,??,,False,False,False,False,False,False,False,,,HOLD,"Attempt directory name carries a stopped/non-terminal marker (STOPPED_QW-ALIGN); not accepted, not cited by reference corpus. Live U6-D evidence, still awaiting deputy ratification.",None pending clarification.,N/A (HOLD)
MNL,C:/Users/hisham/Repo/MNL/outputs/p2a_singles2016/region_live_v1/welfare_m08_v1/attempts/20260824T122450Z_283904_0afa71cb1a2f42bf807f60467a97dce9_u6dgates6_STOPPED_QW-ALIGN/basis_build/notebook_dev_101/fr_singles_pricing_p2a/priced_00400.parquet,outputs/p2a_singles2016/region_live_v1/welfare_m08_v1/attempts/20260824T122450Z_283904_0afa71cb1a2f42bf807f60467a97dce9_u6dgates6_STOPPED_QW-ALIGN/basis_build/notebook_dev_101/fr_singles_pricing_p2a/priced_00400.parquet,UNTRACKED,parquet,546576,5f3506afee693a96c69b81961d19f15e1b6b6e2c5a6f7c2cd9d28cebccb6aea6,??,,False,False,False,False,False,False,False,,,HOLD,"Attempt directory name carries a stopped/non-terminal marker (STOPPED_QW-ALIGN); not accepted, not cited by reference corpus. Live U6-D evidence, still awaiting deputy ratification.",None pending clarification.,N/A (HOLD)
MNL,C:/Users/hisham/Repo/MNL/outputs/p2a_singles2016/region_live_v1/welfare_m08_v1/attempts/20260824T122450Z_283904_0afa71cb1a2f42bf807f60467a97dce9_u6dgates6_STOPPED_QW-ALIGN/basis_build/notebook_dev_101/fr_singles_pricing_p2a/priced_00600.parquet,outputs/p2a_singles2016/region_live_v1/welfare_m08_v1/attempts/20260824T122450Z_283904_0afa71cb1a2f42bf807f60467a97dce9_u6dgates6_STOPPED_QW-ALIGN/basis_build/notebook_dev_101/fr_singles_pricing_p2a/priced_00600.parquet,UNTRACKED,parquet,577870,2722023948abcc8e069855773c33c062cf7bb91635ab3765875f05dfbdba0ce4,??,,False,False,False,False,False,False,False,,,HOLD,"Attempt directory name carries a stopped/non-terminal marker (STOPPED_QW-ALIGN); not accepted, not cited by reference corpus. Live U6-D evidence, still awaiting deputy ratification.",None pending clarification.,N/A (HOLD)
MNL,C:/Users/hisham/Repo/MNL/outputs/p2a_singles2016/region_live_v1/welfare_m08_v1/attempts/20260824T122450Z_283904_0afa71cb1a2f42bf807f60467a97dce9_u6dgates6_STOPPED_QW-ALIGN/basis_build/notebook_dev_101/fr_singles_pricing_p2a/priced_00800.parquet,outputs/p2a_singles2016/region_live_v1/welfare_m08_v1/attempts/20260824T122450Z_283904_0afa71cb1a2f42bf807f60467a97dce9_u6dgates6_STOPPED_QW-ALIGN/basis_build/notebook_dev_101/fr_singles_pricing_p2a/priced_00800.parquet,UNTRACKED,parquet,557627,134f4dc4b5e0d1dc1e6e3bb1f6b518f69c5eeff867bde9d5a5e081192dee7afa,??,,False,False,False,False,False,False,False,,,HOLD,"Attempt directory name carries a stopped/non-terminal marker (STOPPED_QW-ALIGN); not accepted, not cited by reference corpus. Live U6-D evidence, still awaiting deputy ratification.",None pending clarification.,N/A (HOLD)
MNL,C:/Users/hisham/Repo/MNL/outputs/p2a_singles2016/region_live_v1/welfare_m08_v1/attempts/20260824T122450Z_283904_0afa71cb1a2f42bf807f60467a97dce9_u6dgates6_STOPPED_QW-ALIGN/basis_build/notebook_dev_101/fr_singles_pricing_p2a/priced_01000.parquet,outputs/p2a_singles2016/region_live_v1/welfare_m08_v1/attempts/20260824T122450Z_283904_0afa71cb1a2f42bf807f60467a97dce9_u6dgates6_STOPPED_QW-ALIGN/basis_build/notebook_dev_101/fr_singles_pricing_p2a/priced_01000.parquet,UNTRACKED,parquet,553873,b1ff76a60fc56499ba78058fdd0cd4dbbd963e28bf29e2d864b8cb4a317f4bc0,??,,False,False,False,False,False,False,False,,,HOLD,"Attempt directory name carries a stopped/non-terminal marker (STOPPED_QW-ALIGN); not accepted, not cited by reference corpus. Live U6-D evidence, still awaiting deputy ratification.",None pending clarification.,N/A (HOLD)
MNL,C:/Users/hisham/Repo/MNL/outputs/p2a_singles2016/region_live_v1/welfare_m08_v1/attempts/20260824T122450Z_283904_0afa71cb1a2f42bf807f60467a97dce9_u6dgates6_STOPPED_QW-ALIGN/basis_build/notebook_dev_101/fr_singles_pricing_p2a/priced_01200.parquet,outputs/p2a_singles2016/region_live_v1/welfare_m08_v1/attempts/20260824T122450Z_283904_0afa71cb1a2f42bf807f60467a97dce9_u6dgates6_STOPPED_QW-ALIGN/basis_build/notebook_dev_101/fr_singles_pricing_p2a/priced_01200.parquet,UNTRACKED,parquet,555886,f698f6e08db15094665d86b7e3b81429cecb575cb852c8a878bed2c437d49315,??,,False,False,False,False,False,False,False,,,HOLD,"Attempt directory name carries a stopped/non-terminal marker (STOPPED_QW-ALIGN); not accepted, not cited by reference corpus. Live U6-D evidence, still awaiting deputy ratification.",None pending clarification.,N/A (HOLD)
MNL,C:/Users/hisham/Repo/MNL/outputs/p2a_singles2016/region_live_v1/welfare_m08_v1/attempts/20260824T122450Z_283904_0afa71cb1a2f42bf807f60467a97dce9_u6dgates6_STOPPED_QW-ALIGN/basis_build/notebook_dev_101/fr_singles_pricing_p2a/priced_01400.parquet,outputs/p2a_singles2016/region_live_v1/welfare_m08_v1/attempts/20260824T122450Z_283904_0afa71cb1a2f42bf807f60467a97dce9_u6dgates6_STOPPED_QW-ALIGN/basis_build/notebook_dev_101/fr_singles_pricing_p2a/priced_01400.parquet,UNTRACKED,parquet,445645,ce1bf828146e6234817fdbee6e311996caf12ab22ac495ba40425eb46248ca4c,??,,False,False,False,False,False,False,False,,,HOLD,"Attempt directory name carries a stopped/non-terminal marker (STOPPED_QW-ALIGN); not accepted, not cited by reference corpus. Live U6-D evidence, still awaiting deputy ratification.",None pending clarification.,N/A (HOLD)
MNL,C:/Users/hisham/Repo/MNL/outputs/p2a_singles2016/region_live_v1/welfare_m08_v1/attempts/20260824T122609Z_495004_13d56c49f5ff44a0a1d9a6879865d0f6_u6dgates7_U6D_GATES_DONE/u6d_gates_v1.json,outputs/p2a_singles2016/region_live_v1/welfare_m08_v1/attempts/20260824T122609Z_495004_13d56c49f5ff44a0a1d9a6879865d0f6_u6dgates7_U6D_GATES_DONE/u6d_gates_v1.json,UNTRACKED,json,300625,55ce076311026d3b6a741019a398af4c215557f0cad78639143de22fce076695,??,,False,False,False,False,False,False,False,,,HOLD,"Attempt directory name carries a completion marker (U6D_GATES_DONE), but this is live U6-D evidence still awaiting deputy ratification / U6-E independent review. Per the binding ruling (s3.2) a completion marker alone does not make an artifact an ""accepted attempt record""; per this mission's explicit instruction, live U6-D evidence must NEVER be classified HISTORICAL_IMMUTABLE_IN_PLACE merely because pricing/gates for that attempt have stopped. This departs from v1's own precedent for earlier DONE-marked u6d attempts (u6dpilot, u6dgates3) which v1 classified HISTORICAL_IMMUTABLE_IN_PLACE -- flagged as a governance gap in the delta summary. No reference-corpus citation found. HOLD pending deputy disposition of the whole U6-D evidence chain.",None pending clarification.,N/A (HOLD)
MNL,C:/Users/hisham/Repo/MNL/outputs/p2a_singles2016/region_live_v1/welfare_m08_v1/attempts/20260824T122609Z_495004_13d56c49f5ff44a0a1d9a6879865d0f6_u6dgates7_U6D_GATES_DONE/basis_build/notebook_dev_101/fr_singles_engine_ready_p2a_bpool.parquet,outputs/p2a_singles2016/region_live_v1/welfare_m08_v1/attempts/20260824T122609Z_495004_13d56c49f5ff44a0a1d9a6879865d0f6_u6dgates7_U6D_GATES_DONE/basis_build/notebook_dev_101/fr_singles_engine_ready_p2a_bpool.parquet,UNTRACKED,parquet,21227125,a3c63c45edd9ce208747b7eca5ec625e948507c0980d56f93ded40d7b904beff,??,,False,False,False,False,False,False,False,,,HOLD,"Attempt directory name carries a completion marker (U6D_GATES_DONE), but this is live U6-D evidence still awaiting deputy ratification / U6-E independent review. Per the binding ruling (s3.2) a completion marker alone does not make an artifact an ""accepted attempt record""; per this mission's explicit instruction, live U6-D evidence must NEVER be classified HISTORICAL_IMMUTABLE_IN_PLACE merely because pricing/gates for that attempt have stopped. This departs from v1's own precedent for earlier DONE-marked u6d attempts (u6dpilot, u6dgates3) which v1 classified HISTORICAL_IMMUTABLE_IN_PLACE -- flagged as a governance gap in the delta summary. No reference-corpus citation found. HOLD pending deputy disposition of the whole U6-D evidence chain.",None pending clarification.,N/A (HOLD)
MNL,C:/Users/hisham/Repo/MNL/outputs/p2a_singles2016/region_live_v1/welfare_m08_v1/attempts/20260824T122609Z_495004_13d56c49f5ff44a0a1d9a6879865d0f6_u6dgates7_U6D_GATES_DONE/basis_build/notebook_dev_101/fr_singles_pricing_p2a/priced_00000.parquet,outputs/p2a_singles2016/region_live_v1/welfare_m08_v1/attempts/20260824T122609Z_495004_13d56c49f5ff44a0a1d9a6879865d0f6_u6dgates7_U6D_GATES_DONE/basis_build/notebook_dev_101/fr_singles_pricing_p2a/priced_00000.parquet,UNTRACKED,parquet,566230,2e8976aacfe1a00b6bf3bd68f129a9831d307cb58c9a273532972646c8fd3918,??,,False,False,False,False,False,False,False,,,HOLD,"Attempt directory name carries a completion marker (U6D_GATES_DONE), but this is live U6-D evidence still awaiting deputy ratification / U6-E independent review. Per the binding ruling (s3.2) a completion marker alone does not make an artifact an ""accepted attempt record""; per this mission's explicit instruction, live U6-D evidence must NEVER be classified HISTORICAL_IMMUTABLE_IN_PLACE merely because pricing/gates for that attempt have stopped. This departs from v1's own precedent for earlier DONE-marked u6d attempts (u6dpilot, u6dgates3) which v1 classified HISTORICAL_IMMUTABLE_IN_PLACE -- flagged as a governance gap in the delta summary. No reference-corpus citation found. HOLD pending deputy disposition of the whole U6-D evidence chain.",None pending clarification.,N/A (HOLD)
MNL,C:/Users/hisham/Repo/MNL/outputs/p2a_singles2016/region_live_v1/welfare_m08_v1/attempts/20260824T122609Z_495004_13d56c49f5ff44a0a1d9a6879865d0f6_u6dgates7_U6D_GATES_DONE/basis_build/notebook_dev_101/fr_singles_pricing_p2a/priced_00200.parquet,outputs/p2a_singles2016/region_live_v1/welfare_m08_v1/attempts/20260824T122609Z_495004_13d56c49f5ff44a0a1d9a6879865d0f6_u6dgates7_U6D_GATES_DONE/basis_build/notebook_dev_101/fr_singles_pricing_p2a/priced_00200.parquet,UNTRACKED,parquet,574066,f026a65b04a64364badeb688a0feef109b3a585c69fec387517411ad86379f5d,??,,False,False,False,False,False,False,False,,,HOLD,"Attempt directory name carries a completion marker (U6D_GATES_DONE), but this is live U6-D evidence still awaiting deputy ratification / U6-E independent review. Per the binding ruling (s3.2) a completion marker alone does not make an artifact an ""accepted attempt record""; per this mission's explicit instruction, live U6-D evidence must NEVER be classified HISTORICAL_IMMUTABLE_IN_PLACE merely because pricing/gates for that attempt have stopped. This departs from v1's own precedent for earlier DONE-marked u6d attempts (u6dpilot, u6dgates3) which v1 classified HISTORICAL_IMMUTABLE_IN_PLACE -- flagged as a governance gap in the delta summary. No reference-corpus citation found. HOLD pending deputy disposition of the whole U6-D evidence chain.",None pending clarification.,N/A (HOLD)
MNL,C:/Users/hisham/Repo/MNL/outputs/p2a_singles2016/region_live_v1/welfare_m08_v1/attempts/20260824T122609Z_495004_13d56c49f5ff44a0a1d9a6879865d0f6_u6dgates7_U6D_GATES_DONE/basis_build/notebook_dev_101/fr_singles_pricing_p2a/priced_00400.parquet,outputs/p2a_singles2016/region_live_v1/welfare_m08_v1/attempts/20260824T122609Z_495004_13d56c49f5ff44a0a1d9a6879865d0f6_u6dgates7_U6D_GATES_DONE/basis_build/notebook_dev_101/fr_singles_pricing_p2a/priced_00400.parquet,UNTRACKED,parquet,546576,5f3506afee693a96c69b81961d19f15e1b6b6e2c5a6f7c2cd9d28cebccb6aea6,??,,False,False,False,False,False,False,False,,,HOLD,"Attempt directory name carries a completion marker (U6D_GATES_DONE), but this is live U6-D evidence still awaiting deputy ratification / U6-E independent review. Per the binding ruling (s3.2) a completion marker alone does not make an artifact an ""accepted attempt record""; per this mission's explicit instruction, live U6-D evidence must NEVER be classified HISTORICAL_IMMUTABLE_IN_PLACE merely because pricing/gates for that attempt have stopped. This departs from v1's own precedent for earlier DONE-marked u6d attempts (u6dpilot, u6dgates3) which v1 classified HISTORICAL_IMMUTABLE_IN_PLACE -- flagged as a governance gap in the delta summary. No reference-corpus citation found. HOLD pending deputy disposition of the whole U6-D evidence chain.",None pending clarification.,N/A (HOLD)
MNL,C:/Users/hisham/Repo/MNL/outputs/p2a_singles2016/region_live_v1/welfare_m08_v1/attempts/20260824T122609Z_495004_13d56c49f5ff44a0a1d9a6879865d0f6_u6dgates7_U6D_GATES_DONE/basis_build/notebook_dev_101/fr_singles_pricing_p2a/priced_00600.parquet,outputs/p2a_singles2016/region_live_v1/welfare_m08_v1/attempts/20260824T122609Z_495004_13d56c49f5ff44a0a1d9a6879865d0f6_u6dgates7_U6D_GATES_DONE/basis_build/notebook_dev_101/fr_singles_pricing_p2a/priced_00600.parquet,UNTRACKED,parquet,577870,2722023948abcc8e069855773c33c062cf7bb91635ab3765875f05dfbdba0ce4,??,,False,False,False,False,False,False,False,,,HOLD,"Attempt directory name carries a completion marker (U6D_GATES_DONE), but this is live U6-D evidence still awaiting deputy ratification / U6-E independent review. Per the binding ruling (s3.2) a completion marker alone does not make an artifact an ""accepted attempt record""; per this mission's explicit instruction, live U6-D evidence must NEVER be classified HISTORICAL_IMMUTABLE_IN_PLACE merely because pricing/gates for that attempt have stopped. This departs from v1's own precedent for earlier DONE-marked u6d attempts (u6dpilot, u6dgates3) which v1 classified HISTORICAL_IMMUTABLE_IN_PLACE -- flagged as a governance gap in the delta summary. No reference-corpus citation found. HOLD pending deputy disposition of the whole U6-D evidence chain.",None pending clarification.,N/A (HOLD)
MNL,C:/Users/hisham/Repo/MNL/outputs/p2a_singles2016/region_live_v1/welfare_m08_v1/attempts/20260824T122609Z_495004_13d56c49f5ff44a0a1d9a6879865d0f6_u6dgates7_U6D_GATES_DONE/basis_build/notebook_dev_101/fr_singles_pricing_p2a/priced_00800.parquet,outputs/p2a_singles2016/region_live_v1/welfare_m08_v1/attempts/20260824T122609Z_495004_13d56c49f5ff44a0a1d9a6879865d0f6_u6dgates7_U6D_GATES_DONE/basis_build/notebook_dev_101/fr_singles_pricing_p2a/priced_00800.parquet,UNTRACKED,parquet,557627,134f4dc4b5e0d1dc1e6e3bb1f6b518f69c5eeff867bde9d5a5e081192dee7afa,??,,False,False,False,False,False,False,False,,,HOLD,"Attempt directory name carries a completion marker (U6D_GATES_DONE), but this is live U6-D evidence still awaiting deputy ratification / U6-E independent review. Per the binding ruling (s3.2) a completion marker alone does not make an artifact an ""accepted attempt record""; per this mission's explicit instruction, live U6-D evidence must NEVER be classified HISTORICAL_IMMUTABLE_IN_PLACE merely because pricing/gates for that attempt have stopped. This departs from v1's own precedent for earlier DONE-marked u6d attempts (u6dpilot, u6dgates3) which v1 classified HISTORICAL_IMMUTABLE_IN_PLACE -- flagged as a governance gap in the delta summary. No reference-corpus citation found. HOLD pending deputy disposition of the whole U6-D evidence chain.",None pending clarification.,N/A (HOLD)
MNL,C:/Users/hisham/Repo/MNL/outputs/p2a_singles2016/region_live_v1/welfare_m08_v1/attempts/20260824T122609Z_495004_13d56c49f5ff44a0a1d9a6879865d0f6_u6dgates7_U6D_GATES_DONE/basis_build/notebook_dev_101/fr_singles_pricing_p2a/priced_01000.parquet,outputs/p2a_singles2016/region_live_v1/welfare_m08_v1/attempts/20260824T122609Z_495004_13d56c49f5ff44a0a1d9a6879865d0f6_u6dgates7_U6D_GATES_DONE/basis_build/notebook_dev_101/fr_singles_pricing_p2a/priced_01000.parquet,UNTRACKED,parquet,553873,b1ff76a60fc56499ba78058fdd0cd4dbbd963e28bf29e2d864b8cb4a317f4bc0,??,,False,False,False,False,False,False,False,,,HOLD,"Attempt directory name carries a completion marker (U6D_GATES_DONE), but this is live U6-D evidence still awaiting deputy ratification / U6-E independent review. Per the binding ruling (s3.2) a completion marker alone does not make an artifact an ""accepted attempt record""; per this mission's explicit instruction, live U6-D evidence must NEVER be classified HISTORICAL_IMMUTABLE_IN_PLACE merely because pricing/gates for that attempt have stopped. This departs from v1's own precedent for earlier DONE-marked u6d attempts (u6dpilot, u6dgates3) which v1 classified HISTORICAL_IMMUTABLE_IN_PLACE -- flagged as a governance gap in the delta summary. No reference-corpus citation found. HOLD pending deputy disposition of the whole U6-D evidence chain.",None pending clarification.,N/A (HOLD)
MNL,C:/Users/hisham/Repo/MNL/outputs/p2a_singles2016/region_live_v1/welfare_m08_v1/attempts/20260824T122609Z_495004_13d56c49f5ff44a0a1d9a6879865d0f6_u6dgates7_U6D_GATES_DONE/basis_build/notebook_dev_101/fr_singles_pricing_p2a/priced_01200.parquet,outputs/p2a_singles2016/region_live_v1/welfare_m08_v1/attempts/20260824T122609Z_495004_13d56c49f5ff44a0a1d9a6879865d0f6_u6dgates7_U6D_GATES_DONE/basis_build/notebook_dev_101/fr_singles_pricing_p2a/priced_01200.parquet,UNTRACKED,parquet,555886,f698f6e08db15094665d86b7e3b81429cecb575cb852c8a878bed2c437d49315,??,,False,False,False,False,False,False,False,,,HOLD,"Attempt directory name carries a completion marker (U6D_GATES_DONE), but this is live U6-D evidence still awaiting deputy ratification / U6-E independent review. Per the binding ruling (s3.2) a completion marker alone does not make an artifact an ""accepted attempt record""; per this mission's explicit instruction, live U6-D evidence must NEVER be classified HISTORICAL_IMMUTABLE_IN_PLACE merely because pricing/gates for that attempt have stopped. This departs from v1's own precedent for earlier DONE-marked u6d attempts (u6dpilot, u6dgates3) which v1 classified HISTORICAL_IMMUTABLE_IN_PLACE -- flagged as a governance gap in the delta summary. No reference-corpus citation found. HOLD pending deputy disposition of the whole U6-D evidence chain.",None pending clarification.,N/A (HOLD)
MNL,C:/Users/hisham/Repo/MNL/outputs/p2a_singles2016/region_live_v1/welfare_m08_v1/attempts/20260824T122609Z_495004_13d56c49f5ff44a0a1d9a6879865d0f6_u6dgates7_U6D_GATES_DONE/basis_build/notebook_dev_101/fr_singles_pricing_p2a/priced_01400.parquet,outputs/p2a_singles2016/region_live_v1/welfare_m08_v1/attempts/20260824T122609Z_495004_13d56c49f5ff44a0a1d9a6879865d0f6_u6dgates7_U6D_GATES_DONE/basis_build/notebook_dev_101/fr_singles_pricing_p2a/priced_01400.parquet,UNTRACKED,parquet,445645,ce1bf828146e6234817fdbee6e311996caf12ab22ac495ba40425eb46248ca4c,??,,False,False,False,False,False,False,False,,,HOLD,"Attempt directory name carries a completion marker (U6D_GATES_DONE), but this is live U6-D evidence still awaiting deputy ratification / U6-E independent review. Per the binding ruling (s3.2) a completion marker alone does not make an artifact an ""accepted attempt record""; per this mission's explicit instruction, live U6-D evidence must NEVER be classified HISTORICAL_IMMUTABLE_IN_PLACE merely because pricing/gates for that attempt have stopped. This departs from v1's own precedent for earlier DONE-marked u6d attempts (u6dpilot, u6dgates3) which v1 classified HISTORICAL_IMMUTABLE_IN_PLACE -- flagged as a governance gap in the delta summary. No reference-corpus citation found. HOLD pending deputy disposition of the whole U6-D evidence chain.",None pending clarification.,N/A (HOLD)
MNL,C:/Users/hisham/Repo/MNL/outputs/p2a_singles2016/region_live_v1/welfare_m08_v1/attempts/20260824T122609Z_495004_13d56c49f5ff44a0a1d9a6879865d0f6_u6dgates7_U6D_GATES_DONE/basis_build/notebook_dev_201/fr_singles_engine_ready_p2a_bpool.parquet,outputs/p2a_singles2016/region_live_v1/welfare_m08_v1/attempts/20260824T122609Z_495004_13d56c49f5ff44a0a1d9a6879865d0f6_u6dgates7_U6D_GATES_DONE/basis_build/notebook_dev_201/fr_singles_engine_ready_p2a_bpool.parquet,UNTRACKED,parquet,38099980,13e0473ee6c985a27bc9e079dbeb175d8e0a5ca6edf4b4616a976c000eac462f,??,,False,False,False,False,False,False,False,,,HOLD,"Attempt directory name carries a completion marker (U6D_GATES_DONE), but this is live U6-D evidence still awaiting deputy ratification / U6-E independent review. Per the binding ruling (s3.2) a completion marker alone does not make an artifact an ""accepted attempt record""; per this mission's explicit instruction, live U6-D evidence must NEVER be classified HISTORICAL_IMMUTABLE_IN_PLACE merely because pricing/gates for that attempt have stopped. This departs from v1's own precedent for earlier DONE-marked u6d attempts (u6dpilot, u6dgates3) which v1 classified HISTORICAL_IMMUTABLE_IN_PLACE -- flagged as a governance gap in the delta summary. No reference-corpus citation found. HOLD pending deputy disposition of the whole U6-D evidence chain.",None pending clarification.,N/A (HOLD)
MNL,C:/Users/hisham/Repo/MNL/outputs/p2a_singles2016/region_live_v1/welfare_m08_v1/attempts/20260824T122609Z_495004_13d56c49f5ff44a0a1d9a6879865d0f6_u6dgates7_U6D_GATES_DONE/basis_build/notebook_dev_201/fr_singles_pricing_p2a/priced_00000.parquet,outputs/p2a_singles2016/region_live_v1/welfare_m08_v1/attempts/20260824T122609Z_495004_13d56c49f5ff44a0a1d9a6879865d0f6_u6dgates7_U6D_GATES_DONE/basis_build/notebook_dev_201/fr_singles_pricing_p2a/priced_00000.parquet,UNTRACKED,parquet,995484,5a39e67da4345a8f832d27ea2ad0fc5a98c61ca810cd9cb04162da0cbe389da9,??,,False,False,False,False,False,False,False,,,HOLD,"Attempt directory name carries a completion marker (U6D_GATES_DONE), but this is live U6-D evidence still awaiting deputy ratification / U6-E independent review. Per the binding ruling (s3.2) a completion marker alone does not make an artifact an ""accepted attempt record""; per this mission's explicit instruction, live U6-D evidence must NEVER be classified HISTORICAL_IMMUTABLE_IN_PLACE merely because pricing/gates for that attempt have stopped. This departs from v1's own precedent for earlier DONE-marked u6d attempts (u6dpilot, u6dgates3) which v1 classified HISTORICAL_IMMUTABLE_IN_PLACE -- flagged as a governance gap in the delta summary. No reference-corpus citation found. HOLD pending deputy disposition of the whole U6-D evidence chain.",None pending clarification.,N/A (HOLD)
MNL,C:/Users/hisham/Repo/MNL/outputs/p2a_singles2016/region_live_v1/welfare_m08_v1/attempts/20260824T122609Z_495004_13d56c49f5ff44a0a1d9a6879865d0f6_u6dgates7_U6D_GATES_DONE/basis_build/notebook_dev_201/fr_singles_pricing_p2a/priced_00200.parquet,outputs/p2a_singles2016/region_live_v1/welfare_m08_v1/attempts/20260824T122609Z_495004_13d56c49f5ff44a0a1d9a6879865d0f6_u6dgates7_U6D_GATES_DONE/basis_build/notebook_dev_201/fr_singles_pricing_p2a/priced_00200.parquet,UNTRACKED,parquet,1008088,13aac85ccaf63aaddb4ef3293bf49873b517f17d786f2504c78121b96d836a34,??,,False,False,False,False,False,False,False,,,HOLD,"Attempt directory name carries a completion marker (U6D_GATES_DONE), but this is live U6-D evidence still awaiting deputy ratification / U6-E independent review. Per the binding ruling (s3.2) a completion marker alone does not make an artifact an ""accepted attempt record""; per this mission's explicit instruction, live U6-D evidence must NEVER be classified HISTORICAL_IMMUTABLE_IN_PLACE merely because pricing/gates for that attempt have stopped. This departs from v1's own precedent for earlier DONE-marked u6d attempts (u6dpilot, u6dgates3) which v1 classified HISTORICAL_IMMUTABLE_IN_PLACE -- flagged as a governance gap in the delta summary. No reference-corpus citation found. HOLD pending deputy disposition of the whole U6-D evidence chain.",None pending clarification.,N/A (HOLD)
MNL,C:/Users/hisham/Repo/MNL/outputs/p2a_singles2016/region_live_v1/welfare_m08_v1/attempts/20260824T122609Z_495004_13d56c49f5ff44a0a1d9a6879865d0f6_u6dgates7_U6D_GATES_DONE/basis_build/notebook_dev_201/fr_singles_pricing_p2a/priced_00400.parquet,outputs/p2a_singles2016/region_live_v1/welfare_m08_v1/attempts/20260824T122609Z_495004_13d56c49f5ff44a0a1d9a6879865d0f6_u6dgates7_U6D_GATES_DONE/basis_build/notebook_dev_201/fr_singles_pricing_p2a/priced_00400.parquet,UNTRACKED,parquet,953221,b7d4951d54f6ca00c24d9eb05ded4604d33cddc7f09939057166ec9fe36e7b33,??,,False,False,False,False,False,False,False,,,HOLD,"Attempt directory name carries a completion marker (U6D_GATES_DONE), but this is live U6-D evidence still awaiting deputy ratification / U6-E independent review. Per the binding ruling (s3.2) a completion marker alone does not make an artifact an ""accepted attempt record""; per this mission's explicit instruction, live U6-D evidence must NEVER be classified HISTORICAL_IMMUTABLE_IN_PLACE merely because pricing/gates for that attempt have stopped. This departs from v1's own precedent for earlier DONE-marked u6d attempts (u6dpilot, u6dgates3) which v1 classified HISTORICAL_IMMUTABLE_IN_PLACE -- flagged as a governance gap in the delta summary. No reference-corpus citation found. HOLD pending deputy disposition of the whole U6-D evidence chain.",None pending clarification.,N/A (HOLD)
MNL,C:/Users/hisham/Repo/MNL/outputs/p2a_singles2016/region_live_v1/welfare_m08_v1/attempts/20260824T122609Z_495004_13d56c49f5ff44a0a1d9a6879865d0f6_u6dgates7_U6D_GATES_DONE/basis_build/notebook_dev_201/fr_singles_pricing_p2a/priced_00600.parquet,outputs/p2a_singles2016/region_live_v1/welfare_m08_v1/attempts/20260824T122609Z_495004_13d56c49f5ff44a0a1d9a6879865d0f6_u6dgates7_U6D_GATES_DONE/basis_build/notebook_dev_201/fr_singles_pricing_p2a/priced_00600.parquet,UNTRACKED,parquet,1019298,f858a1a2bec6d45a52311d775b4b61a7ca050ac4648aa663c3fd98b352ebbd70,??,,False,False,False,False,False,False,False,,,HOLD,"Attempt directory name carries a completion marker (U6D_GATES_DONE), but this is live U6-D evidence still awaiting deputy ratification / U6-E independent review. Per the binding ruling (s3.2) a completion marker alone does not make an artifact an ""accepted attempt record""; per this mission's explicit instruction, live U6-D evidence must NEVER be classified HISTORICAL_IMMUTABLE_IN_PLACE merely because pricing/gates for that attempt have stopped. This departs from v1's own precedent for earlier DONE-marked u6d attempts (u6dpilot, u6dgates3) which v1 classified HISTORICAL_IMMUTABLE_IN_PLACE -- flagged as a governance gap in the delta summary. No reference-corpus citation found. HOLD pending deputy disposition of the whole U6-D evidence chain.",None pending clarification.,N/A (HOLD)
MNL,C:/Users/hisham/Repo/MNL/outputs/p2a_singles2016/region_live_v1/welfare_m08_v1/attempts/20260824T122609Z_495004_13d56c49f5ff44a0a1d9a6879865d0f6_u6dgates7_U6D_GATES_DONE/basis_build/notebook_dev_201/fr_singles_pricing_p2a/priced_00800.parquet,outputs/p2a_singles2016/region_live_v1/welfare_m08_v1/attempts/20260824T122609Z_495004_13d56c49f5ff44a0a1d9a6879865d0f6_u6dgates7_U6D_GATES_DONE/basis_build/notebook_dev_201/fr_singles_pricing_p2a/priced_00800.parquet,UNTRACKED,parquet,981200,d71e6b6d093e5c3e63220641659f3752ad799e9691c70e4a12aaca680f92a4cf,??,,False,False,False,False,False,False,False,,,HOLD,"Attempt directory name carries a completion marker (U6D_GATES_DONE), but this is live U6-D evidence still awaiting deputy ratification / U6-E independent review. Per the binding ruling (s3.2) a completion marker alone does not make an artifact an ""accepted attempt record""; per this mission's explicit instruction, live U6-D evidence must NEVER be classified HISTORICAL_IMMUTABLE_IN_PLACE merely because pricing/gates for that attempt have stopped. This departs from v1's own precedent for earlier DONE-marked u6d attempts (u6dpilot, u6dgates3) which v1 classified HISTORICAL_IMMUTABLE_IN_PLACE -- flagged as a governance gap in the delta summary. No reference-corpus citation found. HOLD pending deputy disposition of the whole U6-D evidence chain.",None pending clarification.,N/A (HOLD)
MNL,C:/Users/hisham/Repo/MNL/outputs/p2a_singles2016/region_live_v1/welfare_m08_v1/attempts/20260824T122609Z_495004_13d56c49f5ff44a0a1d9a6879865d0f6_u6dgates7_U6D_GATES_DONE/basis_build/notebook_dev_201/fr_singles_pricing_p2a/priced_01000.parquet,outputs/p2a_singles2016/region_live_v1/welfare_m08_v1/attempts/20260824T122609Z_495004_13d56c49f5ff44a0a1d9a6879865d0f6_u6dgates7_U6D_GATES_DONE/basis_build/notebook_dev_201/fr_singles_pricing_p2a/priced_01000.parquet,UNTRACKED,parquet,970552,4e31fce8fc58684371036e190e74fb192e5805501c378316744942a5801cb153,??,,False,False,False,False,False,False,False,,,HOLD,"Attempt directory name carries a completion marker (U6D_GATES_DONE), but this is live U6-D evidence still awaiting deputy ratification / U6-E independent review. Per the binding ruling (s3.2) a completion marker alone does not make an artifact an ""accepted attempt record""; per this mission's explicit instruction, live U6-D evidence must NEVER be classified HISTORICAL_IMMUTABLE_IN_PLACE merely because pricing/gates for that attempt have stopped. This departs from v1's own precedent for earlier DONE-marked u6d attempts (u6dpilot, u6dgates3) which v1 classified HISTORICAL_IMMUTABLE_IN_PLACE -- flagged as a governance gap in the delta summary. No reference-corpus citation found. HOLD pending deputy disposition of the whole U6-D evidence chain.",None pending clarification.,N/A (HOLD)
MNL,C:/Users/hisham/Repo/MNL/outputs/p2a_singles2016/region_live_v1/welfare_m08_v1/attempts/20260824T122609Z_495004_13d56c49f5ff44a0a1d9a6879865d0f6_u6dgates7_U6D_GATES_DONE/basis_build/notebook_dev_201/fr_singles_pricing_p2a/priced_01200.parquet,outputs/p2a_singles2016/region_live_v1/welfare_m08_v1/attempts/20260824T122609Z_495004_13d56c49f5ff44a0a1d9a6879865d0f6_u6dgates7_U6D_GATES_DONE/basis_build/notebook_dev_201/fr_singles_pricing_p2a/priced_01200.parquet,UNTRACKED,parquet,970906,6054f286da3269c1e93a8afc90dd2e313885d1a0f5e43150ebc6db05fb6ce2b0,??,,False,False,False,False,False,False,False,,,HOLD,"Attempt directory name carries a completion marker (U6D_GATES_DONE), but this is live U6-D evidence still awaiting deputy ratification / U6-E independent review. Per the binding ruling (s3.2) a completion marker alone does not make an artifact an ""accepted attempt record""; per this mission's explicit instruction, live U6-D evidence must NEVER be classified HISTORICAL_IMMUTABLE_IN_PLACE merely because pricing/gates for that attempt have stopped. This departs from v1's own precedent for earlier DONE-marked u6d attempts (u6dpilot, u6dgates3) which v1 classified HISTORICAL_IMMUTABLE_IN_PLACE -- flagged as a governance gap in the delta summary. No reference-corpus citation found. HOLD pending deputy disposition of the whole U6-D evidence chain.",None pending clarification.,N/A (HOLD)
MNL,C:/Users/hisham/Repo/MNL/outputs/p2a_singles2016/region_live_v1/welfare_m08_v1/attempts/20260824T122609Z_495004_13d56c49f5ff44a0a1d9a6879865d0f6_u6dgates7_U6D_GATES_DONE/basis_build/notebook_dev_201/fr_singles_pricing_p2a/priced_01400.parquet,outputs/p2a_singles2016/region_live_v1/welfare_m08_v1/attempts/20260824T122609Z_495004_13d56c49f5ff44a0a1d9a6879865d0f6_u6dgates7_U6D_GATES_DONE/basis_build/notebook_dev_201/fr_singles_pricing_p2a/priced_01400.parquet,UNTRACKED,parquet,780561,c943a58cb49d0b49729bf44f8fffea98cdf6e2cf672ee7942b154dee169c8035,??,,False,False,False,False,False,False,False,,,HOLD,"Attempt directory name carries a completion marker (U6D_GATES_DONE), but this is live U6-D evidence still awaiting deputy ratification / U6-E independent review. Per the binding ruling (s3.2) a completion marker alone does not make an artifact an ""accepted attempt record""; per this mission's explicit instruction, live U6-D evidence must NEVER be classified HISTORICAL_IMMUTABLE_IN_PLACE merely because pricing/gates for that attempt have stopped. This departs from v1's own precedent for earlier DONE-marked u6d attempts (u6dpilot, u6dgates3) which v1 classified HISTORICAL_IMMUTABLE_IN_PLACE -- flagged as a governance gap in the delta summary. No reference-corpus citation found. HOLD pending deputy disposition of the whole U6-D evidence chain.",None pending clarification.,N/A (HOLD)
MNL,C:/Users/hisham/Repo/MNL/outputs/p2a_singles2016/region_live_v1/welfare_m08_v1/attempts/20260824T122759Z_187812_f5eadba1c66643a9bd5741051150fc42_u6dladder4x_U6D_LADDER_PRICED/u6d_ladder_v1.json,outputs/p2a_singles2016/region_live_v1/welfare_m08_v1/attempts/20260824T122759Z_187812_f5eadba1c66643a9bd5741051150fc42_u6dladder4x_U6D_LADDER_PRICED/u6d_ladder_v1.json,UNTRACKED,json,42554,339dd7e39b79eff85dc921355a7dd0dba818ecce2aa753d15c4e4550a8d82bca,??,,False,False,False,False,False,False,False,,,HOLD,"Attempt directory carries a PRICED marker, which v1's own methodology does not recognise as an accepted/aborted status marker (same treatment v1 gave u6dladder_U6D_LADDER_PRICED). Not cited by reference corpus. Live U6-D evidence, still awaiting deputy ratification.",None pending clarification.,N/A (HOLD)
MNL,C:/Users/hisham/Repo/MNL/outputs/p2a_singles2016/region_live_v1/welfare_m08_v1/attempts/20260824T123755Z_720216_add80b8175e947ddb271a65b41ea0d72_u6dgates4x_STOPPED_ERROR/u6d_gates_v1.json,outputs/p2a_singles2016/region_live_v1/welfare_m08_v1/attempts/20260824T123755Z_720216_add80b8175e947ddb271a65b41ea0d72_u6dgates4x_STOPPED_ERROR/u6d_gates_v1.json,UNTRACKED,json,296116,1777156473798423f330bfcbb282df8c1e1a0a28ce138dc11a4d4a8da7040357,??,,False,False,False,False,False,False,False,,,HOLD,"Attempt directory name carries an aborted/incomplete-run marker (STOPPED_ERROR); not accepted, not cited by reference corpus. Live U6-D evidence, still awaiting deputy ratification.",None pending clarification.,N/A (HOLD)
MNL,C:/Users/hisham/Repo/MNL/outputs/p2a_singles2016/region_live_v1/welfare_m08_v1/attempts/20260824T123755Z_720216_add80b8175e947ddb271a65b41ea0d72_u6dgates4x_STOPPED_ERROR/basis_build/notebook_dev_101/fr_singles_engine_ready_p2a_bpool.parquet,outputs/p2a_singles2016/region_live_v1/welfare_m08_v1/attempts/20260824T123755Z_720216_add80b8175e947ddb271a65b41ea0d72_u6dgates4x_STOPPED_ERROR/basis_build/notebook_dev_101/fr_singles_engine_ready_p2a_bpool.parquet,UNTRACKED,parquet,21227125,a3c63c45edd9ce208747b7eca5ec625e948507c0980d56f93ded40d7b904beff,??,,False,False,False,False,False,False,False,,,HOLD,"Attempt directory name carries an aborted/incomplete-run marker (STOPPED_ERROR); not accepted, not cited by reference corpus. Live U6-D evidence, still awaiting deputy ratification.",None pending clarification.,N/A (HOLD)
MNL,C:/Users/hisham/Repo/MNL/outputs/p2a_singles2016/region_live_v1/welfare_m08_v1/attempts/20260824T123755Z_720216_add80b8175e947ddb271a65b41ea0d72_u6dgates4x_STOPPED_ERROR/basis_build/notebook_dev_101/fr_singles_pricing_p2a/priced_00000.parquet,outputs/p2a_singles2016/region_live_v1/welfare_m08_v1/attempts/20260824T123755Z_720216_add80b8175e947ddb271a65b41ea0d72_u6dgates4x_STOPPED_ERROR/basis_build/notebook_dev_101/fr_singles_pricing_p2a/priced_00000.parquet,UNTRACKED,parquet,566230,2e8976aacfe1a00b6bf3bd68f129a9831d307cb58c9a273532972646c8fd3918,??,,False,False,False,False,False,False,False,,,HOLD,"Attempt directory name carries an aborted/incomplete-run marker (STOPPED_ERROR); not accepted, not cited by reference corpus. Live U6-D evidence, still awaiting deputy ratification.",None pending clarification.,N/A (HOLD)
MNL,C:/Users/hisham/Repo/MNL/outputs/p2a_singles2016/region_live_v1/welfare_m08_v1/attempts/20260824T123755Z_720216_add80b8175e947ddb271a65b41ea0d72_u6dgates4x_STOPPED_ERROR/basis_build/notebook_dev_101/fr_singles_pricing_p2a/priced_00200.parquet,outputs/p2a_singles2016/region_live_v1/welfare_m08_v1/attempts/20260824T123755Z_720216_add80b8175e947ddb271a65b41ea0d72_u6dgates4x_STOPPED_ERROR/basis_build/notebook_dev_101/fr_singles_pricing_p2a/priced_00200.parquet,UNTRACKED,parquet,574066,f026a65b04a64364badeb688a0feef109b3a585c69fec387517411ad86379f5d,??,,False,False,False,False,False,False,False,,,HOLD,"Attempt directory name carries an aborted/incomplete-run marker (STOPPED_ERROR); not accepted, not cited by reference corpus. Live U6-D evidence, still awaiting deputy ratification.",None pending clarification.,N/A (HOLD)
MNL,C:/Users/hisham/Repo/MNL/outputs/p2a_singles2016/region_live_v1/welfare_m08_v1/attempts/20260824T123755Z_720216_add80b8175e947ddb271a65b41ea0d72_u6dgates4x_STOPPED_ERROR/basis_build/notebook_dev_101/fr_singles_pricing_p2a/priced_00400.parquet,outputs/p2a_singles2016/region_live_v1/welfare_m08_v1/attempts/20260824T123755Z_720216_add80b8175e947ddb271a65b41ea0d72_u6dgates4x_STOPPED_ERROR/basis_build/notebook_dev_101/fr_singles_pricing_p2a/priced_00400.parquet,UNTRACKED,parquet,546576,5f3506afee693a96c69b81961d19f15e1b6b6e2c5a6f7c2cd9d28cebccb6aea6,??,,False,False,False,False,False,False,False,,,HOLD,"Attempt directory name carries an aborted/incomplete-run marker (STOPPED_ERROR); not accepted, not cited by reference corpus. Live U6-D evidence, still awaiting deputy ratification.",None pending clarification.,N/A (HOLD)
MNL,C:/Users/hisham/Repo/MNL/outputs/p2a_singles2016/region_live_v1/welfare_m08_v1/attempts/20260824T123755Z_720216_add80b8175e947ddb271a65b41ea0d72_u6dgates4x_STOPPED_ERROR/basis_build/notebook_dev_101/fr_singles_pricing_p2a/priced_00600.parquet,outputs/p2a_singles2016/region_live_v1/welfare_m08_v1/attempts/20260824T123755Z_720216_add80b8175e947ddb271a65b41ea0d72_u6dgates4x_STOPPED_ERROR/basis_build/notebook_dev_101/fr_singles_pricing_p2a/priced_00600.parquet,UNTRACKED,parquet,577870,2722023948abcc8e069855773c33c062cf7bb91635ab3765875f05dfbdba0ce4,??,,False,False,False,False,False,False,False,,,HOLD,"Attempt directory name carries an aborted/incomplete-run marker (STOPPED_ERROR); not accepted, not cited by reference corpus. Live U6-D evidence, still awaiting deputy ratification.",None pending clarification.,N/A (HOLD)
MNL,C:/Users/hisham/Repo/MNL/outputs/p2a_singles2016/region_live_v1/welfare_m08_v1/attempts/20260824T123755Z_720216_add80b8175e947ddb271a65b41ea0d72_u6dgates4x_STOPPED_ERROR/basis_build/notebook_dev_101/fr_singles_pricing_p2a/priced_00800.parquet,outputs/p2a_singles2016/region_live_v1/welfare_m08_v1/attempts/20260824T123755Z_720216_add80b8175e947ddb271a65b41ea0d72_u6dgates4x_STOPPED_ERROR/basis_build/notebook_dev_101/fr_singles_pricing_p2a/priced_00800.parquet,UNTRACKED,parquet,557627,134f4dc4b5e0d1dc1e6e3bb1f6b518f69c5eeff867bde9d5a5e081192dee7afa,??,,False,False,False,False,False,False,False,,,HOLD,"Attempt directory name carries an aborted/incomplete-run marker (STOPPED_ERROR); not accepted, not cited by reference corpus. Live U6-D evidence, still awaiting deputy ratification.",None pending clarification.,N/A (HOLD)
MNL,C:/Users/hisham/Repo/MNL/outputs/p2a_singles2016/region_live_v1/welfare_m08_v1/attempts/20260824T123755Z_720216_add80b8175e947ddb271a65b41ea0d72_u6dgates4x_STOPPED_ERROR/basis_build/notebook_dev_101/fr_singles_pricing_p2a/priced_01000.parquet,outputs/p2a_singles2016/region_live_v1/welfare_m08_v1/attempts/20260824T123755Z_720216_add80b8175e947ddb271a65b41ea0d72_u6dgates4x_STOPPED_ERROR/basis_build/notebook_dev_101/fr_singles_pricing_p2a/priced_01000.parquet,UNTRACKED,parquet,553873,b1ff76a60fc56499ba78058fdd0cd4dbbd963e28bf29e2d864b8cb4a317f4bc0,??,,False,False,False,False,False,False,False,,,HOLD,"Attempt directory name carries an aborted/incomplete-run marker (STOPPED_ERROR); not accepted, not cited by reference corpus. Live U6-D evidence, still awaiting deputy ratification.",None pending clarification.,N/A (HOLD)
MNL,C:/Users/hisham/Repo/MNL/outputs/p2a_singles2016/region_live_v1/welfare_m08_v1/attempts/20260824T123755Z_720216_add80b8175e947ddb271a65b41ea0d72_u6dgates4x_STOPPED_ERROR/basis_build/notebook_dev_101/fr_singles_pricing_p2a/priced_01200.parquet,outputs/p2a_singles2016/region_live_v1/welfare_m08_v1/attempts/20260824T123755Z_720216_add80b8175e947ddb271a65b41ea0d72_u6dgates4x_STOPPED_ERROR/basis_build/notebook_dev_101/fr_singles_pricing_p2a/priced_01200.parquet,UNTRACKED,parquet,555886,f698f6e08db15094665d86b7e3b81429cecb575cb852c8a878bed2c437d49315,??,,False,False,False,False,False,False,False,,,HOLD,"Attempt directory name carries an aborted/incomplete-run marker (STOPPED_ERROR); not accepted, not cited by reference corpus. Live U6-D evidence, still awaiting deputy ratification.",None pending clarification.,N/A (HOLD)
MNL,C:/Users/hisham/Repo/MNL/outputs/p2a_singles2016/region_live_v1/welfare_m08_v1/attempts/20260824T123755Z_720216_add80b8175e947ddb271a65b41ea0d72_u6dgates4x_STOPPED_ERROR/basis_build/notebook_dev_101/fr_singles_pricing_p2a/priced_01400.parquet,outputs/p2a_singles2016/region_live_v1/welfare_m08_v1/attempts/20260824T123755Z_720216_add80b8175e947ddb271a65b41ea0d72_u6dgates4x_STOPPED_ERROR/basis_build/notebook_dev_101/fr_singles_pricing_p2a/priced_01400.parquet,UNTRACKED,parquet,445645,ce1bf828146e6234817fdbee6e311996caf12ab22ac495ba40425eb46248ca4c,??,,False,False,False,False,False,False,False,,,HOLD,"Attempt directory name carries an aborted/incomplete-run marker (STOPPED_ERROR); not accepted, not cited by reference corpus. Live U6-D evidence, still awaiting deputy ratification.",None pending clarification.,N/A (HOLD)
MNL,C:/Users/hisham/Repo/MNL/outputs/p2a_singles2016/region_live_v1/welfare_m08_v1/attempts/20260824T123755Z_720216_add80b8175e947ddb271a65b41ea0d72_u6dgates4x_STOPPED_ERROR/basis_build/notebook_dev_201/fr_singles_engine_ready_p2a_bpool.parquet,outputs/p2a_singles2016/region_live_v1/welfare_m08_v1/attempts/20260824T123755Z_720216_add80b8175e947ddb271a65b41ea0d72_u6dgates4x_STOPPED_ERROR/basis_build/notebook_dev_201/fr_singles_engine_ready_p2a_bpool.parquet,UNTRACKED,parquet,38099980,13e0473ee6c985a27bc9e079dbeb175d8e0a5ca6edf4b4616a976c000eac462f,??,,False,False,False,False,False,False,False,,,HOLD,"Attempt directory name carries an aborted/incomplete-run marker (STOPPED_ERROR); not accepted, not cited by reference corpus. Live U6-D evidence, still awaiting deputy ratification.",None pending clarification.,N/A (HOLD)
MNL,C:/Users/hisham/Repo/MNL/outputs/p2a_singles2016/region_live_v1/welfare_m08_v1/attempts/20260824T123755Z_720216_add80b8175e947ddb271a65b41ea0d72_u6dgates4x_STOPPED_ERROR/basis_build/notebook_dev_201/fr_singles_pricing_p2a/priced_00000.parquet,outputs/p2a_singles2016/region_live_v1/welfare_m08_v1/attempts/20260824T123755Z_720216_add80b8175e947ddb271a65b41ea0d72_u6dgates4x_STOPPED_ERROR/basis_build/notebook_dev_201/fr_singles_pricing_p2a/priced_00000.parquet,UNTRACKED,parquet,995484,5a39e67da4345a8f832d27ea2ad0fc5a98c61ca810cd9cb04162da0cbe389da9,??,,False,False,False,False,False,False,False,,,HOLD,"Attempt directory name carries an aborted/incomplete-run marker (STOPPED_ERROR); not accepted, not cited by reference corpus. Live U6-D evidence, still awaiting deputy ratification.",None pending clarification.,N/A (HOLD)
MNL,C:/Users/hisham/Repo/MNL/outputs/p2a_singles2016/region_live_v1/welfare_m08_v1/attempts/20260824T123755Z_720216_add80b8175e947ddb271a65b41ea0d72_u6dgates4x_STOPPED_ERROR/basis_build/notebook_dev_201/fr_singles_pricing_p2a/priced_00200.parquet,outputs/p2a_singles2016/region_live_v1/welfare_m08_v1/attempts/20260824T123755Z_720216_add80b8175e947ddb271a65b41ea0d72_u6dgates4x_STOPPED_ERROR/basis_build/notebook_dev_201/fr_singles_pricing_p2a/priced_00200.parquet,UNTRACKED,parquet,1008088,13aac85ccaf63aaddb4ef3293bf49873b517f17d786f2504c78121b96d836a34,??,,False,False,False,False,False,False,False,,,HOLD,"Attempt directory name carries an aborted/incomplete-run marker (STOPPED_ERROR); not accepted, not cited by reference corpus. Live U6-D evidence, still awaiting deputy ratification.",None pending clarification.,N/A (HOLD)
MNL,C:/Users/hisham/Repo/MNL/outputs/p2a_singles2016/region_live_v1/welfare_m08_v1/attempts/20260824T123755Z_720216_add80b8175e947ddb271a65b41ea0d72_u6dgates4x_STOPPED_ERROR/basis_build/notebook_dev_201/fr_singles_pricing_p2a/priced_00400.parquet,outputs/p2a_singles2016/region_live_v1/welfare_m08_v1/attempts/20260824T123755Z_720216_add80b8175e947ddb271a65b41ea0d72_u6dgates4x_STOPPED_ERROR/basis_build/notebook_dev_201/fr_singles_pricing_p2a/priced_00400.parquet,UNTRACKED,parquet,953221,b7d4951d54f6ca00c24d9eb05ded4604d33cddc7f09939057166ec9fe36e7b33,??,,False,False,False,False,False,False,False,,,HOLD,"Attempt directory name carries an aborted/incomplete-run marker (STOPPED_ERROR); not accepted, not cited by reference corpus. Live U6-D evidence, still awaiting deputy ratification.",None pending clarification.,N/A (HOLD)
MNL,C:/Users/hisham/Repo/MNL/outputs/p2a_singles2016/region_live_v1/welfare_m08_v1/attempts/20260824T123755Z_720216_add80b8175e947ddb271a65b41ea0d72_u6dgates4x_STOPPED_ERROR/basis_build/notebook_dev_201/fr_singles_pricing_p2a/priced_00600.parquet,outputs/p2a_singles2016/region_live_v1/welfare_m08_v1/attempts/20260824T123755Z_720216_add80b8175e947ddb271a65b41ea0d72_u6dgates4x_STOPPED_ERROR/basis_build/notebook_dev_201/fr_singles_pricing_p2a/priced_00600.parquet,UNTRACKED,parquet,1019298,f858a1a2bec6d45a52311d775b4b61a7ca050ac4648aa663c3fd98b352ebbd70,??,,False,False,False,False,False,False,False,,,HOLD,"Attempt directory name carries an aborted/incomplete-run marker (STOPPED_ERROR); not accepted, not cited by reference corpus. Live U6-D evidence, still awaiting deputy ratification.",None pending clarification.,N/A (HOLD)
MNL,C:/Users/hisham/Repo/MNL/outputs/p2a_singles2016/region_live_v1/welfare_m08_v1/attempts/20260824T123755Z_720216_add80b8175e947ddb271a65b41ea0d72_u6dgates4x_STOPPED_ERROR/basis_build/notebook_dev_201/fr_singles_pricing_p2a/priced_00800.parquet,outputs/p2a_singles2016/region_live_v1/welfare_m08_v1/attempts/20260824T123755Z_720216_add80b8175e947ddb271a65b41ea0d72_u6dgates4x_STOPPED_ERROR/basis_build/notebook_dev_201/fr_singles_pricing_p2a/priced_00800.parquet,UNTRACKED,parquet,981200,d71e6b6d093e5c3e63220641659f3752ad799e9691c70e4a12aaca680f92a4cf,??,,False,False,False,False,False,False,False,,,HOLD,"Attempt directory name carries an aborted/incomplete-run marker (STOPPED_ERROR); not accepted, not cited by reference corpus. Live U6-D evidence, still awaiting deputy ratification.",None pending clarification.,N/A (HOLD)
MNL,C:/Users/hisham/Repo/MNL/outputs/p2a_singles2016/region_live_v1/welfare_m08_v1/attempts/20260824T123755Z_720216_add80b8175e947ddb271a65b41ea0d72_u6dgates4x_STOPPED_ERROR/basis_build/notebook_dev_201/fr_singles_pricing_p2a/priced_01000.parquet,outputs/p2a_singles2016/region_live_v1/welfare_m08_v1/attempts/20260824T123755Z_720216_add80b8175e947ddb271a65b41ea0d72_u6dgates4x_STOPPED_ERROR/basis_build/notebook_dev_201/fr_singles_pricing_p2a/priced_01000.parquet,UNTRACKED,parquet,970552,4e31fce8fc58684371036e190e74fb192e5805501c378316744942a5801cb153,??,,False,False,False,False,False,False,False,,,HOLD,"Attempt directory name carries an aborted/incomplete-run marker (STOPPED_ERROR); not accepted, not cited by reference corpus. Live U6-D evidence, still awaiting deputy ratification.",None pending clarification.,N/A (HOLD)
MNL,C:/Users/hisham/Repo/MNL/outputs/p2a_singles2016/region_live_v1/welfare_m08_v1/attempts/20260824T123755Z_720216_add80b8175e947ddb271a65b41ea0d72_u6dgates4x_STOPPED_ERROR/basis_build/notebook_dev_201/fr_singles_pricing_p2a/priced_01200.parquet,outputs/p2a_singles2016/region_live_v1/welfare_m08_v1/attempts/20260824T123755Z_720216_add80b8175e947ddb271a65b41ea0d72_u6dgates4x_STOPPED_ERROR/basis_build/notebook_dev_201/fr_singles_pricing_p2a/priced_01200.parquet,UNTRACKED,parquet,970906,6054f286da3269c1e93a8afc90dd2e313885d1a0f5e43150ebc6db05fb6ce2b0,??,,False,False,False,False,False,False,False,,,HOLD,"Attempt directory name carries an aborted/incomplete-run marker (STOPPED_ERROR); not accepted, not cited by reference corpus. Live U6-D evidence, still awaiting deputy ratification.",None pending clarification.,N/A (HOLD)
MNL,C:/Users/hisham/Repo/MNL/outputs/p2a_singles2016/region_live_v1/welfare_m08_v1/attempts/20260824T123755Z_720216_add80b8175e947ddb271a65b41ea0d72_u6dgates4x_STOPPED_ERROR/basis_build/notebook_dev_201/fr_singles_pricing_p2a/priced_01400.parquet,outputs/p2a_singles2016/region_live_v1/welfare_m08_v1/attempts/20260824T123755Z_720216_add80b8175e947ddb271a65b41ea0d72_u6dgates4x_STOPPED_ERROR/basis_build/notebook_dev_201/fr_singles_pricing_p2a/priced_01400.parquet,UNTRACKED,parquet,780561,c943a58cb49d0b49729bf44f8fffea98cdf6e2cf672ee7942b154dee169c8035,??,,False,False,False,False,False,False,False,,,HOLD,"Attempt directory name carries an aborted/incomplete-run marker (STOPPED_ERROR); not accepted, not cited by reference corpus. Live U6-D evidence, still awaiting deputy ratification.",None pending clarification.,N/A (HOLD)
MNL,C:/Users/hisham/Repo/MNL/outputs/p2a_singles2016/region_live_v1/welfare_m08_v1/attempts/20260824T123941Z_391288_12cd56f839fb4a73adad8218ebb0d6cf_u6dgates4xb_U6D_GATES_DONE/u6d_gates_v1.json,outputs/p2a_singles2016/region_live_v1/welfare_m08_v1/attempts/20260824T123941Z_391288_12cd56f839fb4a73adad8218ebb0d6cf_u6dgates4xb_U6D_GATES_DONE/u6d_gates_v1.json,UNTRACKED,json,431460,3d9efaf5f15e0a786c7ed6775d66d293771abe2a7c34091d9efeb9a5452f8454,??,,False,False,False,False,False,False,False,,,HOLD,"Attempt directory name carries a completion marker (U6D_GATES_DONE), but this is live U6-D evidence still awaiting deputy ratification / U6-E independent review; per this mission's explicit instruction NEVER classified HISTORICAL_IMMUTABLE_IN_PLACE (departs from v1's own DONE-marker precedent -- see governance-gap note). No reference-corpus citation found. HOLD pending deputy disposition of the whole U6-D evidence chain.",None pending clarification.,N/A (HOLD)
MNL,C:/Users/hisham/Repo/MNL/outputs/p2a_singles2016/region_live_v1/welfare_m08_v1/attempts/20260824T123941Z_391288_12cd56f839fb4a73adad8218ebb0d6cf_u6dgates4xb_U6D_GATES_DONE/basis_build/notebook_dev_101/fr_singles_engine_ready_p2a_bpool.parquet,outputs/p2a_singles2016/region_live_v1/welfare_m08_v1/attempts/20260824T123941Z_391288_12cd56f839fb4a73adad8218ebb0d6cf_u6dgates4xb_U6D_GATES_DONE/basis_build/notebook_dev_101/fr_singles_engine_ready_p2a_bpool.parquet,UNTRACKED,parquet,21227125,a3c63c45edd9ce208747b7eca5ec625e948507c0980d56f93ded40d7b904beff,??,,False,False,False,False,False,False,False,,,HOLD,"Attempt directory name carries a completion marker (U6D_GATES_DONE), but this is live U6-D evidence still awaiting deputy ratification / U6-E independent review; per this mission's explicit instruction NEVER classified HISTORICAL_IMMUTABLE_IN_PLACE (departs from v1's own DONE-marker precedent -- see governance-gap note). No reference-corpus citation found. HOLD pending deputy disposition of the whole U6-D evidence chain.",None pending clarification.,N/A (HOLD)
MNL,C:/Users/hisham/Repo/MNL/outputs/p2a_singles2016/region_live_v1/welfare_m08_v1/attempts/20260824T123941Z_391288_12cd56f839fb4a73adad8218ebb0d6cf_u6dgates4xb_U6D_GATES_DONE/basis_build/notebook_dev_101/fr_singles_pricing_p2a/priced_00000.parquet,outputs/p2a_singles2016/region_live_v1/welfare_m08_v1/attempts/20260824T123941Z_391288_12cd56f839fb4a73adad8218ebb0d6cf_u6dgates4xb_U6D_GATES_DONE/basis_build/notebook_dev_101/fr_singles_pricing_p2a/priced_00000.parquet,UNTRACKED,parquet,566230,2e8976aacfe1a00b6bf3bd68f129a9831d307cb58c9a273532972646c8fd3918,??,,False,False,False,False,False,False,False,,,HOLD,"Attempt directory name carries a completion marker (U6D_GATES_DONE), but this is live U6-D evidence still awaiting deputy ratification / U6-E independent review; per this mission's explicit instruction NEVER classified HISTORICAL_IMMUTABLE_IN_PLACE (departs from v1's own DONE-marker precedent -- see governance-gap note). No reference-corpus citation found. HOLD pending deputy disposition of the whole U6-D evidence chain.",None pending clarification.,N/A (HOLD)
MNL,C:/Users/hisham/Repo/MNL/outputs/p2a_singles2016/region_live_v1/welfare_m08_v1/attempts/20260824T123941Z_391288_12cd56f839fb4a73adad8218ebb0d6cf_u6dgates4xb_U6D_GATES_DONE/basis_build/notebook_dev_101/fr_singles_pricing_p2a/priced_00200.parquet,outputs/p2a_singles2016/region_live_v1/welfare_m08_v1/attempts/20260824T123941Z_391288_12cd56f839fb4a73adad8218ebb0d6cf_u6dgates4xb_U6D_GATES_DONE/basis_build/notebook_dev_101/fr_singles_pricing_p2a/priced_00200.parquet,UNTRACKED,parquet,574066,f026a65b04a64364badeb688a0feef109b3a585c69fec387517411ad86379f5d,??,,False,False,False,False,False,False,False,,,HOLD,"Attempt directory name carries a completion marker (U6D_GATES_DONE), but this is live U6-D evidence still awaiting deputy ratification / U6-E independent review; per this mission's explicit instruction NEVER classified HISTORICAL_IMMUTABLE_IN_PLACE (departs from v1's own DONE-marker precedent -- see governance-gap note). No reference-corpus citation found. HOLD pending deputy disposition of the whole U6-D evidence chain.",None pending clarification.,N/A (HOLD)
MNL,C:/Users/hisham/Repo/MNL/outputs/p2a_singles2016/region_live_v1/welfare_m08_v1/attempts/20260824T123941Z_391288_12cd56f839fb4a73adad8218ebb0d6cf_u6dgates4xb_U6D_GATES_DONE/basis_build/notebook_dev_101/fr_singles_pricing_p2a/priced_00400.parquet,outputs/p2a_singles2016/region_live_v1/welfare_m08_v1/attempts/20260824T123941Z_391288_12cd56f839fb4a73adad8218ebb0d6cf_u6dgates4xb_U6D_GATES_DONE/basis_build/notebook_dev_101/fr_singles_pricing_p2a/priced_00400.parquet,UNTRACKED,parquet,546576,5f3506afee693a96c69b81961d19f15e1b6b6e2c5a6f7c2cd9d28cebccb6aea6,??,,False,False,False,False,False,False,False,,,HOLD,"Attempt directory name carries a completion marker (U6D_GATES_DONE), but this is live U6-D evidence still awaiting deputy ratification / U6-E independent review; per this mission's explicit instruction NEVER classified HISTORICAL_IMMUTABLE_IN_PLACE (departs from v1's own DONE-marker precedent -- see governance-gap note). No reference-corpus citation found. HOLD pending deputy disposition of the whole U6-D evidence chain.",None pending clarification.,N/A (HOLD)
MNL,C:/Users/hisham/Repo/MNL/outputs/p2a_singles2016/region_live_v1/welfare_m08_v1/attempts/20260824T123941Z_391288_12cd56f839fb4a73adad8218ebb0d6cf_u6dgates4xb_U6D_GATES_DONE/basis_build/notebook_dev_101/fr_singles_pricing_p2a/priced_00600.parquet,outputs/p2a_singles2016/region_live_v1/welfare_m08_v1/attempts/20260824T123941Z_391288_12cd56f839fb4a73adad8218ebb0d6cf_u6dgates4xb_U6D_GATES_DONE/basis_build/notebook_dev_101/fr_singles_pricing_p2a/priced_00600.parquet,UNTRACKED,parquet,577870,2722023948abcc8e069855773c33c062cf7bb91635ab3765875f05dfbdba0ce4,??,,False,False,False,False,False,False,False,,,HOLD,"Attempt directory name carries a completion marker (U6D_GATES_DONE), but this is live U6-D evidence still awaiting deputy ratification / U6-E independent review; per this mission's explicit instruction NEVER classified HISTORICAL_IMMUTABLE_IN_PLACE (departs from v1's own DONE-marker precedent -- see governance-gap note). No reference-corpus citation found. HOLD pending deputy disposition of the whole U6-D evidence chain.",None pending clarification.,N/A (HOLD)
MNL,C:/Users/hisham/Repo/MNL/outputs/p2a_singles2016/region_live_v1/welfare_m08_v1/attempts/20260824T123941Z_391288_12cd56f839fb4a73adad8218ebb0d6cf_u6dgates4xb_U6D_GATES_DONE/basis_build/notebook_dev_101/fr_singles_pricing_p2a/priced_00800.parquet,outputs/p2a_singles2016/region_live_v1/welfare_m08_v1/attempts/20260824T123941Z_391288_12cd56f839fb4a73adad8218ebb0d6cf_u6dgates4xb_U6D_GATES_DONE/basis_build/notebook_dev_101/fr_singles_pricing_p2a/priced_00800.parquet,UNTRACKED,parquet,557627,134f4dc4b5e0d1dc1e6e3bb1f6b518f69c5eeff867bde9d5a5e081192dee7afa,??,,False,False,False,False,False,False,False,,,HOLD,"Attempt directory name carries a completion marker (U6D_GATES_DONE), but this is live U6-D evidence still awaiting deputy ratification / U6-E independent review; per this mission's explicit instruction NEVER classified HISTORICAL_IMMUTABLE_IN_PLACE (departs from v1's own DONE-marker precedent -- see governance-gap note). No reference-corpus citation found. HOLD pending deputy disposition of the whole U6-D evidence chain.",None pending clarification.,N/A (HOLD)
MNL,C:/Users/hisham/Repo/MNL/outputs/p2a_singles2016/region_live_v1/welfare_m08_v1/attempts/20260824T123941Z_391288_12cd56f839fb4a73adad8218ebb0d6cf_u6dgates4xb_U6D_GATES_DONE/basis_build/notebook_dev_101/fr_singles_pricing_p2a/priced_01000.parquet,outputs/p2a_singles2016/region_live_v1/welfare_m08_v1/attempts/20260824T123941Z_391288_12cd56f839fb4a73adad8218ebb0d6cf_u6dgates4xb_U6D_GATES_DONE/basis_build/notebook_dev_101/fr_singles_pricing_p2a/priced_01000.parquet,UNTRACKED,parquet,553873,b1ff76a60fc56499ba78058fdd0cd4dbbd963e28bf29e2d864b8cb4a317f4bc0,??,,False,False,False,False,False,False,False,,,HOLD,"Attempt directory name carries a completion marker (U6D_GATES_DONE), but this is live U6-D evidence still awaiting deputy ratification / U6-E independent review; per this mission's explicit instruction NEVER classified HISTORICAL_IMMUTABLE_IN_PLACE (departs from v1's own DONE-marker precedent -- see governance-gap note). No reference-corpus citation found. HOLD pending deputy disposition of the whole U6-D evidence chain.",None pending clarification.,N/A (HOLD)
MNL,C:/Users/hisham/Repo/MNL/outputs/p2a_singles2016/region_live_v1/welfare_m08_v1/attempts/20260824T123941Z_391288_12cd56f839fb4a73adad8218ebb0d6cf_u6dgates4xb_U6D_GATES_DONE/basis_build/notebook_dev_101/fr_singles_pricing_p2a/priced_01200.parquet,outputs/p2a_singles2016/region_live_v1/welfare_m08_v1/attempts/20260824T123941Z_391288_12cd56f839fb4a73adad8218ebb0d6cf_u6dgates4xb_U6D_GATES_DONE/basis_build/notebook_dev_101/fr_singles_pricing_p2a/priced_01200.parquet,UNTRACKED,parquet,555886,f698f6e08db15094665d86b7e3b81429cecb575cb852c8a878bed2c437d49315,??,,False,False,False,False,False,False,False,,,HOLD,"Attempt directory name carries a completion marker (U6D_GATES_DONE), but this is live U6-D evidence still awaiting deputy ratification / U6-E independent review; per this mission's explicit instruction NEVER classified HISTORICAL_IMMUTABLE_IN_PLACE (departs from v1's own DONE-marker precedent -- see governance-gap note). No reference-corpus citation found. HOLD pending deputy disposition of the whole U6-D evidence chain.",None pending clarification.,N/A (HOLD)
MNL,C:/Users/hisham/Repo/MNL/outputs/p2a_singles2016/region_live_v1/welfare_m08_v1/attempts/20260824T123941Z_391288_12cd56f839fb4a73adad8218ebb0d6cf_u6dgates4xb_U6D_GATES_DONE/basis_build/notebook_dev_101/fr_singles_pricing_p2a/priced_01400.parquet,outputs/p2a_singles2016/region_live_v1/welfare_m08_v1/attempts/20260824T123941Z_391288_12cd56f839fb4a73adad8218ebb0d6cf_u6dgates4xb_U6D_GATES_DONE/basis_build/notebook_dev_101/fr_singles_pricing_p2a/priced_01400.parquet,UNTRACKED,parquet,445645,ce1bf828146e6234817fdbee6e311996caf12ab22ac495ba40425eb46248ca4c,??,,False,False,False,False,False,False,False,,,HOLD,"Attempt directory name carries a completion marker (U6D_GATES_DONE), but this is live U6-D evidence still awaiting deputy ratification / U6-E independent review; per this mission's explicit instruction NEVER classified HISTORICAL_IMMUTABLE_IN_PLACE (departs from v1's own DONE-marker precedent -- see governance-gap note). No reference-corpus citation found. HOLD pending deputy disposition of the whole U6-D evidence chain.",None pending clarification.,N/A (HOLD)
MNL,C:/Users/hisham/Repo/MNL/outputs/p2a_singles2016/region_live_v1/welfare_m08_v1/attempts/20260824T123941Z_391288_12cd56f839fb4a73adad8218ebb0d6cf_u6dgates4xb_U6D_GATES_DONE/basis_build/notebook_dev_201/fr_singles_engine_ready_p2a_bpool.parquet,outputs/p2a_singles2016/region_live_v1/welfare_m08_v1/attempts/20260824T123941Z_391288_12cd56f839fb4a73adad8218ebb0d6cf_u6dgates4xb_U6D_GATES_DONE/basis_build/notebook_dev_201/fr_singles_engine_ready_p2a_bpool.parquet,UNTRACKED,parquet,38099980,13e0473ee6c985a27bc9e079dbeb175d8e0a5ca6edf4b4616a976c000eac462f,??,,False,False,False,False,False,False,False,,,HOLD,"Attempt directory name carries a completion marker (U6D_GATES_DONE), but this is live U6-D evidence still awaiting deputy ratification / U6-E independent review; per this mission's explicit instruction NEVER classified HISTORICAL_IMMUTABLE_IN_PLACE (departs from v1's own DONE-marker precedent -- see governance-gap note). No reference-corpus citation found. HOLD pending deputy disposition of the whole U6-D evidence chain.",None pending clarification.,N/A (HOLD)
MNL,C:/Users/hisham/Repo/MNL/outputs/p2a_singles2016/region_live_v1/welfare_m08_v1/attempts/20260824T123941Z_391288_12cd56f839fb4a73adad8218ebb0d6cf_u6dgates4xb_U6D_GATES_DONE/basis_build/notebook_dev_201/fr_singles_pricing_p2a/priced_00000.parquet,outputs/p2a_singles2016/region_live_v1/welfare_m08_v1/attempts/20260824T123941Z_391288_12cd56f839fb4a73adad8218ebb0d6cf_u6dgates4xb_U6D_GATES_DONE/basis_build/notebook_dev_201/fr_singles_pricing_p2a/priced_00000.parquet,UNTRACKED,parquet,995484,5a39e67da4345a8f832d27ea2ad0fc5a98c61ca810cd9cb04162da0cbe389da9,??,,False,False,False,False,False,False,False,,,HOLD,"Attempt directory name carries a completion marker (U6D_GATES_DONE), but this is live U6-D evidence still awaiting deputy ratification / U6-E independent review; per this mission's explicit instruction NEVER classified HISTORICAL_IMMUTABLE_IN_PLACE (departs from v1's own DONE-marker precedent -- see governance-gap note). No reference-corpus citation found. HOLD pending deputy disposition of the whole U6-D evidence chain.",None pending clarification.,N/A (HOLD)
MNL,C:/Users/hisham/Repo/MNL/outputs/p2a_singles2016/region_live_v1/welfare_m08_v1/attempts/20260824T123941Z_391288_12cd56f839fb4a73adad8218ebb0d6cf_u6dgates4xb_U6D_GATES_DONE/basis_build/notebook_dev_201/fr_singles_pricing_p2a/priced_00200.parquet,outputs/p2a_singles2016/region_live_v1/welfare_m08_v1/attempts/20260824T123941Z_391288_12cd56f839fb4a73adad8218ebb0d6cf_u6dgates4xb_U6D_GATES_DONE/basis_build/notebook_dev_201/fr_singles_pricing_p2a/priced_00200.parquet,UNTRACKED,parquet,1008088,13aac85ccaf63aaddb4ef3293bf49873b517f17d786f2504c78121b96d836a34,??,,False,False,False,False,False,False,False,,,HOLD,"Attempt directory name carries a completion marker (U6D_GATES_DONE), but this is live U6-D evidence still awaiting deputy ratification / U6-E independent review; per this mission's explicit instruction NEVER classified HISTORICAL_IMMUTABLE_IN_PLACE (departs from v1's own DONE-marker precedent -- see governance-gap note). No reference-corpus citation found. HOLD pending deputy disposition of the whole U6-D evidence chain.",None pending clarification.,N/A (HOLD)
MNL,C:/Users/hisham/Repo/MNL/outputs/p2a_singles2016/region_live_v1/welfare_m08_v1/attempts/20260824T123941Z_391288_12cd56f839fb4a73adad8218ebb0d6cf_u6dgates4xb_U6D_GATES_DONE/basis_build/notebook_dev_201/fr_singles_pricing_p2a/priced_00400.parquet,outputs/p2a_singles2016/region_live_v1/welfare_m08_v1/attempts/20260824T123941Z_391288_12cd56f839fb4a73adad8218ebb0d6cf_u6dgates4xb_U6D_GATES_DONE/basis_build/notebook_dev_201/fr_singles_pricing_p2a/priced_00400.parquet,UNTRACKED,parquet,953221,b7d4951d54f6ca00c24d9eb05ded4604d33cddc7f09939057166ec9fe36e7b33,??,,False,False,False,False,False,False,False,,,HOLD,"Attempt directory name carries a completion marker (U6D_GATES_DONE), but this is live U6-D evidence still awaiting deputy ratification / U6-E independent review; per this mission's explicit instruction NEVER classified HISTORICAL_IMMUTABLE_IN_PLACE (departs from v1's own DONE-marker precedent -- see governance-gap note). No reference-corpus citation found. HOLD pending deputy disposition of the whole U6-D evidence chain.",None pending clarification.,N/A (HOLD)
MNL,C:/Users/hisham/Repo/MNL/outputs/p2a_singles2016/region_live_v1/welfare_m08_v1/attempts/20260824T123941Z_391288_12cd56f839fb4a73adad8218ebb0d6cf_u6dgates4xb_U6D_GATES_DONE/basis_build/notebook_dev_201/fr_singles_pricing_p2a/priced_00600.parquet,outputs/p2a_singles2016/region_live_v1/welfare_m08_v1/attempts/20260824T123941Z_391288_12cd56f839fb4a73adad8218ebb0d6cf_u6dgates4xb_U6D_GATES_DONE/basis_build/notebook_dev_201/fr_singles_pricing_p2a/priced_00600.parquet,UNTRACKED,parquet,1019298,f858a1a2bec6d45a52311d775b4b61a7ca050ac4648aa663c3fd98b352ebbd70,??,,False,False,False,False,False,False,False,,,HOLD,"Attempt directory name carries a completion marker (U6D_GATES_DONE), but this is live U6-D evidence still awaiting deputy ratification / U6-E independent review; per this mission's explicit instruction NEVER classified HISTORICAL_IMMUTABLE_IN_PLACE (departs from v1's own DONE-marker precedent -- see governance-gap note). No reference-corpus citation found. HOLD pending deputy disposition of the whole U6-D evidence chain.",None pending clarification.,N/A (HOLD)
MNL,C:/Users/hisham/Repo/MNL/outputs/p2a_singles2016/region_live_v1/welfare_m08_v1/attempts/20260824T123941Z_391288_12cd56f839fb4a73adad8218ebb0d6cf_u6dgates4xb_U6D_GATES_DONE/basis_build/notebook_dev_201/fr_singles_pricing_p2a/priced_00800.parquet,outputs/p2a_singles2016/region_live_v1/welfare_m08_v1/attempts/20260824T123941Z_391288_12cd56f839fb4a73adad8218ebb0d6cf_u6dgates4xb_U6D_GATES_DONE/basis_build/notebook_dev_201/fr_singles_pricing_p2a/priced_00800.parquet,UNTRACKED,parquet,981200,d71e6b6d093e5c3e63220641659f3752ad799e9691c70e4a12aaca680f92a4cf,??,,False,False,False,False,False,False,False,,,HOLD,"Attempt directory name carries a completion marker (U6D_GATES_DONE), but this is live U6-D evidence still awaiting deputy ratification / U6-E independent review; per this mission's explicit instruction NEVER classified HISTORICAL_IMMUTABLE_IN_PLACE (departs from v1's own DONE-marker precedent -- see governance-gap note). No reference-corpus citation found. HOLD pending deputy disposition of the whole U6-D evidence chain.",None pending clarification.,N/A (HOLD)
MNL,C:/Users/hisham/Repo/MNL/outputs/p2a_singles2016/region_live_v1/welfare_m08_v1/attempts/20260824T123941Z_391288_12cd56f839fb4a73adad8218ebb0d6cf_u6dgates4xb_U6D_GATES_DONE/basis_build/notebook_dev_201/fr_singles_pricing_p2a/priced_01000.parquet,outputs/p2a_singles2016/region_live_v1/welfare_m08_v1/attempts/20260824T123941Z_391288_12cd56f839fb4a73adad8218ebb0d6cf_u6dgates4xb_U6D_GATES_DONE/basis_build/notebook_dev_201/fr_singles_pricing_p2a/priced_01000.parquet,UNTRACKED,parquet,970552,4e31fce8fc58684371036e190e74fb192e5805501c378316744942a5801cb153,??,,False,False,False,False,False,False,False,,,HOLD,"Attempt directory name carries a completion marker (U6D_GATES_DONE), but this is live U6-D evidence still awaiting deputy ratification / U6-E independent review; per this mission's explicit instruction NEVER classified HISTORICAL_IMMUTABLE_IN_PLACE (departs from v1's own DONE-marker precedent -- see governance-gap note). No reference-corpus citation found. HOLD pending deputy disposition of the whole U6-D evidence chain.",None pending clarification.,N/A (HOLD)
MNL,C:/Users/hisham/Repo/MNL/outputs/p2a_singles2016/region_live_v1/welfare_m08_v1/attempts/20260824T123941Z_391288_12cd56f839fb4a73adad8218ebb0d6cf_u6dgates4xb_U6D_GATES_DONE/basis_build/notebook_dev_201/fr_singles_pricing_p2a/priced_01200.parquet,outputs/p2a_singles2016/region_live_v1/welfare_m08_v1/attempts/20260824T123941Z_391288_12cd56f839fb4a73adad8218ebb0d6cf_u6dgates4xb_U6D_GATES_DONE/basis_build/notebook_dev_201/fr_singles_pricing_p2a/priced_01200.parquet,UNTRACKED,parquet,970906,6054f286da3269c1e93a8afc90dd2e313885d1a0f5e43150ebc6db05fb6ce2b0,??,,False,False,False,False,False,False,False,,,HOLD,"Attempt directory name carries a completion marker (U6D_GATES_DONE), but this is live U6-D evidence still awaiting deputy ratification / U6-E independent review; per this mission's explicit instruction NEVER classified HISTORICAL_IMMUTABLE_IN_PLACE (departs from v1's own DONE-marker precedent -- see governance-gap note). No reference-corpus citation found. HOLD pending deputy disposition of the whole U6-D evidence chain.",None pending clarification.,N/A (HOLD)
MNL,C:/Users/hisham/Repo/MNL/outputs/p2a_singles2016/region_live_v1/welfare_m08_v1/attempts/20260824T123941Z_391288_12cd56f839fb4a73adad8218ebb0d6cf_u6dgates4xb_U6D_GATES_DONE/basis_build/notebook_dev_201/fr_singles_pricing_p2a/priced_01400.parquet,outputs/p2a_singles2016/region_live_v1/welfare_m08_v1/attempts/20260824T123941Z_391288_12cd56f839fb4a73adad8218ebb0d6cf_u6dgates4xb_U6D_GATES_DONE/basis_build/notebook_dev_201/fr_singles_pricing_p2a/priced_01400.parquet,UNTRACKED,parquet,780561,c943a58cb49d0b49729bf44f8fffea98cdf6e2cf672ee7942b154dee169c8035,??,,False,False,False,False,False,False,False,,,HOLD,"Attempt directory name carries a completion marker (U6D_GATES_DONE), but this is live U6-D evidence still awaiting deputy ratification / U6-E independent review; per this mission's explicit instruction NEVER classified HISTORICAL_IMMUTABLE_IN_PLACE (departs from v1's own DONE-marker precedent -- see governance-gap note). No reference-corpus citation found. HOLD pending deputy disposition of the whole U6-D evidence chain.",None pending clarification.,N/A (HOLD)
MNL,C:/Users/hisham/Repo/MNL/outputs/p2a_singles2016/region_live_v1/welfare_m08_v1/attempts/20260824T123941Z_391288_12cd56f839fb4a73adad8218ebb0d6cf_u6dgates4xb_U6D_GATES_DONE/basis_build/notebook_dev_401/fr_singles_engine_ready_p2a_bpool.parquet,outputs/p2a_singles2016/region_live_v1/welfare_m08_v1/attempts/20260824T123941Z_391288_12cd56f839fb4a73adad8218ebb0d6cf_u6dgates4xb_U6D_GATES_DONE/basis_build/notebook_dev_401/fr_singles_engine_ready_p2a_bpool.parquet,UNTRACKED,parquet,70846780,944cba665b296bd213d9943c913c7231347e127c4646d27106dce20f11b4917c,??,,False,False,False,False,False,False,False,,,HOLD,"Attempt directory name carries a completion marker (U6D_GATES_DONE), but this is live U6-D evidence still awaiting deputy ratification / U6-E independent review; per this mission's explicit instruction NEVER classified HISTORICAL_IMMUTABLE_IN_PLACE (departs from v1's own DONE-marker precedent -- see governance-gap note). No reference-corpus citation found. HOLD pending deputy disposition of the whole U6-D evidence chain.",None pending clarification.,N/A (HOLD)
MNL,C:/Users/hisham/Repo/MNL/outputs/p2a_singles2016/region_live_v1/welfare_m08_v1/attempts/20260824T123941Z_391288_12cd56f839fb4a73adad8218ebb0d6cf_u6dgates4xb_U6D_GATES_DONE/basis_build/notebook_dev_401/fr_singles_pricing_p2a/priced_00000.parquet,outputs/p2a_singles2016/region_live_v1/welfare_m08_v1/attempts/20260824T123941Z_391288_12cd56f839fb4a73adad8218ebb0d6cf_u6dgates4xb_U6D_GATES_DONE/basis_build/notebook_dev_401/fr_singles_pricing_p2a/priced_00000.parquet,UNTRACKED,parquet,1754743,39a234a5efd12a76f88ae75273c36d16083bbc4d97fa05c0b78c93f9fdf2c2fe,??,,False,False,False,False,False,False,False,,,HOLD,"Attempt directory name carries a completion marker (U6D_GATES_DONE), but this is live U6-D evidence still awaiting deputy ratification / U6-E independent review; per this mission's explicit instruction NEVER classified HISTORICAL_IMMUTABLE_IN_PLACE (departs from v1's own DONE-marker precedent -- see governance-gap note). No reference-corpus citation found. HOLD pending deputy disposition of the whole U6-D evidence chain.",None pending clarification.,N/A (HOLD)
MNL,C:/Users/hisham/Repo/MNL/outputs/p2a_singles2016/region_live_v1/welfare_m08_v1/attempts/20260824T123941Z_391288_12cd56f839fb4a73adad8218ebb0d6cf_u6dgates4xb_U6D_GATES_DONE/basis_build/notebook_dev_401/fr_singles_pricing_p2a/priced_00200.parquet,outputs/p2a_singles2016/region_live_v1/welfare_m08_v1/attempts/20260824T123941Z_391288_12cd56f839fb4a73adad8218ebb0d6cf_u6dgates4xb_U6D_GATES_DONE/basis_build/notebook_dev_401/fr_singles_pricing_p2a/priced_00200.parquet,UNTRACKED,parquet,1769760,33b3baa1149128dafea091d03fb25afd4f46713a50be2135504e7aefda602f9e,??,,False,False,False,False,False,False,False,,,HOLD,"Attempt directory name carries a completion marker (U6D_GATES_DONE), but this is live U6-D evidence still awaiting deputy ratification / U6-E independent review; per this mission's explicit instruction NEVER classified HISTORICAL_IMMUTABLE_IN_PLACE (departs from v1's own DONE-marker precedent -- see governance-gap note). No reference-corpus citation found. HOLD pending deputy disposition of the whole U6-D evidence chain.",None pending clarification.,N/A (HOLD)
MNL,C:/Users/hisham/Repo/MNL/outputs/p2a_singles2016/region_live_v1/welfare_m08_v1/attempts/20260824T123941Z_391288_12cd56f839fb4a73adad8218ebb0d6cf_u6dgates4xb_U6D_GATES_DONE/basis_build/notebook_dev_401/fr_singles_pricing_p2a/priced_00400.parquet,outputs/p2a_singles2016/region_live_v1/welfare_m08_v1/attempts/20260824T123941Z_391288_12cd56f839fb4a73adad8218ebb0d6cf_u6dgates4xb_U6D_GATES_DONE/basis_build/notebook_dev_401/fr_singles_pricing_p2a/priced_00400.parquet,UNTRACKED,parquet,1692670,d2dc6a2c68a604f8bdf677670921dbedd498995da97324e9a6e65ef12f1f82a3,??,,False,False,False,False,False,False,False,,,HOLD,"Attempt directory name carries a completion marker (U6D_GATES_DONE), but this is live U6-D evidence still awaiting deputy ratification / U6-E independent review; per this mission's explicit instruction NEVER classified HISTORICAL_IMMUTABLE_IN_PLACE (departs from v1's own DONE-marker precedent -- see governance-gap note). No reference-corpus citation found. HOLD pending deputy disposition of the whole U6-D evidence chain.",None pending clarification.,N/A (HOLD)
MNL,C:/Users/hisham/Repo/MNL/outputs/p2a_singles2016/region_live_v1/welfare_m08_v1/attempts/20260824T123941Z_391288_12cd56f839fb4a73adad8218ebb0d6cf_u6dgates4xb_U6D_GATES_DONE/basis_build/notebook_dev_401/fr_singles_pricing_p2a/priced_00600.parquet,outputs/p2a_singles2016/region_live_v1/welfare_m08_v1/attempts/20260824T123941Z_391288_12cd56f839fb4a73adad8218ebb0d6cf_u6dgates4xb_U6D_GATES_DONE/basis_build/notebook_dev_401/fr_singles_pricing_p2a/priced_00600.parquet,UNTRACKED,parquet,1807089,7eb7c525d6574e188c8d1c7a935130c904171451688acc3550fe8a0a6c072282,??,,False,False,False,False,False,False,False,,,HOLD,"Attempt directory name carries a completion marker (U6D_GATES_DONE), but this is live U6-D evidence still awaiting deputy ratification / U6-E independent review; per this mission's explicit instruction NEVER classified HISTORICAL_IMMUTABLE_IN_PLACE (departs from v1's own DONE-marker precedent -- see governance-gap note). No reference-corpus citation found. HOLD pending deputy disposition of the whole U6-D evidence chain.",None pending clarification.,N/A (HOLD)
MNL,C:/Users/hisham/Repo/MNL/outputs/p2a_singles2016/region_live_v1/welfare_m08_v1/attempts/20260824T123941Z_391288_12cd56f839fb4a73adad8218ebb0d6cf_u6dgates4xb_U6D_GATES_DONE/basis_build/notebook_dev_401/fr_singles_pricing_p2a/priced_00800.parquet,outputs/p2a_singles2016/region_live_v1/welfare_m08_v1/attempts/20260824T123941Z_391288_12cd56f839fb4a73adad8218ebb0d6cf_u6dgates4xb_U6D_GATES_DONE/basis_build/notebook_dev_401/fr_singles_pricing_p2a/priced_00800.parquet,UNTRACKED,parquet,1728562,87f6f08c90f0a810fb360084d44c2eeab9ba3ab2c23da418cefb82b12faa3681,??,,False,False,False,False,False,False,False,,,HOLD,"Attempt directory name carries a completion marker (U6D_GATES_DONE), but this is live U6-D evidence still awaiting deputy ratification / U6-E independent review; per this mission's explicit instruction NEVER classified HISTORICAL_IMMUTABLE_IN_PLACE (departs from v1's own DONE-marker precedent -- see governance-gap note). No reference-corpus citation found. HOLD pending deputy disposition of the whole U6-D evidence chain.",None pending clarification.,N/A (HOLD)
MNL,C:/Users/hisham/Repo/MNL/outputs/p2a_singles2016/region_live_v1/welfare_m08_v1/attempts/20260824T123941Z_391288_12cd56f839fb4a73adad8218ebb0d6cf_u6dgates4xb_U6D_GATES_DONE/basis_build/notebook_dev_401/fr_singles_pricing_p2a/priced_01000.parquet,outputs/p2a_singles2016/region_live_v1/welfare_m08_v1/attempts/20260824T123941Z_391288_12cd56f839fb4a73adad8218ebb0d6cf_u6dgates4xb_U6D_GATES_DONE/basis_build/notebook_dev_401/fr_singles_pricing_p2a/priced_01000.parquet,UNTRACKED,parquet,1723271,d21890d0e9e36da9f9939bd9c2345646a1771828ab169a4d2cc8431329d3a707,??,,False,False,False,False,False,False,False,,,HOLD,"Attempt directory name carries a completion marker (U6D_GATES_DONE), but this is live U6-D evidence still awaiting deputy ratification / U6-E independent review; per this mission's explicit instruction NEVER classified HISTORICAL_IMMUTABLE_IN_PLACE (departs from v1's own DONE-marker precedent -- see governance-gap note). No reference-corpus citation found. HOLD pending deputy disposition of the whole U6-D evidence chain.",None pending clarification.,N/A (HOLD)
MNL,C:/Users/hisham/Repo/MNL/outputs/p2a_singles2016/region_live_v1/welfare_m08_v1/attempts/20260824T123941Z_391288_12cd56f839fb4a73adad8218ebb0d6cf_u6dgates4xb_U6D_GATES_DONE/basis_build/notebook_dev_401/fr_singles_pricing_p2a/priced_01200.parquet,outputs/p2a_singles2016/region_live_v1/welfare_m08_v1/attempts/20260824T123941Z_391288_12cd56f839fb4a73adad8218ebb0d6cf_u6dgates4xb_U6D_GATES_DONE/basis_build/notebook_dev_401/fr_singles_pricing_p2a/priced_01200.parquet,UNTRACKED,parquet,1718157,3f694963c0d50eaf870eaa87303d02bd01117288c193dcf81144c4134e4cbcde,??,,False,False,False,False,False,False,False,,,HOLD,"Attempt directory name carries a completion marker (U6D_GATES_DONE), but this is live U6-D evidence still awaiting deputy ratification / U6-E independent review; per this mission's explicit instruction NEVER classified HISTORICAL_IMMUTABLE_IN_PLACE (departs from v1's own DONE-marker precedent -- see governance-gap note). No reference-corpus citation found. HOLD pending deputy disposition of the whole U6-D evidence chain.",None pending clarification.,N/A (HOLD)
MNL,C:/Users/hisham/Repo/MNL/outputs/p2a_singles2016/region_live_v1/welfare_m08_v1/attempts/20260824T123941Z_391288_12cd56f839fb4a73adad8218ebb0d6cf_u6dgates4xb_U6D_GATES_DONE/basis_build/notebook_dev_401/fr_singles_pricing_p2a/priced_01400.parquet,outputs/p2a_singles2016/region_live_v1/welfare_m08_v1/attempts/20260824T123941Z_391288_12cd56f839fb4a73adad8218ebb0d6cf_u6dgates4xb_U6D_GATES_DONE/basis_build/notebook_dev_401/fr_singles_pricing_p2a/priced_01400.parquet,UNTRACKED,parquet,1384332,f4a39bd6f3a9e7b5bc0b4e9d34cf050754788c1095594a8095631de661eb98b5,??,,False,False,False,False,False,False,False,,,HOLD,"Attempt directory name carries a completion marker (U6D_GATES_DONE), but this is live U6-D evidence still awaiting deputy ratification / U6-E independent review; per this mission's explicit instruction NEVER classified HISTORICAL_IMMUTABLE_IN_PLACE (departs from v1's own DONE-marker precedent -- see governance-gap note). No reference-corpus citation found. HOLD pending deputy disposition of the whole U6-D evidence chain.",None pending clarification.,N/A (HOLD)
MNL,C:/Users/hisham/Repo/MNL/outputs/p2a_singles2016/region_live_v1/welfare_m08_v1/attempts/20260824T124407Z_591364_2d7986034dfb4b9e9815bd1051d3b155_u6dxc_dry_U6D_XCHECK_DRYRUN/u6d_xcheck_v1.json,outputs/p2a_singles2016/region_live_v1/welfare_m08_v1/attempts/20260824T124407Z_591364_2d7986034dfb4b9e9815bd1051d3b155_u6dxc_dry_U6D_XCHECK_DRYRUN/u6d_xcheck_v1.json,UNTRACKED,json,37700,6c72d5dba85622921624f97a319af3efe9b084adb6196c405dd066b3abd6b125,??,,False,False,False,False,False,False,False,,,HOLD,"Attempt directory carries a DRYRUN marker (same treatment v1 gave u6dpilot_dry / u6dladder_dry / u6dgates_dry-equivalents). Not cited by reference corpus. Live U6-D evidence, still awaiting deputy ratification.",None pending clarification.,N/A (HOLD)
MNL,C:/Users/hisham/Repo/MNL/outputs/p2a_singles2016/region_live_v1/welfare_m08_v1/attempts/20260824T124509Z_7584_a5cd6c09d4b5496297ce192ee401d459_u6dxc4x_STOPPED_ERROR/u6d_xcheck_v1.json,outputs/p2a_singles2016/region_live_v1/welfare_m08_v1/attempts/20260824T124509Z_7584_a5cd6c09d4b5496297ce192ee401d459_u6dxc4x_STOPPED_ERROR/u6d_xcheck_v1.json,UNTRACKED,json,51804,c42c33acbb971325e92f28a2e598e1f4e1d6e66ab6e8a8ee21c2e679cca8a520,??,,False,False,False,False,False,False,False,,,HOLD,"Attempt directory name carries an aborted/incomplete-run marker (STOPPED_ERROR); not accepted, not cited by reference corpus. Live U6-D evidence, still awaiting deputy ratification.",None pending clarification.,N/A (HOLD)
MNL,C:/Users/hisham/Repo/MNL/outputs/p2a_singles2016/region_live_v1/welfare_m08_v1/attempts/20260824T124509Z_7584_a5cd6c09d4b5496297ce192ee401d459_u6dxc4x_STOPPED_ERROR/xc_build/notebook_dev_95/fr_singles_engine_ready_p2a_bpool.parquet,outputs/p2a_singles2016/region_live_v1/welfare_m08_v1/attempts/20260824T124509Z_7584_a5cd6c09d4b5496297ce192ee401d459_u6dxc4x_STOPPED_ERROR/xc_build/notebook_dev_95/fr_singles_engine_ready_p2a_bpool.parquet,UNTRACKED,parquet,15996855,a8385dfc95d48198da85aad4fd7f9bb718b080241982857c37e605d864b39cd7,??,,False,False,False,False,False,False,False,,,HOLD,"Attempt directory name carries an aborted/incomplete-run marker (STOPPED_ERROR); not accepted, not cited by reference corpus. Live U6-D evidence, still awaiting deputy ratification.",None pending clarification.,N/A (HOLD)
MNL,C:/Users/hisham/Repo/MNL/outputs/p2a_singles2016/region_live_v1/welfare_m08_v1/attempts/20260824T124509Z_7584_a5cd6c09d4b5496297ce192ee401d459_u6dxc4x_STOPPED_ERROR/xc_build/notebook_dev_95/fr_singles_pricing_p2a/priced_00000.parquet,outputs/p2a_singles2016/region_live_v1/welfare_m08_v1/attempts/20260824T124509Z_7584_a5cd6c09d4b5496297ce192ee401d459_u6dxc4x_STOPPED_ERROR/xc_build/notebook_dev_95/fr_singles_pricing_p2a/priced_00000.parquet,UNTRACKED,parquet,624677,5ed1b4f4e3c0d3c9cd964497643698bc01c63cb4f5b2ec0125ce98e2aa900e2b,??,,False,False,False,False,False,False,False,,,HOLD,"Attempt directory name carries an aborted/incomplete-run marker (STOPPED_ERROR); not accepted, not cited by reference corpus. Live U6-D evidence, still awaiting deputy ratification.",None pending clarification.,N/A (HOLD)
MNL,C:/Users/hisham/Repo/MNL/outputs/p2a_singles2016/region_live_v1/welfare_m08_v1/attempts/20260824T124509Z_7584_a5cd6c09d4b5496297ce192ee401d459_u6dxc4x_STOPPED_ERROR/xc_build/notebook_dev_95/fr_singles_pricing_p2a/priced_00200.parquet,outputs/p2a_singles2016/region_live_v1/welfare_m08_v1/attempts/20260824T124509Z_7584_a5cd6c09d4b5496297ce192ee401d459_u6dxc4x_STOPPED_ERROR/xc_build/notebook_dev_95/fr_singles_pricing_p2a/priced_00200.parquet,UNTRACKED,parquet,626994,3a91a0d77484b58f887beee6c301018a263bee0121009d5b05139ba3a082643d,??,,False,False,False,False,False,False,False,,,HOLD,"Attempt directory name carries an aborted/incomplete-run marker (STOPPED_ERROR); not accepted, not cited by reference corpus. Live U6-D evidence, still awaiting deputy ratification.",None pending clarification.,N/A (HOLD)
MNL,C:/Users/hisham/Repo/MNL/outputs/p2a_singles2016/region_live_v1/welfare_m08_v1/attempts/20260824T124509Z_7584_a5cd6c09d4b5496297ce192ee401d459_u6dxc4x_STOPPED_ERROR/xc_build/notebook_dev_95/fr_singles_pricing_p2a/priced_00400.parquet,outputs/p2a_singles2016/region_live_v1/welfare_m08_v1/attempts/20260824T124509Z_7584_a5cd6c09d4b5496297ce192ee401d459_u6dxc4x_STOPPED_ERROR/xc_build/notebook_dev_95/fr_singles_pricing_p2a/priced_00400.parquet,UNTRACKED,parquet,603858,2e05150a1f60d04b415c804ccdc4f33344c3ca8865e4e93029e33453559d9134,??,,False,False,False,False,False,False,False,,,HOLD,"Attempt directory name carries an aborted/incomplete-run marker (STOPPED_ERROR); not accepted, not cited by reference corpus. Live U6-D evidence, still awaiting deputy ratification.",None pending clarification.,N/A (HOLD)
MNL,C:/Users/hisham/Repo/MNL/outputs/p2a_singles2016/region_live_v1/welfare_m08_v1/attempts/20260824T124509Z_7584_a5cd6c09d4b5496297ce192ee401d459_u6dxc4x_STOPPED_ERROR/xc_build/notebook_dev_95/fr_singles_pricing_p2a/priced_00600.parquet,outputs/p2a_singles2016/region_live_v1/welfare_m08_v1/attempts/20260824T124509Z_7584_a5cd6c09d4b5496297ce192ee401d459_u6dxc4x_STOPPED_ERROR/xc_build/notebook_dev_95/fr_singles_pricing_p2a/priced_00600.parquet,UNTRACKED,parquet,638689,c9abca4b5984b11cc1cee888ec8d916ae279ea240e80cf76de5dfe2911cb4a04,??,,False,False,False,False,False,False,False,,,HOLD,"Attempt directory name carries an aborted/incomplete-run marker (STOPPED_ERROR); not accepted, not cited by reference corpus. Live U6-D evidence, still awaiting deputy ratification.",None pending clarification.,N/A (HOLD)
MNL,C:/Users/hisham/Repo/MNL/outputs/p2a_singles2016/region_live_v1/welfare_m08_v1/attempts/20260824T124509Z_7584_a5cd6c09d4b5496297ce192ee401d459_u6dxc4x_STOPPED_ERROR/xc_build/notebook_dev_95/fr_singles_pricing_p2a/priced_00800.parquet,outputs/p2a_singles2016/region_live_v1/welfare_m08_v1/attempts/20260824T124509Z_7584_a5cd6c09d4b5496297ce192ee401d459_u6dxc4x_STOPPED_ERROR/xc_build/notebook_dev_95/fr_singles_pricing_p2a/priced_00800.parquet,UNTRACKED,parquet,615013,0c5aca82c3d9865e24389ab95ff58ed64ef609ed3c1d943d268076e44d963642,??,,False,False,False,False,False,False,False,,,HOLD,"Attempt directory name carries an aborted/incomplete-run marker (STOPPED_ERROR); not accepted, not cited by reference corpus. Live U6-D evidence, still awaiting deputy ratification.",None pending clarification.,N/A (HOLD)
MNL,C:/Users/hisham/Repo/MNL/outputs/p2a_singles2016/region_live_v1/welfare_m08_v1/attempts/20260824T124509Z_7584_a5cd6c09d4b5496297ce192ee401d459_u6dxc4x_STOPPED_ERROR/xc_build/notebook_dev_95/fr_singles_pricing_p2a/priced_01000.parquet,outputs/p2a_singles2016/region_live_v1/welfare_m08_v1/attempts/20260824T124509Z_7584_a5cd6c09d4b5496297ce192ee401d459_u6dxc4x_STOPPED_ERROR/xc_build/notebook_dev_95/fr_singles_pricing_p2a/priced_01000.parquet,UNTRACKED,parquet,610373,a3eb5789ffdb8d3a9bd23467add51b13d3f13509ff90e7cd93cdc6314bf0e94d,??,,False,False,False,False,False,False,False,,,HOLD,"Attempt directory name carries an aborted/incomplete-run marker (STOPPED_ERROR); not accepted, not cited by reference corpus. Live U6-D evidence, still awaiting deputy ratification.",None pending clarification.,N/A (HOLD)
MNL,C:/Users/hisham/Repo/MNL/outputs/p2a_singles2016/region_live_v1/welfare_m08_v1/attempts/20260824T124509Z_7584_a5cd6c09d4b5496297ce192ee401d459_u6dxc4x_STOPPED_ERROR/xc_build/notebook_dev_95/fr_singles_pricing_p2a/priced_01200.parquet,outputs/p2a_singles2016/region_live_v1/welfare_m08_v1/attempts/20260824T124509Z_7584_a5cd6c09d4b5496297ce192ee401d459_u6dxc4x_STOPPED_ERROR/xc_build/notebook_dev_95/fr_singles_pricing_p2a/priced_01200.parquet,UNTRACKED,parquet,611884,17cdd9837cb24a218869307e051f6125f2e557a375a1c0a27e2b00e7f0270e1d,??,,False,False,False,False,False,False,False,,,HOLD,"Attempt directory name carries an aborted/incomplete-run marker (STOPPED_ERROR); not accepted, not cited by reference corpus. Live U6-D evidence, still awaiting deputy ratification.",None pending clarification.,N/A (HOLD)
MNL,C:/Users/hisham/Repo/MNL/outputs/p2a_singles2016/region_live_v1/welfare_m08_v1/attempts/20260824T124509Z_7584_a5cd6c09d4b5496297ce192ee401d459_u6dxc4x_STOPPED_ERROR/xc_build/notebook_dev_95/fr_singles_pricing_p2a/priced_01400.parquet,outputs/p2a_singles2016/region_live_v1/welfare_m08_v1/attempts/20260824T124509Z_7584_a5cd6c09d4b5496297ce192ee401d459_u6dxc4x_STOPPED_ERROR/xc_build/notebook_dev_95/fr_singles_pricing_p2a/priced_01400.parquet,UNTRACKED,parquet,491430,a22567332befa944a0522cfeed05390b4f71f6466269637580b3b20a228910bd,??,,False,False,False,False,False,False,False,,,HOLD,"Attempt directory name carries an aborted/incomplete-run marker (STOPPED_ERROR); not accepted, not cited by reference corpus. Live U6-D evidence, still awaiting deputy ratification.",None pending clarification.,N/A (HOLD)
MNL,C:/Users/hisham/Repo/MNL/outputs/p2a_singles2016/region_live_v1/welfare_m08_v1/attempts/20260824T135740Z_28536_a4f0b28583f340adb351720b7a3d3449_u6dxc4xb_U6D_XCHECK_DONE/u6d_xcheck_v1.json,outputs/p2a_singles2016/region_live_v1/welfare_m08_v1/attempts/20260824T135740Z_28536_a4f0b28583f340adb351720b7a3d3449_u6dxc4xb_U6D_XCHECK_DONE/u6d_xcheck_v1.json,UNTRACKED,json,49076,803b58159323d6b8a8a4d98b1af506eef4645bb2518665cb365696ef92ebcb03,??,,False,False,False,False,False,False,False,,,HOLD,"Attempt directory name carries a completion marker (U6D_XCHECK_DONE), but this is live U6-D evidence still awaiting deputy ratification / U6-E independent review; per this mission's explicit instruction NEVER classified HISTORICAL_IMMUTABLE_IN_PLACE (departs from v1's own DONE-marker precedent -- see governance-gap note). No reference-corpus citation found. HOLD pending deputy disposition of the whole U6-D evidence chain.",None pending clarification.,N/A (HOLD)
MNL,C:/Users/hisham/Repo/MNL/outputs/p2a_singles2016/region_live_v1/welfare_m08_v1/attempts/20260824T135740Z_28536_a4f0b28583f340adb351720b7a3d3449_u6dxc4xb_U6D_XCHECK_DONE/xc_build/notebook_dev_95/fr_singles_engine_ready_p2a_bpool.parquet,outputs/p2a_singles2016/region_live_v1/welfare_m08_v1/attempts/20260824T135740Z_28536_a4f0b28583f340adb351720b7a3d3449_u6dxc4xb_U6D_XCHECK_DONE/xc_build/notebook_dev_95/fr_singles_engine_ready_p2a_bpool.parquet,UNTRACKED,parquet,14615317,b91aca6436b6f14a12413b7db27306a408c573dd4242a6942c36f8f58250ffd1,??,,False,False,False,False,False,False,False,,,HOLD,"Attempt directory name carries a completion marker (U6D_XCHECK_DONE), but this is live U6-D evidence still awaiting deputy ratification / U6-E independent review; per this mission's explicit instruction NEVER classified HISTORICAL_IMMUTABLE_IN_PLACE (departs from v1's own DONE-marker precedent -- see governance-gap note). No reference-corpus citation found. HOLD pending deputy disposition of the whole U6-D evidence chain.",None pending clarification.,N/A (HOLD)
MNL,C:/Users/hisham/Repo/MNL/outputs/p2a_singles2016/region_live_v1/welfare_m08_v1/attempts/20260824T135740Z_28536_a4f0b28583f340adb351720b7a3d3449_u6dxc4xb_U6D_XCHECK_DONE/xc_build/notebook_dev_95/fr_singles_pricing_p2a/priced_00000.parquet,outputs/p2a_singles2016/region_live_v1/welfare_m08_v1/attempts/20260824T135740Z_28536_a4f0b28583f340adb351720b7a3d3449_u6dxc4xb_U6D_XCHECK_DONE/xc_build/notebook_dev_95/fr_singles_pricing_p2a/priced_00000.parquet,UNTRACKED,parquet,624872,1d99a897aff3962d3bd616bee0b11c981f2038c8056c88092b35c1130d0467ae,??,,False,False,False,False,False,False,False,,,HOLD,"Attempt directory name carries a completion marker (U6D_XCHECK_DONE), but this is live U6-D evidence still awaiting deputy ratification / U6-E independent review; per this mission's explicit instruction NEVER classified HISTORICAL_IMMUTABLE_IN_PLACE (departs from v1's own DONE-marker precedent -- see governance-gap note). No reference-corpus citation found. HOLD pending deputy disposition of the whole U6-D evidence chain.",None pending clarification.,N/A (HOLD)
MNL,C:/Users/hisham/Repo/MNL/outputs/p2a_singles2016/region_live_v1/welfare_m08_v1/attempts/20260824T135740Z_28536_a4f0b28583f340adb351720b7a3d3449_u6dxc4xb_U6D_XCHECK_DONE/xc_build/notebook_dev_95/fr_singles_pricing_p2a/priced_00200.parquet,outputs/p2a_singles2016/region_live_v1/welfare_m08_v1/attempts/20260824T135740Z_28536_a4f0b28583f340adb351720b7a3d3449_u6dxc4xb_U6D_XCHECK_DONE/xc_build/notebook_dev_95/fr_singles_pricing_p2a/priced_00200.parquet,UNTRACKED,parquet,627177,66b4c70854799d16c0a4bd71200947c85e29df4a14ad59c381358ac530d30046,??,,False,False,False,False,False,False,False,,,HOLD,"Attempt directory name carries a completion marker (U6D_XCHECK_DONE), but this is live U6-D evidence still awaiting deputy ratification / U6-E independent review; per this mission's explicit instruction NEVER classified HISTORICAL_IMMUTABLE_IN_PLACE (departs from v1's own DONE-marker precedent -- see governance-gap note). No reference-corpus citation found. HOLD pending deputy disposition of the whole U6-D evidence chain.",None pending clarification.,N/A (HOLD)
MNL,C:/Users/hisham/Repo/MNL/outputs/p2a_singles2016/region_live_v1/welfare_m08_v1/attempts/20260824T135740Z_28536_a4f0b28583f340adb351720b7a3d3449_u6dxc4xb_U6D_XCHECK_DONE/xc_build/notebook_dev_95/fr_singles_pricing_p2a/priced_00400.parquet,outputs/p2a_singles2016/region_live_v1/welfare_m08_v1/attempts/20260824T135740Z_28536_a4f0b28583f340adb351720b7a3d3449_u6dxc4xb_U6D_XCHECK_DONE/xc_build/notebook_dev_95/fr_singles_pricing_p2a/priced_00400.parquet,UNTRACKED,parquet,603550,f00a6f749048443762a5565750b838f08a889bfa46592db8c5a46a4033bf7c49,??,,False,False,False,False,False,False,False,,,HOLD,"Attempt directory name carries a completion marker (U6D_XCHECK_DONE), but this is live U6-D evidence still awaiting deputy ratification / U6-E independent review; per this mission's explicit instruction NEVER classified HISTORICAL_IMMUTABLE_IN_PLACE (departs from v1's own DONE-marker precedent -- see governance-gap note). No reference-corpus citation found. HOLD pending deputy disposition of the whole U6-D evidence chain.",None pending clarification.,N/A (HOLD)
MNL,C:/Users/hisham/Repo/MNL/outputs/p2a_singles2016/region_live_v1/welfare_m08_v1/attempts/20260824T135740Z_28536_a4f0b28583f340adb351720b7a3d3449_u6dxc4xb_U6D_XCHECK_DONE/xc_build/notebook_dev_95/fr_singles_pricing_p2a/priced_00600.parquet,outputs/p2a_singles2016/region_live_v1/welfare_m08_v1/attempts/20260824T135740Z_28536_a4f0b28583f340adb351720b7a3d3449_u6dxc4xb_U6D_XCHECK_DONE/xc_build/notebook_dev_95/fr_singles_pricing_p2a/priced_00600.parquet,UNTRACKED,parquet,639357,e4cd7fdcad949cfa1c6682073297c15ea83b38e6c92ebce913d1b9f003248416,??,,False,False,False,False,False,False,False,,,HOLD,"Attempt directory name carries a completion marker (U6D_XCHECK_DONE), but this is live U6-D evidence still awaiting deputy ratification / U6-E independent review; per this mission's explicit instruction NEVER classified HISTORICAL_IMMUTABLE_IN_PLACE (departs from v1's own DONE-marker precedent -- see governance-gap note). No reference-corpus citation found. HOLD pending deputy disposition of the whole U6-D evidence chain.",None pending clarification.,N/A (HOLD)
MNL,C:/Users/hisham/Repo/MNL/outputs/p2a_singles2016/region_live_v1/welfare_m08_v1/attempts/20260824T135740Z_28536_a4f0b28583f340adb351720b7a3d3449_u6dxc4xb_U6D_XCHECK_DONE/xc_build/notebook_dev_95/fr_singles_pricing_p2a/priced_00800.parquet,outputs/p2a_singles2016/region_live_v1/welfare_m08_v1/attempts/20260824T135740Z_28536_a4f0b28583f340adb351720b7a3d3449_u6dxc4xb_U6D_XCHECK_DONE/xc_build/notebook_dev_95/fr_singles_pricing_p2a/priced_00800.parquet,UNTRACKED,parquet,612070,07593970b717b7572bc43191b834e307548a6a8a59b43c0a6ff050d824ff62fc,??,,False,False,False,False,False,False,False,,,HOLD,"Attempt directory name carries a completion marker (U6D_XCHECK_DONE), but this is live U6-D evidence still awaiting deputy ratification / U6-E independent review; per this mission's explicit instruction NEVER classified HISTORICAL_IMMUTABLE_IN_PLACE (departs from v1's own DONE-marker precedent -- see governance-gap note). No reference-corpus citation found. HOLD pending deputy disposition of the whole U6-D evidence chain.",None pending clarification.,N/A (HOLD)
MNL,C:/Users/hisham/Repo/MNL/outputs/p2a_singles2016/region_live_v1/welfare_m08_v1/attempts/20260824T135740Z_28536_a4f0b28583f340adb351720b7a3d3449_u6dxc4xb_U6D_XCHECK_DONE/xc_build/notebook_dev_95/fr_singles_pricing_p2a/priced_01000.parquet,outputs/p2a_singles2016/region_live_v1/welfare_m08_v1/attempts/20260824T135740Z_28536_a4f0b28583f340adb351720b7a3d3449_u6dxc4xb_U6D_XCHECK_DONE/xc_build/notebook_dev_95/fr_singles_pricing_p2a/priced_01000.parquet,UNTRACKED,parquet,609354,3ce8dab55101abff052f87d800def658d4fed6aaaf8e191393ee1502423793ac,??,,False,False,False,False,False,False,False,,,HOLD,"Attempt directory name carries a completion marker (U6D_XCHECK_DONE), but this is live U6-D evidence still awaiting deputy ratification / U6-E independent review; per this mission's explicit instruction NEVER classified HISTORICAL_IMMUTABLE_IN_PLACE (departs from v1's own DONE-marker precedent -- see governance-gap note). No reference-corpus citation found. HOLD pending deputy disposition of the whole U6-D evidence chain.",None pending clarification.,N/A (HOLD)
MNL,C:/Users/hisham/Repo/MNL/outputs/p2a_singles2016/region_live_v1/welfare_m08_v1/attempts/20260824T135740Z_28536_a4f0b28583f340adb351720b7a3d3449_u6dxc4xb_U6D_XCHECK_DONE/xc_build/notebook_dev_95/fr_singles_pricing_p2a/priced_01200.parquet,outputs/p2a_singles2016/region_live_v1/welfare_m08_v1/attempts/20260824T135740Z_28536_a4f0b28583f340adb351720b7a3d3449_u6dxc4xb_U6D_XCHECK_DONE/xc_build/notebook_dev_95/fr_singles_pricing_p2a/priced_01200.parquet,UNTRACKED,parquet,611457,c6abfd2a9173b4f4bb0fc300e00edf768259189006ee562cb178d377c038677a,??,,False,False,False,False,False,False,False,,,HOLD,"Attempt directory name carries a completion marker (U6D_XCHECK_DONE), but this is live U6-D evidence still awaiting deputy ratification / U6-E independent review; per this mission's explicit instruction NEVER classified HISTORICAL_IMMUTABLE_IN_PLACE (departs from v1's own DONE-marker precedent -- see governance-gap note). No reference-corpus citation found. HOLD pending deputy disposition of the whole U6-D evidence chain.",None pending clarification.,N/A (HOLD)
MNL,C:/Users/hisham/Repo/MNL/outputs/p2a_singles2016/region_live_v1/welfare_m08_v1/attempts/20260824T135740Z_28536_a4f0b28583f340adb351720b7a3d3449_u6dxc4xb_U6D_XCHECK_DONE/xc_build/notebook_dev_95/fr_singles_pricing_p2a/priced_01400.parquet,outputs/p2a_singles2016/region_live_v1/welfare_m08_v1/attempts/20260824T135740Z_28536_a4f0b28583f340adb351720b7a3d3449_u6dxc4xb_U6D_XCHECK_DONE/xc_build/notebook_dev_95/fr_singles_pricing_p2a/priced_01400.parquet,UNTRACKED,parquet,490924,1f07938e79a55bde59cc97860363da411e9d1461a2fcc56581a53f7c1e7dab77,??,,False,False,False,False,False,False,False,,,HOLD,"Attempt directory name carries a completion marker (U6D_XCHECK_DONE), but this is live U6-D evidence still awaiting deputy ratification / U6-E independent review; per this mission's explicit instruction NEVER classified HISTORICAL_IMMUTABLE_IN_PLACE (departs from v1's own DONE-marker precedent -- see governance-gap note). No reference-corpus citation found. HOLD pending deputy disposition of the whole U6-D evidence chain.",None pending clarification.,N/A (HOLD)
MNL,C:/Users/hisham/Repo/MNL/scripts/welfare/m08_u6d_qw_basis.py,scripts/welfare/m08_u6d_qw_basis.py,UNTRACKED,py,11889,17384710acdd1d283a36f7d601e5aed63110bf28fc05e72446b7e23ac11ddcb1,??,,False,False,False,False,False,False,False,,,HOLD,"CONTENT CHANGED since v1 scan: v1 recorded size=11529 bytes, sha256=c6625da36132444e...; re-hashed and differs. Consistent with v1's own disposition (HOLD; untracked material with no reference-corpus citation). scripts/welfare/run_m08_u6d_pilot.py checked and confirmed UNCHANGED (hash match) -- not included as a delta row.",None pending clarification.,N/A (HOLD)
MNL,C:/Users/hisham/Repo/MNL/scripts/welfare/run_m08_u6d_gates.py,scripts/welfare/run_m08_u6d_gates.py,UNTRACKED,py,33844,c097d1a8e09f8810e47a208d8828db7bd19206028942261af1278650cf5b1279,??,,False,False,False,False,False,False,False,,,HOLD,"CONTENT CHANGED since v1 scan: v1 recorded size=28498 bytes, sha256=46be0f57a412f039...; re-hashed and differs. Consistent with v1's own disposition (HOLD; untracked material with no reference-corpus citation). scripts/welfare/run_m08_u6d_pilot.py checked and confirmed UNCHANGED (hash match) -- not included as a delta row.",None pending clarification.,N/A (HOLD)
MNL,C:/Users/hisham/Repo/MNL/scripts/welfare/run_m08_u6d_ladder.py,scripts/welfare/run_m08_u6d_ladder.py,UNTRACKED,py,21874,5aa4574dc86bc2419e0ad20518249f95b51925a5a4e73ec972d26a1ba07a07b1,??,,False,False,False,False,False,False,False,,,HOLD,"CONTENT CHANGED since v1 scan: v1 recorded size=21243 bytes, sha256=82c01c7ddacd31bc...; re-hashed and differs. Consistent with v1's own disposition (HOLD; untracked material with no reference-corpus citation). scripts/welfare/run_m08_u6d_pilot.py checked and confirmed UNCHANGED (hash match) -- not included as a delta row.",None pending clarification.,N/A (HOLD)
MNL,C:/Users/hisham/Repo/MNL/scripts/welfare/run_m08_u6d_xcheck.py,scripts/welfare/run_m08_u6d_xcheck.py,UNTRACKED,py,32612,78a1b8aa372c8a5fba2eadc6a1f598116b97c444128e34bc255f9ab24952456c,??,,False,False,False,False,False,False,False,,,HOLD,"CONTENT CHANGED since v1 scan: v1 recorded size=30141 bytes, sha256=f89ec2a5260e80db...; re-hashed and differs. Consistent with v1's own disposition (HOLD; untracked material with no reference-corpus citation). scripts/welfare/run_m08_u6d_pilot.py checked and confirmed UNCHANGED (hash match) -- not included as a delta row.",None pending clarification.,N/A (HOLD)
MNL,C:/Users/hisham/Repo/MNL/scripts/welfare/__pycache__/m08_u6d_qw_basis.cpython-312.pyc,scripts/welfare/__pycache__/m08_u6d_qw_basis.cpython-312.pyc,UNTRACKED,pyc,15768,281370b8c9c8c966c7e2f8cd158d3284cbf9ccbb30cf131d8f1fe90849138d37,IGNORED,,False,False,False,False,False,False,False,,,HOLD,"Compiled Python bytecode cache (build artifact), gitignored via __pycache__/ pattern in .gitignore; not evidentiary, not source, regenerable from the corresponding .py. v1 had zero pycache rows (no scanning precedent). Defaults to HOLD -- unresolved classification per ruling s3 (""any unresolved classification defaults to HOLD""). git_status recorded as IGNORED (a v1.1-only flag value; v1 used only ??/clean/M/NO_VCS, none of which describe a gitignored-but-present file).",None pending clarification.,N/A (HOLD)
MNL,C:/Users/hisham/Repo/MNL/scripts/welfare/__pycache__/run_m08_u6d_gates.cpython-312.pyc,scripts/welfare/__pycache__/run_m08_u6d_gates.cpython-312.pyc,UNTRACKED,pyc,44217,9ea638855c3b8eaddbfdb58373010eac7a2120d35ec216ae34e813e8dd263f92,IGNORED,,False,False,False,False,False,False,False,,,HOLD,"Compiled Python bytecode cache (build artifact), gitignored via __pycache__/ pattern in .gitignore; not evidentiary, not source, regenerable from the corresponding .py. v1 had zero pycache rows (no scanning precedent). Defaults to HOLD -- unresolved classification per ruling s3 (""any unresolved classification defaults to HOLD""). git_status recorded as IGNORED (a v1.1-only flag value; v1 used only ??/clean/M/NO_VCS, none of which describe a gitignored-but-present file).",None pending clarification.,N/A (HOLD)
MNL,C:/Users/hisham/Repo/MNL/scripts/welfare/__pycache__/run_m08_u6d_ladder.cpython-312.pyc,scripts/welfare/__pycache__/run_m08_u6d_ladder.cpython-312.pyc,UNTRACKED,pyc,30067,9364c816df024e26189ce53022f86701175210a86bc382da8c1bf5751f97f74b,IGNORED,,False,False,False,False,False,False,False,,,HOLD,"Compiled Python bytecode cache (build artifact), gitignored via __pycache__/ pattern in .gitignore; not evidentiary, not source, regenerable from the corresponding .py. v1 had zero pycache rows (no scanning precedent). Defaults to HOLD -- unresolved classification per ruling s3 (""any unresolved classification defaults to HOLD""). git_status recorded as IGNORED (a v1.1-only flag value; v1 used only ??/clean/M/NO_VCS, none of which describe a gitignored-but-present file).",None pending clarification.,N/A (HOLD)
MNL,C:/Users/hisham/Repo/MNL/scripts/welfare/__pycache__/run_m08_u6d_pilot.cpython-312.pyc,scripts/welfare/__pycache__/run_m08_u6d_pilot.cpython-312.pyc,UNTRACKED,pyc,46172,35e3991b3c21d902ee516c442f0186a680630825cc2b3ee5d6e866b283e1171c,IGNORED,,False,False,False,False,False,False,False,,,HOLD,"Compiled Python bytecode cache (build artifact), gitignored via __pycache__/ pattern in .gitignore; not evidentiary, not source, regenerable from the corresponding .py. v1 had zero pycache rows (no scanning precedent). Defaults to HOLD -- unresolved classification per ruling s3 (""any unresolved classification defaults to HOLD""). git_status recorded as IGNORED (a v1.1-only flag value; v1 used only ??/clean/M/NO_VCS, none of which describe a gitignored-but-present file).",None pending clarification.,N/A (HOLD)
MNL,C:/Users/hisham/Repo/MNL/scripts/welfare/__pycache__/run_m08_u6d_xcheck.cpython-312.pyc,scripts/welfare/__pycache__/run_m08_u6d_xcheck.cpython-312.pyc,UNTRACKED,pyc,44511,6bea301ecc687ead60d4b8d4d19b3a1171a850fa2e500868d3062b27a8f0d7dd,IGNORED,,False,False,False,False,False,False,False,,,HOLD,"Compiled Python bytecode cache (build artifact), gitignored via __pycache__/ pattern in .gitignore; not evidentiary, not source, regenerable from the corresponding .py. v1 had zero pycache rows (no scanning precedent). Defaults to HOLD -- unresolved classification per ruling s3 (""any unresolved classification defaults to HOLD""). git_status recorded as IGNORED (a v1.1-only flag value; v1 used only ??/clean/M/NO_VCS, none of which describe a gitignored-but-present file).",None pending clarification.,N/A (HOLD)
EUROMOD-STORAGE,C:/Users/hisham/MNL/EUROMOD-STORAGE/outputs/p2a_singles2016/region_live_v1/fr_singles_pricing_p2a_qw/priced_qw_4x_00000.parquet,outputs/p2a_singles2016/region_live_v1/fr_singles_pricing_p2a_qw/priced_qw_4x_00000.parquet,UNTRACKED,parquet,265879,7aa4214889635109a35fc653c3f607d19b040d52bf87abe87f7a98f9349d859d,NO_VCS,,False,False,False,False,False,False,False,,,HOLD,"NEW since v1 (v1 cutoff 2026-08-24 14:19:18+02:00): part of cache_dir C:\Users\hisham\MNL\EUROMOD-STORAGE\outputs\p2a_singles2016\region_live_v1\fr_singles_pricing_p2a_qw referenced by step3_pricing.cache_dir inside both u6dladder_U6D_LADDER_PRICED/u6d_ladder_v1.json and u6dladder4x_U6D_LADDER_PRICED/u6d_ladder_v1.json. The sibling priced_qw_1x_*/priced_qw_2x_* chunks (16 files) in this same directory pre-date the v1 cutoff and are already in v1 (classified HOLD there); only the priced_qw_4x_* chunks (this file) are new. Not yet a PUBLISHED pin in m08_u6_pins_v2.py (_PROMOTED_V1 list unchanged, 18 entries, none of which reference this qw/4x geometry). Live U6-D pricing-cache evidence, no reference-corpus citation. Classified HOLD for consistency with v1's own treatment of the sibling 1x/2x chunks in this directory.",None pending clarification.,N/A (HOLD)
EUROMOD-STORAGE,C:/Users/hisham/MNL/EUROMOD-STORAGE/outputs/p2a_singles2016/region_live_v1/fr_singles_pricing_p2a_qw/priced_qw_4x_00200.parquet,outputs/p2a_singles2016/region_live_v1/fr_singles_pricing_p2a_qw/priced_qw_4x_00200.parquet,UNTRACKED,parquet,270544,2db67025c0372f1b1665df33fa3a0e0bce6ebc3ee50176314dd8041483cd4ca1,NO_VCS,,False,False,False,False,False,False,False,,,HOLD,"NEW since v1 (v1 cutoff 2026-08-24 14:19:18+02:00): part of cache_dir C:\Users\hisham\MNL\EUROMOD-STORAGE\outputs\p2a_singles2016\region_live_v1\fr_singles_pricing_p2a_qw referenced by step3_pricing.cache_dir inside both u6dladder_U6D_LADDER_PRICED/u6d_ladder_v1.json and u6dladder4x_U6D_LADDER_PRICED/u6d_ladder_v1.json. The sibling priced_qw_1x_*/priced_qw_2x_* chunks (16 files) in this same directory pre-date the v1 cutoff and are already in v1 (classified HOLD there); only the priced_qw_4x_* chunks (this file) are new. Not yet a PUBLISHED pin in m08_u6_pins_v2.py (_PROMOTED_V1 list unchanged, 18 entries, none of which reference this qw/4x geometry). Live U6-D pricing-cache evidence, no reference-corpus citation. Classified HOLD for consistency with v1's own treatment of the sibling 1x/2x chunks in this directory.",None pending clarification.,N/A (HOLD)
EUROMOD-STORAGE,C:/Users/hisham/MNL/EUROMOD-STORAGE/outputs/p2a_singles2016/region_live_v1/fr_singles_pricing_p2a_qw/priced_qw_4x_00400.parquet,outputs/p2a_singles2016/region_live_v1/fr_singles_pricing_p2a_qw/priced_qw_4x_00400.parquet,UNTRACKED,parquet,258531,4ad6aaf4cbc6ecc36d168cd085ad5c16984a1b0279e5ade73b3b24eefb24a3b7,NO_VCS,,False,False,False,False,False,False,False,,,HOLD,"NEW since v1 (v1 cutoff 2026-08-24 14:19:18+02:00): part of cache_dir C:\Users\hisham\MNL\EUROMOD-STORAGE\outputs\p2a_singles2016\region_live_v1\fr_singles_pricing_p2a_qw referenced by step3_pricing.cache_dir inside both u6dladder_U6D_LADDER_PRICED/u6d_ladder_v1.json and u6dladder4x_U6D_LADDER_PRICED/u6d_ladder_v1.json. The sibling priced_qw_1x_*/priced_qw_2x_* chunks (16 files) in this same directory pre-date the v1 cutoff and are already in v1 (classified HOLD there); only the priced_qw_4x_* chunks (this file) are new. Not yet a PUBLISHED pin in m08_u6_pins_v2.py (_PROMOTED_V1 list unchanged, 18 entries, none of which reference this qw/4x geometry). Live U6-D pricing-cache evidence, no reference-corpus citation. Classified HOLD for consistency with v1's own treatment of the sibling 1x/2x chunks in this directory.",None pending clarification.,N/A (HOLD)
EUROMOD-STORAGE,C:/Users/hisham/MNL/EUROMOD-STORAGE/outputs/p2a_singles2016/region_live_v1/fr_singles_pricing_p2a_qw/priced_qw_4x_00600.parquet,outputs/p2a_singles2016/region_live_v1/fr_singles_pricing_p2a_qw/priced_qw_4x_00600.parquet,UNTRACKED,parquet,271682,9d1d42078d6d5d75ab3ab2ae5368a9acebd984dffb40fd2f4dcf67ffd6aaf4ce,NO_VCS,,False,False,False,False,False,False,False,,,HOLD,"NEW since v1 (v1 cutoff 2026-08-24 14:19:18+02:00): part of cache_dir C:\Users\hisham\MNL\EUROMOD-STORAGE\outputs\p2a_singles2016\region_live_v1\fr_singles_pricing_p2a_qw referenced by step3_pricing.cache_dir inside both u6dladder_U6D_LADDER_PRICED/u6d_ladder_v1.json and u6dladder4x_U6D_LADDER_PRICED/u6d_ladder_v1.json. The sibling priced_qw_1x_*/priced_qw_2x_* chunks (16 files) in this same directory pre-date the v1 cutoff and are already in v1 (classified HOLD there); only the priced_qw_4x_* chunks (this file) are new. Not yet a PUBLISHED pin in m08_u6_pins_v2.py (_PROMOTED_V1 list unchanged, 18 entries, none of which reference this qw/4x geometry). Live U6-D pricing-cache evidence, no reference-corpus citation. Classified HOLD for consistency with v1's own treatment of the sibling 1x/2x chunks in this directory.",None pending clarification.,N/A (HOLD)
EUROMOD-STORAGE,C:/Users/hisham/MNL/EUROMOD-STORAGE/outputs/p2a_singles2016/region_live_v1/fr_singles_pricing_p2a_qw/priced_qw_4x_00800.parquet,outputs/p2a_singles2016/region_live_v1/fr_singles_pricing_p2a_qw/priced_qw_4x_00800.parquet,UNTRACKED,parquet,264602,10a825acfdf901b94820e925138281edee1e458a1972d863034d8512bf431399,NO_VCS,,False,False,False,False,False,False,False,,,HOLD,"NEW since v1 (v1 cutoff 2026-08-24 14:19:18+02:00): part of cache_dir C:\Users\hisham\MNL\EUROMOD-STORAGE\outputs\p2a_singles2016\region_live_v1\fr_singles_pricing_p2a_qw referenced by step3_pricing.cache_dir inside both u6dladder_U6D_LADDER_PRICED/u6d_ladder_v1.json and u6dladder4x_U6D_LADDER_PRICED/u6d_ladder_v1.json. The sibling priced_qw_1x_*/priced_qw_2x_* chunks (16 files) in this same directory pre-date the v1 cutoff and are already in v1 (classified HOLD there); only the priced_qw_4x_* chunks (this file) are new. Not yet a PUBLISHED pin in m08_u6_pins_v2.py (_PROMOTED_V1 list unchanged, 18 entries, none of which reference this qw/4x geometry). Live U6-D pricing-cache evidence, no reference-corpus citation. Classified HOLD for consistency with v1's own treatment of the sibling 1x/2x chunks in this directory.",None pending clarification.,N/A (HOLD)
EUROMOD-STORAGE,C:/Users/hisham/MNL/EUROMOD-STORAGE/outputs/p2a_singles2016/region_live_v1/fr_singles_pricing_p2a_qw/priced_qw_4x_01000.parquet,outputs/p2a_singles2016/region_live_v1/fr_singles_pricing_p2a_qw/priced_qw_4x_01000.parquet,UNTRACKED,parquet,259379,6ecb5163ca061aa340c63020f9960109de27df9221a96ba8c287f24b3a3ade31,NO_VCS,,False,False,False,False,False,False,False,,,HOLD,"NEW since v1 (v1 cutoff 2026-08-24 14:19:18+02:00): part of cache_dir C:\Users\hisham\MNL\EUROMOD-STORAGE\outputs\p2a_singles2016\region_live_v1\fr_singles_pricing_p2a_qw referenced by step3_pricing.cache_dir inside both u6dladder_U6D_LADDER_PRICED/u6d_ladder_v1.json and u6dladder4x_U6D_LADDER_PRICED/u6d_ladder_v1.json. The sibling priced_qw_1x_*/priced_qw_2x_* chunks (16 files) in this same directory pre-date the v1 cutoff and are already in v1 (classified HOLD there); only the priced_qw_4x_* chunks (this file) are new. Not yet a PUBLISHED pin in m08_u6_pins_v2.py (_PROMOTED_V1 list unchanged, 18 entries, none of which reference this qw/4x geometry). Live U6-D pricing-cache evidence, no reference-corpus citation. Classified HOLD for consistency with v1's own treatment of the sibling 1x/2x chunks in this directory.",None pending clarification.,N/A (HOLD)
EUROMOD-STORAGE,C:/Users/hisham/MNL/EUROMOD-STORAGE/outputs/p2a_singles2016/region_live_v1/fr_singles_pricing_p2a_qw/priced_qw_4x_01200.parquet,outputs/p2a_singles2016/region_live_v1/fr_singles_pricing_p2a_qw/priced_qw_4x_01200.parquet,UNTRACKED,parquet,262366,91df16bab36ea063a767a8688618390aa9b9e06912356fa2591f1a8d1a719712,NO_VCS,,False,False,False,False,False,False,False,,,HOLD,"NEW since v1 (v1 cutoff 2026-08-24 14:19:18+02:00): part of cache_dir C:\Users\hisham\MNL\EUROMOD-STORAGE\outputs\p2a_singles2016\region_live_v1\fr_singles_pricing_p2a_qw referenced by step3_pricing.cache_dir inside both u6dladder_U6D_LADDER_PRICED/u6d_ladder_v1.json and u6dladder4x_U6D_LADDER_PRICED/u6d_ladder_v1.json. The sibling priced_qw_1x_*/priced_qw_2x_* chunks (16 files) in this same directory pre-date the v1 cutoff and are already in v1 (classified HOLD there); only the priced_qw_4x_* chunks (this file) are new. Not yet a PUBLISHED pin in m08_u6_pins_v2.py (_PROMOTED_V1 list unchanged, 18 entries, none of which reference this qw/4x geometry). Live U6-D pricing-cache evidence, no reference-corpus citation. Classified HOLD for consistency with v1's own treatment of the sibling 1x/2x chunks in this directory.",None pending clarification.,N/A (HOLD)
EUROMOD-STORAGE,C:/Users/hisham/MNL/EUROMOD-STORAGE/outputs/p2a_singles2016/region_live_v1/fr_singles_pricing_p2a_qw/priced_qw_4x_01400.parquet,outputs/p2a_singles2016/region_live_v1/fr_singles_pricing_p2a_qw/priced_qw_4x_01400.parquet,UNTRACKED,parquet,205703,dbce521d4485404212da0e36354dd87ce43ded920b11f09783718d87b9f7388c,NO_VCS,,False,False,False,False,False,False,False,,,HOLD,"NEW since v1 (v1 cutoff 2026-08-24 14:19:18+02:00): part of cache_dir C:\Users\hisham\MNL\EUROMOD-STORAGE\outputs\p2a_singles2016\region_live_v1\fr_singles_pricing_p2a_qw referenced by step3_pricing.cache_dir inside both u6dladder_U6D_LADDER_PRICED/u6d_ladder_v1.json and u6dladder4x_U6D_LADDER_PRICED/u6d_ladder_v1.json. The sibling priced_qw_1x_*/priced_qw_2x_* chunks (16 files) in this same directory pre-date the v1 cutoff and are already in v1 (classified HOLD there); only the priced_qw_4x_* chunks (this file) are new. Not yet a PUBLISHED pin in m08_u6_pins_v2.py (_PROMOTED_V1 list unchanged, 18 entries, none of which reference this qw/4x geometry). Live U6-D pricing-cache evidence, no reference-corpus citation. Classified HOLD for consistency with v1's own treatment of the sibling 1x/2x chunks in this directory.",None pending clarification.,N/A (HOLD)
EUROMOD-STORAGE,C:/Users/hisham/MNL/EUROMOD-STORAGE/outputs/p2a_singles2016/region_live_v1/fr_singles_pricing_p2a_xc/priced_xc_ghat_AB_00000.parquet,outputs/p2a_singles2016/region_live_v1/fr_singles_pricing_p2a_xc/priced_xc_ghat_AB_00000.parquet,UNTRACKED,parquet,612802,474502fa803deb1fed52017767f264a80fcfc4f52fc2cd2fd27fa5b8be16bca8,NO_VCS,,False,False,False,False,False,False,False,,,HOLD,"NEW since v1 (v1 cutoff 2026-08-24 14:19:18+02:00): entire cache directory C:\Users\hisham\MNL\EUROMOD-STORAGE\outputs\p2a_singles2016\region_live_v1\fr_singles_pricing_p2a_xc was created after the v1 cutoff (dir birth ~14:48 local, all 32 files written 14:48-15:56 local) to serve the u6dxc_dry / u6dxc4x / u6dxc4xb cross-check attempts. Not yet a PUBLISHED pin in m08_u6_pins_v2.py. Live U6-D cross-check pricing-cache evidence, no reference-corpus citation. Classified HOLD, same treatment v1 gave the analogous priced_qw_1x/2x chunk files.",None pending clarification.,N/A (HOLD)
EUROMOD-STORAGE,C:/Users/hisham/MNL/EUROMOD-STORAGE/outputs/p2a_singles2016/region_live_v1/fr_singles_pricing_p2a_xc/priced_xc_ghat_AB_00200.parquet,outputs/p2a_singles2016/region_live_v1/fr_singles_pricing_p2a_xc/priced_xc_ghat_AB_00200.parquet,UNTRACKED,parquet,616986,d02d9268bfa3968c5e03dd1dd6dd25c44df1b529c23656442f798285ef3866ca,NO_VCS,,False,False,False,False,False,False,False,,,HOLD,"NEW since v1 (v1 cutoff 2026-08-24 14:19:18+02:00): entire cache directory C:\Users\hisham\MNL\EUROMOD-STORAGE\outputs\p2a_singles2016\region_live_v1\fr_singles_pricing_p2a_xc was created after the v1 cutoff (dir birth ~14:48 local, all 32 files written 14:48-15:56 local) to serve the u6dxc_dry / u6dxc4x / u6dxc4xb cross-check attempts. Not yet a PUBLISHED pin in m08_u6_pins_v2.py. Live U6-D cross-check pricing-cache evidence, no reference-corpus citation. Classified HOLD, same treatment v1 gave the analogous priced_qw_1x/2x chunk files.",None pending clarification.,N/A (HOLD)
EUROMOD-STORAGE,C:/Users/hisham/MNL/EUROMOD-STORAGE/outputs/p2a_singles2016/region_live_v1/fr_singles_pricing_p2a_xc/priced_xc_ghat_AB_00400.parquet,outputs/p2a_singles2016/region_live_v1/fr_singles_pricing_p2a_xc/priced_xc_ghat_AB_00400.parquet,UNTRACKED,parquet,593422,897b34cb3ba96b60d8445ffa1af44deeb999a2c5e9d382374bf4dc6c3805a409,NO_VCS,,False,False,False,False,False,False,False,,,HOLD,"NEW since v1 (v1 cutoff 2026-08-24 14:19:18+02:00): entire cache directory C:\Users\hisham\MNL\EUROMOD-STORAGE\outputs\p2a_singles2016\region_live_v1\fr_singles_pricing_p2a_xc was created after the v1 cutoff (dir birth ~14:48 local, all 32 files written 14:48-15:56 local) to serve the u6dxc_dry / u6dxc4x / u6dxc4xb cross-check attempts. Not yet a PUBLISHED pin in m08_u6_pins_v2.py. Live U6-D cross-check pricing-cache evidence, no reference-corpus citation. Classified HOLD, same treatment v1 gave the analogous priced_qw_1x/2x chunk files.",None pending clarification.,N/A (HOLD)
EUROMOD-STORAGE,C:/Users/hisham/MNL/EUROMOD-STORAGE/outputs/p2a_singles2016/region_live_v1/fr_singles_pricing_p2a_xc/priced_xc_ghat_AB_00600.parquet,outputs/p2a_singles2016/region_live_v1/fr_singles_pricing_p2a_xc/priced_xc_ghat_AB_00600.parquet,UNTRACKED,parquet,631490,e291d987b33748b6330bba7342cd5d90d4b48f1501f3d83a8756fab4015b7cd1,NO_VCS,,False,False,False,False,False,False,False,,,HOLD,"NEW since v1 (v1 cutoff 2026-08-24 14:19:18+02:00): entire cache directory C:\Users\hisham\MNL\EUROMOD-STORAGE\outputs\p2a_singles2016\region_live_v1\fr_singles_pricing_p2a_xc was created after the v1 cutoff (dir birth ~14:48 local, all 32 files written 14:48-15:56 local) to serve the u6dxc_dry / u6dxc4x / u6dxc4xb cross-check attempts. Not yet a PUBLISHED pin in m08_u6_pins_v2.py. Live U6-D cross-check pricing-cache evidence, no reference-corpus citation. Classified HOLD, same treatment v1 gave the analogous priced_qw_1x/2x chunk files.",None pending clarification.,N/A (HOLD)
EUROMOD-STORAGE,C:/Users/hisham/MNL/EUROMOD-STORAGE/outputs/p2a_singles2016/region_live_v1/fr_singles_pricing_p2a_xc/priced_xc_ghat_AB_00800.parquet,outputs/p2a_singles2016/region_live_v1/fr_singles_pricing_p2a_xc/priced_xc_ghat_AB_00800.parquet,UNTRACKED,parquet,600874,27e269d4f3cb406d2574454909df4abe116e23daa7b31e53addbca17ac9d0cce,NO_VCS,,False,False,False,False,False,False,False,,,HOLD,"NEW since v1 (v1 cutoff 2026-08-24 14:19:18+02:00): entire cache directory C:\Users\hisham\MNL\EUROMOD-STORAGE\outputs\p2a_singles2016\region_live_v1\fr_singles_pricing_p2a_xc was created after the v1 cutoff (dir birth ~14:48 local, all 32 files written 14:48-15:56 local) to serve the u6dxc_dry / u6dxc4x / u6dxc4xb cross-check attempts. Not yet a PUBLISHED pin in m08_u6_pins_v2.py. Live U6-D cross-check pricing-cache evidence, no reference-corpus citation. Classified HOLD, same treatment v1 gave the analogous priced_qw_1x/2x chunk files.",None pending clarification.,N/A (HOLD)
EUROMOD-STORAGE,C:/Users/hisham/MNL/EUROMOD-STORAGE/outputs/p2a_singles2016/region_live_v1/fr_singles_pricing_p2a_xc/priced_xc_ghat_AB_01000.parquet,outputs/p2a_singles2016/region_live_v1/fr_singles_pricing_p2a_xc/priced_xc_ghat_AB_01000.parquet,UNTRACKED,parquet,598890,676cf260a2f568c99210d78a8bc2f09efdcd501b2db1efad8633d0bfd8616e40,NO_VCS,,False,False,False,False,False,False,False,,,HOLD,"NEW since v1 (v1 cutoff 2026-08-24 14:19:18+02:00): entire cache directory C:\Users\hisham\MNL\EUROMOD-STORAGE\outputs\p2a_singles2016\region_live_v1\fr_singles_pricing_p2a_xc was created after the v1 cutoff (dir birth ~14:48 local, all 32 files written 14:48-15:56 local) to serve the u6dxc_dry / u6dxc4x / u6dxc4xb cross-check attempts. Not yet a PUBLISHED pin in m08_u6_pins_v2.py. Live U6-D cross-check pricing-cache evidence, no reference-corpus citation. Classified HOLD, same treatment v1 gave the analogous priced_qw_1x/2x chunk files.",None pending clarification.,N/A (HOLD)
EUROMOD-STORAGE,C:/Users/hisham/MNL/EUROMOD-STORAGE/outputs/p2a_singles2016/region_live_v1/fr_singles_pricing_p2a_xc/priced_xc_ghat_AB_01200.parquet,outputs/p2a_singles2016/region_live_v1/fr_singles_pricing_p2a_xc/priced_xc_ghat_AB_01200.parquet,UNTRACKED,parquet,597073,eec249543fe0a7d37cdcd71ef5ee344c9a18a8d4cce53bdc1f2405505ed41f5e,NO_VCS,,False,False,False,False,False,False,False,,,HOLD,"NEW since v1 (v1 cutoff 2026-08-24 14:19:18+02:00): entire cache directory C:\Users\hisham\MNL\EUROMOD-STORAGE\outputs\p2a_singles2016\region_live_v1\fr_singles_pricing_p2a_xc was created after the v1 cutoff (dir birth ~14:48 local, all 32 files written 14:48-15:56 local) to serve the u6dxc_dry / u6dxc4x / u6dxc4xb cross-check attempts. Not yet a PUBLISHED pin in m08_u6_pins_v2.py. Live U6-D cross-check pricing-cache evidence, no reference-corpus citation. Classified HOLD, same treatment v1 gave the analogous priced_qw_1x/2x chunk files.",None pending clarification.,N/A (HOLD)
EUROMOD-STORAGE,C:/Users/hisham/MNL/EUROMOD-STORAGE/outputs/p2a_singles2016/region_live_v1/fr_singles_pricing_p2a_xc/priced_xc_ghat_AB_01400.parquet,outputs/p2a_singles2016/region_live_v1/fr_singles_pricing_p2a_xc/priced_xc_ghat_AB_01400.parquet,UNTRACKED,parquet,483373,630435aebad0464bf9b9f48b2e235651620f8098c73e939bfd1a03287c92b4a5,NO_VCS,,False,False,False,False,False,False,False,,,HOLD,"NEW since v1 (v1 cutoff 2026-08-24 14:19:18+02:00): entire cache directory C:\Users\hisham\MNL\EUROMOD-STORAGE\outputs\p2a_singles2016\region_live_v1\fr_singles_pricing_p2a_xc was created after the v1 cutoff (dir birth ~14:48 local, all 32 files written 14:48-15:56 local) to serve the u6dxc_dry / u6dxc4x / u6dxc4xb cross-check attempts. Not yet a PUBLISHED pin in m08_u6_pins_v2.py. Live U6-D cross-check pricing-cache evidence, no reference-corpus citation. Classified HOLD, same treatment v1 gave the analogous priced_qw_1x/2x chunk files.",None pending clarification.,N/A (HOLD)
EUROMOD-STORAGE,C:/Users/hisham/MNL/EUROMOD-STORAGE/outputs/p2a_singles2016/region_live_v1/fr_singles_pricing_p2a_xc/priced_xc_ghat_A_00000.parquet,outputs/p2a_singles2016/region_live_v1/fr_singles_pricing_p2a_xc/priced_xc_ghat_A_00000.parquet,UNTRACKED,parquet,612431,89a2f99cb5c99bd08c58f26f7a0598e3f4e2ff58cd6c2458d18cdecff09c8245,NO_VCS,,False,False,False,False,False,False,False,,,HOLD,"NEW since v1 (v1 cutoff 2026-08-24 14:19:18+02:00): entire cache directory C:\Users\hisham\MNL\EUROMOD-STORAGE\outputs\p2a_singles2016\region_live_v1\fr_singles_pricing_p2a_xc was created after the v1 cutoff (dir birth ~14:48 local, all 32 files written 14:48-15:56 local) to serve the u6dxc_dry / u6dxc4x / u6dxc4xb cross-check attempts. Not yet a PUBLISHED pin in m08_u6_pins_v2.py. Live U6-D cross-check pricing-cache evidence, no reference-corpus citation. Classified HOLD, same treatment v1 gave the analogous priced_qw_1x/2x chunk files.",None pending clarification.,N/A (HOLD)
EUROMOD-STORAGE,C:/Users/hisham/MNL/EUROMOD-STORAGE/outputs/p2a_singles2016/region_live_v1/fr_singles_pricing_p2a_xc/priced_xc_ghat_A_00200.parquet,outputs/p2a_singles2016/region_live_v1/fr_singles_pricing_p2a_xc/priced_xc_ghat_A_00200.parquet,UNTRACKED,parquet,617189,33505b8f1a5641fd9461be870bc23fff568f88849d9876ffc21aeb3cb311f968,NO_VCS,,False,False,False,False,False,False,False,,,HOLD,"NEW since v1 (v1 cutoff 2026-08-24 14:19:18+02:00): entire cache directory C:\Users\hisham\MNL\EUROMOD-STORAGE\outputs\p2a_singles2016\region_live_v1\fr_singles_pricing_p2a_xc was created after the v1 cutoff (dir birth ~14:48 local, all 32 files written 14:48-15:56 local) to serve the u6dxc_dry / u6dxc4x / u6dxc4xb cross-check attempts. Not yet a PUBLISHED pin in m08_u6_pins_v2.py. Live U6-D cross-check pricing-cache evidence, no reference-corpus citation. Classified HOLD, same treatment v1 gave the analogous priced_qw_1x/2x chunk files.",None pending clarification.,N/A (HOLD)
EUROMOD-STORAGE,C:/Users/hisham/MNL/EUROMOD-STORAGE/outputs/p2a_singles2016/region_live_v1/fr_singles_pricing_p2a_xc/priced_xc_ghat_A_00400.parquet,outputs/p2a_singles2016/region_live_v1/fr_singles_pricing_p2a_xc/priced_xc_ghat_A_00400.parquet,UNTRACKED,parquet,592951,3d83587d80df4191ec18b9e525622279f42ecd6289ef4224ce879210c14dc86e,NO_VCS,,False,False,False,False,False,False,False,,,HOLD,"NEW since v1 (v1 cutoff 2026-08-24 14:19:18+02:00): entire cache directory C:\Users\hisham\MNL\EUROMOD-STORAGE\outputs\p2a_singles2016\region_live_v1\fr_singles_pricing_p2a_xc was created after the v1 cutoff (dir birth ~14:48 local, all 32 files written 14:48-15:56 local) to serve the u6dxc_dry / u6dxc4x / u6dxc4xb cross-check attempts. Not yet a PUBLISHED pin in m08_u6_pins_v2.py. Live U6-D cross-check pricing-cache evidence, no reference-corpus citation. Classified HOLD, same treatment v1 gave the analogous priced_qw_1x/2x chunk files.",None pending clarification.,N/A (HOLD)
EUROMOD-STORAGE,C:/Users/hisham/MNL/EUROMOD-STORAGE/outputs/p2a_singles2016/region_live_v1/fr_singles_pricing_p2a_xc/priced_xc_ghat_A_00600.parquet,outputs/p2a_singles2016/region_live_v1/fr_singles_pricing_p2a_xc/priced_xc_ghat_A_00600.parquet,UNTRACKED,parquet,631230,2746ecd503726f1adae8fd212b3a5d588da32dd192ba260aad61e0f7b9c8ab66,NO_VCS,,False,False,False,False,False,False,False,,,HOLD,"NEW since v1 (v1 cutoff 2026-08-24 14:19:18+02:00): entire cache directory C:\Users\hisham\MNL\EUROMOD-STORAGE\outputs\p2a_singles2016\region_live_v1\fr_singles_pricing_p2a_xc was created after the v1 cutoff (dir birth ~14:48 local, all 32 files written 14:48-15:56 local) to serve the u6dxc_dry / u6dxc4x / u6dxc4xb cross-check attempts. Not yet a PUBLISHED pin in m08_u6_pins_v2.py. Live U6-D cross-check pricing-cache evidence, no reference-corpus citation. Classified HOLD, same treatment v1 gave the analogous priced_qw_1x/2x chunk files.",None pending clarification.,N/A (HOLD)
EUROMOD-STORAGE,C:/Users/hisham/MNL/EUROMOD-STORAGE/outputs/p2a_singles2016/region_live_v1/fr_singles_pricing_p2a_xc/priced_xc_ghat_A_00800.parquet,outputs/p2a_singles2016/region_live_v1/fr_singles_pricing_p2a_xc/priced_xc_ghat_A_00800.parquet,UNTRACKED,parquet,603432,fafb09720255ec8ab1f1b64fa0a921baeb69037a70dd4e2d66094abafcc62436,NO_VCS,,False,False,False,False,False,False,False,,,HOLD,"NEW since v1 (v1 cutoff 2026-08-24 14:19:18+02:00): entire cache directory C:\Users\hisham\MNL\EUROMOD-STORAGE\outputs\p2a_singles2016\region_live_v1\fr_singles_pricing_p2a_xc was created after the v1 cutoff (dir birth ~14:48 local, all 32 files written 14:48-15:56 local) to serve the u6dxc_dry / u6dxc4x / u6dxc4xb cross-check attempts. Not yet a PUBLISHED pin in m08_u6_pins_v2.py. Live U6-D cross-check pricing-cache evidence, no reference-corpus citation. Classified HOLD, same treatment v1 gave the analogous priced_qw_1x/2x chunk files.",None pending clarification.,N/A (HOLD)
EUROMOD-STORAGE,C:/Users/hisham/MNL/EUROMOD-STORAGE/outputs/p2a_singles2016/region_live_v1/fr_singles_pricing_p2a_xc/priced_xc_ghat_A_01000.parquet,outputs/p2a_singles2016/region_live_v1/fr_singles_pricing_p2a_xc/priced_xc_ghat_A_01000.parquet,UNTRACKED,parquet,600142,50a4f3b137a56023a07b1a791a415ad0e168bad351630f0c1cc974684f14b342,NO_VCS,,False,False,False,False,False,False,False,,,HOLD,"NEW since v1 (v1 cutoff 2026-08-24 14:19:18+02:00): entire cache directory C:\Users\hisham\MNL\EUROMOD-STORAGE\outputs\p2a_singles2016\region_live_v1\fr_singles_pricing_p2a_xc was created after the v1 cutoff (dir birth ~14:48 local, all 32 files written 14:48-15:56 local) to serve the u6dxc_dry / u6dxc4x / u6dxc4xb cross-check attempts. Not yet a PUBLISHED pin in m08_u6_pins_v2.py. Live U6-D cross-check pricing-cache evidence, no reference-corpus citation. Classified HOLD, same treatment v1 gave the analogous priced_qw_1x/2x chunk files.",None pending clarification.,N/A (HOLD)
EUROMOD-STORAGE,C:/Users/hisham/MNL/EUROMOD-STORAGE/outputs/p2a_singles2016/region_live_v1/fr_singles_pricing_p2a_xc/priced_xc_ghat_A_01200.parquet,outputs/p2a_singles2016/region_live_v1/fr_singles_pricing_p2a_xc/priced_xc_ghat_A_01200.parquet,UNTRACKED,parquet,597579,8928f59f0dafc19b30c3a7b9129d20afcab06e4fafd003e24bee0e6d039abdc7,NO_VCS,,False,False,False,False,False,False,False,,,HOLD,"NEW since v1 (v1 cutoff 2026-08-24 14:19:18+02:00): entire cache directory C:\Users\hisham\MNL\EUROMOD-STORAGE\outputs\p2a_singles2016\region_live_v1\fr_singles_pricing_p2a_xc was created after the v1 cutoff (dir birth ~14:48 local, all 32 files written 14:48-15:56 local) to serve the u6dxc_dry / u6dxc4x / u6dxc4xb cross-check attempts. Not yet a PUBLISHED pin in m08_u6_pins_v2.py. Live U6-D cross-check pricing-cache evidence, no reference-corpus citation. Classified HOLD, same treatment v1 gave the analogous priced_qw_1x/2x chunk files.",None pending clarification.,N/A (HOLD)
EUROMOD-STORAGE,C:/Users/hisham/MNL/EUROMOD-STORAGE/outputs/p2a_singles2016/region_live_v1/fr_singles_pricing_p2a_xc/priced_xc_ghat_A_01400.parquet,outputs/p2a_singles2016/region_live_v1/fr_singles_pricing_p2a_xc/priced_xc_ghat_A_01400.parquet,UNTRACKED,parquet,484356,0f43eef97cebc2a7284ec1264368ec936aeea435a722a9663afdb67ca079ac2d,NO_VCS,,False,False,False,False,False,False,False,,,HOLD,"NEW since v1 (v1 cutoff 2026-08-24 14:19:18+02:00): entire cache directory C:\Users\hisham\MNL\EUROMOD-STORAGE\outputs\p2a_singles2016\region_live_v1\fr_singles_pricing_p2a_xc was created after the v1 cutoff (dir birth ~14:48 local, all 32 files written 14:48-15:56 local) to serve the u6dxc_dry / u6dxc4x / u6dxc4xb cross-check attempts. Not yet a PUBLISHED pin in m08_u6_pins_v2.py. Live U6-D cross-check pricing-cache evidence, no reference-corpus citation. Classified HOLD, same treatment v1 gave the analogous priced_qw_1x/2x chunk files.",None pending clarification.,N/A (HOLD)
EUROMOD-STORAGE,C:/Users/hisham/MNL/EUROMOD-STORAGE/outputs/p2a_singles2016/region_live_v1/fr_singles_pricing_p2a_xc/priced_xc_ghat_B_00000.parquet,outputs/p2a_singles2016/region_live_v1/fr_singles_pricing_p2a_xc/priced_xc_ghat_B_00000.parquet,UNTRACKED,parquet,612197,aaf6731a1d4e2c4f8bf5b92fa9f62ee104642bcf9701e8b78af67603f4f775fb,NO_VCS,,False,False,False,False,False,False,False,,,HOLD,"NEW since v1 (v1 cutoff 2026-08-24 14:19:18+02:00): entire cache directory C:\Users\hisham\MNL\EUROMOD-STORAGE\outputs\p2a_singles2016\region_live_v1\fr_singles_pricing_p2a_xc was created after the v1 cutoff (dir birth ~14:48 local, all 32 files written 14:48-15:56 local) to serve the u6dxc_dry / u6dxc4x / u6dxc4xb cross-check attempts. Not yet a PUBLISHED pin in m08_u6_pins_v2.py. Live U6-D cross-check pricing-cache evidence, no reference-corpus citation. Classified HOLD, same treatment v1 gave the analogous priced_qw_1x/2x chunk files.",None pending clarification.,N/A (HOLD)
EUROMOD-STORAGE,C:/Users/hisham/MNL/EUROMOD-STORAGE/outputs/p2a_singles2016/region_live_v1/fr_singles_pricing_p2a_xc/priced_xc_ghat_B_00200.parquet,outputs/p2a_singles2016/region_live_v1/fr_singles_pricing_p2a_xc/priced_xc_ghat_B_00200.parquet,UNTRACKED,parquet,616921,fd71750844358c04639dc528e8c3bd9ac45469ce71ba557f78671ec2e55b63c7,NO_VCS,,False,False,False,False,False,False,False,,,HOLD,"NEW since v1 (v1 cutoff 2026-08-24 14:19:18+02:00): entire cache directory C:\Users\hisham\MNL\EUROMOD-STORAGE\outputs\p2a_singles2016\region_live_v1\fr_singles_pricing_p2a_xc was created after the v1 cutoff (dir birth ~14:48 local, all 32 files written 14:48-15:56 local) to serve the u6dxc_dry / u6dxc4x / u6dxc4xb cross-check attempts. Not yet a PUBLISHED pin in m08_u6_pins_v2.py. Live U6-D cross-check pricing-cache evidence, no reference-corpus citation. Classified HOLD, same treatment v1 gave the analogous priced_qw_1x/2x chunk files.",None pending clarification.,N/A (HOLD)
EUROMOD-STORAGE,C:/Users/hisham/MNL/EUROMOD-STORAGE/outputs/p2a_singles2016/region_live_v1/fr_singles_pricing_p2a_xc/priced_xc_ghat_B_00400.parquet,outputs/p2a_singles2016/region_live_v1/fr_singles_pricing_p2a_xc/priced_xc_ghat_B_00400.parquet,UNTRACKED,parquet,593587,37096cae7723abe00e42992258e55afd151d05867bd1396af7945d1db773d117,NO_VCS,,False,False,False,False,False,False,False,,,HOLD,"NEW since v1 (v1 cutoff 2026-08-24 14:19:18+02:00): entire cache directory C:\Users\hisham\MNL\EUROMOD-STORAGE\outputs\p2a_singles2016\region_live_v1\fr_singles_pricing_p2a_xc was created after the v1 cutoff (dir birth ~14:48 local, all 32 files written 14:48-15:56 local) to serve the u6dxc_dry / u6dxc4x / u6dxc4xb cross-check attempts. Not yet a PUBLISHED pin in m08_u6_pins_v2.py. Live U6-D cross-check pricing-cache evidence, no reference-corpus citation. Classified HOLD, same treatment v1 gave the analogous priced_qw_1x/2x chunk files.",None pending clarification.,N/A (HOLD)
EUROMOD-STORAGE,C:/Users/hisham/MNL/EUROMOD-STORAGE/outputs/p2a_singles2016/region_live_v1/fr_singles_pricing_p2a_xc/priced_xc_ghat_B_00600.parquet,outputs/p2a_singles2016/region_live_v1/fr_singles_pricing_p2a_xc/priced_xc_ghat_B_00600.parquet,UNTRACKED,parquet,632084,2860d5f80698dd150a501ac8a61fc5f08cf63d6f300476cc037bf96c08fe041d,NO_VCS,,False,False,False,False,False,False,False,,,HOLD,"NEW since v1 (v1 cutoff 2026-08-24 14:19:18+02:00): entire cache directory C:\Users\hisham\MNL\EUROMOD-STORAGE\outputs\p2a_singles2016\region_live_v1\fr_singles_pricing_p2a_xc was created after the v1 cutoff (dir birth ~14:48 local, all 32 files written 14:48-15:56 local) to serve the u6dxc_dry / u6dxc4x / u6dxc4xb cross-check attempts. Not yet a PUBLISHED pin in m08_u6_pins_v2.py. Live U6-D cross-check pricing-cache evidence, no reference-corpus citation. Classified HOLD, same treatment v1 gave the analogous priced_qw_1x/2x chunk files.",None pending clarification.,N/A (HOLD)
EUROMOD-STORAGE,C:/Users/hisham/MNL/EUROMOD-STORAGE/outputs/p2a_singles2016/region_live_v1/fr_singles_pricing_p2a_xc/priced_xc_ghat_B_00800.parquet,outputs/p2a_singles2016/region_live_v1/fr_singles_pricing_p2a_xc/priced_xc_ghat_B_00800.parquet,UNTRACKED,parquet,600905,23d9b517173fcc7c303b44388948fe63b5c918306ba8739e9357ecf43fdd948a,NO_VCS,,False,False,False,False,False,False,False,,,HOLD,"NEW since v1 (v1 cutoff 2026-08-24 14:19:18+02:00): entire cache directory C:\Users\hisham\MNL\EUROMOD-STORAGE\outputs\p2a_singles2016\region_live_v1\fr_singles_pricing_p2a_xc was created after the v1 cutoff (dir birth ~14:48 local, all 32 files written 14:48-15:56 local) to serve the u6dxc_dry / u6dxc4x / u6dxc4xb cross-check attempts. Not yet a PUBLISHED pin in m08_u6_pins_v2.py. Live U6-D cross-check pricing-cache evidence, no reference-corpus citation. Classified HOLD, same treatment v1 gave the analogous priced_qw_1x/2x chunk files.",None pending clarification.,N/A (HOLD)
EUROMOD-STORAGE,C:/Users/hisham/MNL/EUROMOD-STORAGE/outputs/p2a_singles2016/region_live_v1/fr_singles_pricing_p2a_xc/priced_xc_ghat_B_01000.parquet,outputs/p2a_singles2016/region_live_v1/fr_singles_pricing_p2a_xc/priced_xc_ghat_B_01000.parquet,UNTRACKED,parquet,598378,39b453ac0b6c191b168a48c579029e2d7d5727253d8e70ac9b072a374f740475,NO_VCS,,False,False,False,False,False,False,False,,,HOLD,"NEW since v1 (v1 cutoff 2026-08-24 14:19:18+02:00): entire cache directory C:\Users\hisham\MNL\EUROMOD-STORAGE\outputs\p2a_singles2016\region_live_v1\fr_singles_pricing_p2a_xc was created after the v1 cutoff (dir birth ~14:48 local, all 32 files written 14:48-15:56 local) to serve the u6dxc_dry / u6dxc4x / u6dxc4xb cross-check attempts. Not yet a PUBLISHED pin in m08_u6_pins_v2.py. Live U6-D cross-check pricing-cache evidence, no reference-corpus citation. Classified HOLD, same treatment v1 gave the analogous priced_qw_1x/2x chunk files.",None pending clarification.,N/A (HOLD)
EUROMOD-STORAGE,C:/Users/hisham/MNL/EUROMOD-STORAGE/outputs/p2a_singles2016/region_live_v1/fr_singles_pricing_p2a_xc/priced_xc_ghat_B_01200.parquet,outputs/p2a_singles2016/region_live_v1/fr_singles_pricing_p2a_xc/priced_xc_ghat_B_01200.parquet,UNTRACKED,parquet,596925,bdd340729040f73bc4f76dc99c2886736553d1773fc3a40a407152f758e1534f,NO_VCS,,False,False,False,False,False,False,False,,,HOLD,"NEW since v1 (v1 cutoff 2026-08-24 14:19:18+02:00): entire cache directory C:\Users\hisham\MNL\EUROMOD-STORAGE\outputs\p2a_singles2016\region_live_v1\fr_singles_pricing_p2a_xc was created after the v1 cutoff (dir birth ~14:48 local, all 32 files written 14:48-15:56 local) to serve the u6dxc_dry / u6dxc4x / u6dxc4xb cross-check attempts. Not yet a PUBLISHED pin in m08_u6_pins_v2.py. Live U6-D cross-check pricing-cache evidence, no reference-corpus citation. Classified HOLD, same treatment v1 gave the analogous priced_qw_1x/2x chunk files.",None pending clarification.,N/A (HOLD)
EUROMOD-STORAGE,C:/Users/hisham/MNL/EUROMOD-STORAGE/outputs/p2a_singles2016/region_live_v1/fr_singles_pricing_p2a_xc/priced_xc_ghat_B_01400.parquet,outputs/p2a_singles2016/region_live_v1/fr_singles_pricing_p2a_xc/priced_xc_ghat_B_01400.parquet,UNTRACKED,parquet,483102,a6ec008c9dae6430bab3ccbb1a413b8ef9e0585ceaf67b1b94b209f922fc76a2,NO_VCS,,False,False,False,False,False,False,False,,,HOLD,"NEW since v1 (v1 cutoff 2026-08-24 14:19:18+02:00): entire cache directory C:\Users\hisham\MNL\EUROMOD-STORAGE\outputs\p2a_singles2016\region_live_v1\fr_singles_pricing_p2a_xc was created after the v1 cutoff (dir birth ~14:48 local, all 32 files written 14:48-15:56 local) to serve the u6dxc_dry / u6dxc4x / u6dxc4xb cross-check attempts. Not yet a PUBLISHED pin in m08_u6_pins_v2.py. Live U6-D cross-check pricing-cache evidence, no reference-corpus citation. Classified HOLD, same treatment v1 gave the analogous priced_qw_1x/2x chunk files.",None pending clarification.,N/A (HOLD)
EUROMOD-STORAGE,C:/Users/hisham/MNL/EUROMOD-STORAGE/outputs/p2a_singles2016/region_live_v1/fr_singles_pricing_p2a_xc/priced_xc_ghat_empty_00000.parquet,outputs/p2a_singles2016/region_live_v1/fr_singles_pricing_p2a_xc/priced_xc_ghat_empty_00000.parquet,UNTRACKED,parquet,612575,f9211a433829c7e52c046e697460af8700254fd69586a4303ae2ed154ebc2add,NO_VCS,,False,False,False,False,False,False,False,,,HOLD,"NEW since v1 (v1 cutoff 2026-08-24 14:19:18+02:00): entire cache directory C:\Users\hisham\MNL\EUROMOD-STORAGE\outputs\p2a_singles2016\region_live_v1\fr_singles_pricing_p2a_xc was created after the v1 cutoff (dir birth ~14:48 local, all 32 files written 14:48-15:56 local) to serve the u6dxc_dry / u6dxc4x / u6dxc4xb cross-check attempts. Not yet a PUBLISHED pin in m08_u6_pins_v2.py. Live U6-D cross-check pricing-cache evidence, no reference-corpus citation. Classified HOLD, same treatment v1 gave the analogous priced_qw_1x/2x chunk files.",None pending clarification.,N/A (HOLD)
EUROMOD-STORAGE,C:/Users/hisham/MNL/EUROMOD-STORAGE/outputs/p2a_singles2016/region_live_v1/fr_singles_pricing_p2a_xc/priced_xc_ghat_empty_00200.parquet,outputs/p2a_singles2016/region_live_v1/fr_singles_pricing_p2a_xc/priced_xc_ghat_empty_00200.parquet,UNTRACKED,parquet,616837,25e6be168f4750c44a21b0a0737ad230cf4742a2e2c707044d9b40531d14f5f6,NO_VCS,,False,False,False,False,False,False,False,,,HOLD,"NEW since v1 (v1 cutoff 2026-08-24 14:19:18+02:00): entire cache directory C:\Users\hisham\MNL\EUROMOD-STORAGE\outputs\p2a_singles2016\region_live_v1\fr_singles_pricing_p2a_xc was created after the v1 cutoff (dir birth ~14:48 local, all 32 files written 14:48-15:56 local) to serve the u6dxc_dry / u6dxc4x / u6dxc4xb cross-check attempts. Not yet a PUBLISHED pin in m08_u6_pins_v2.py. Live U6-D cross-check pricing-cache evidence, no reference-corpus citation. Classified HOLD, same treatment v1 gave the analogous priced_qw_1x/2x chunk files.",None pending clarification.,N/A (HOLD)
EUROMOD-STORAGE,C:/Users/hisham/MNL/EUROMOD-STORAGE/outputs/p2a_singles2016/region_live_v1/fr_singles_pricing_p2a_xc/priced_xc_ghat_empty_00400.parquet,outputs/p2a_singles2016/region_live_v1/fr_singles_pricing_p2a_xc/priced_xc_ghat_empty_00400.parquet,UNTRACKED,parquet,593727,93bf9767e3b80ae046af897aaac4b9adad37c902f91e07cbeb1ad559ed83f54a,NO_VCS,,False,False,False,False,False,False,False,,,HOLD,"NEW since v1 (v1 cutoff 2026-08-24 14:19:18+02:00): entire cache directory C:\Users\hisham\MNL\EUROMOD-STORAGE\outputs\p2a_singles2016\region_live_v1\fr_singles_pricing_p2a_xc was created after the v1 cutoff (dir birth ~14:48 local, all 32 files written 14:48-15:56 local) to serve the u6dxc_dry / u6dxc4x / u6dxc4xb cross-check attempts. Not yet a PUBLISHED pin in m08_u6_pins_v2.py. Live U6-D cross-check pricing-cache evidence, no reference-corpus citation. Classified HOLD, same treatment v1 gave the analogous priced_qw_1x/2x chunk files.",None pending clarification.,N/A (HOLD)
EUROMOD-STORAGE,C:/Users/hisham/MNL/EUROMOD-STORAGE/outputs/p2a_singles2016/region_live_v1/fr_singles_pricing_p2a_xc/priced_xc_ghat_empty_00600.parquet,outputs/p2a_singles2016/region_live_v1/fr_singles_pricing_p2a_xc/priced_xc_ghat_empty_00600.parquet,UNTRACKED,parquet,630847,e3f7d9a8cf44f74fa95b03d10cd10fd853dc54be050abd71bdf3a64b9b57e3ff,NO_VCS,,False,False,False,False,False,False,False,,,HOLD,"NEW since v1 (v1 cutoff 2026-08-24 14:19:18+02:00): entire cache directory C:\Users\hisham\MNL\EUROMOD-STORAGE\outputs\p2a_singles2016\region_live_v1\fr_singles_pricing_p2a_xc was created after the v1 cutoff (dir birth ~14:48 local, all 32 files written 14:48-15:56 local) to serve the u6dxc_dry / u6dxc4x / u6dxc4xb cross-check attempts. Not yet a PUBLISHED pin in m08_u6_pins_v2.py. Live U6-D cross-check pricing-cache evidence, no reference-corpus citation. Classified HOLD, same treatment v1 gave the analogous priced_qw_1x/2x chunk files.",None pending clarification.,N/A (HOLD)
EUROMOD-STORAGE,C:/Users/hisham/MNL/EUROMOD-STORAGE/outputs/p2a_singles2016/region_live_v1/fr_singles_pricing_p2a_xc/priced_xc_ghat_empty_00800.parquet,outputs/p2a_singles2016/region_live_v1/fr_singles_pricing_p2a_xc/priced_xc_ghat_empty_00800.parquet,UNTRACKED,parquet,603910,7f4e0fdd6418f6aa43fbb6ca196b918a0bac79419e9f7884a033f81e9a1d9fae,NO_VCS,,False,False,False,False,False,False,False,,,HOLD,"NEW since v1 (v1 cutoff 2026-08-24 14:19:18+02:00): entire cache directory C:\Users\hisham\MNL\EUROMOD-STORAGE\outputs\p2a_singles2016\region_live_v1\fr_singles_pricing_p2a_xc was created after the v1 cutoff (dir birth ~14:48 local, all 32 files written 14:48-15:56 local) to serve the u6dxc_dry / u6dxc4x / u6dxc4xb cross-check attempts. Not yet a PUBLISHED pin in m08_u6_pins_v2.py. Live U6-D cross-check pricing-cache evidence, no reference-corpus citation. Classified HOLD, same treatment v1 gave the analogous priced_qw_1x/2x chunk files.",None pending clarification.,N/A (HOLD)
EUROMOD-STORAGE,C:/Users/hisham/MNL/EUROMOD-STORAGE/outputs/p2a_singles2016/region_live_v1/fr_singles_pricing_p2a_xc/priced_xc_ghat_empty_01000.parquet,outputs/p2a_singles2016/region_live_v1/fr_singles_pricing_p2a_xc/priced_xc_ghat_empty_01000.parquet,UNTRACKED,parquet,599508,0ee44ae17f275689344fcdf7b9aa02dad6d1b5484bdc714bf721bc3edd964e8d,NO_VCS,,False,False,False,False,False,False,False,,,HOLD,"NEW since v1 (v1 cutoff 2026-08-24 14:19:18+02:00): entire cache directory C:\Users\hisham\MNL\EUROMOD-STORAGE\outputs\p2a_singles2016\region_live_v1\fr_singles_pricing_p2a_xc was created after the v1 cutoff (dir birth ~14:48 local, all 32 files written 14:48-15:56 local) to serve the u6dxc_dry / u6dxc4x / u6dxc4xb cross-check attempts. Not yet a PUBLISHED pin in m08_u6_pins_v2.py. Live U6-D cross-check pricing-cache evidence, no reference-corpus citation. Classified HOLD, same treatment v1 gave the analogous priced_qw_1x/2x chunk files.",None pending clarification.,N/A (HOLD)
EUROMOD-STORAGE,C:/Users/hisham/MNL/EUROMOD-STORAGE/outputs/p2a_singles2016/region_live_v1/fr_singles_pricing_p2a_xc/priced_xc_ghat_empty_01200.parquet,outputs/p2a_singles2016/region_live_v1/fr_singles_pricing_p2a_xc/priced_xc_ghat_empty_01200.parquet,UNTRACKED,parquet,597515,3bcaf598c9c38664715ba817b9ec9bb5aa407d1f424c96eb0eb857426e43a663,NO_VCS,,False,False,False,False,False,False,False,,,HOLD,"NEW since v1 (v1 cutoff 2026-08-24 14:19:18+02:00): entire cache directory C:\Users\hisham\MNL\EUROMOD-STORAGE\outputs\p2a_singles2016\region_live_v1\fr_singles_pricing_p2a_xc was created after the v1 cutoff (dir birth ~14:48 local, all 32 files written 14:48-15:56 local) to serve the u6dxc_dry / u6dxc4x / u6dxc4xb cross-check attempts. Not yet a PUBLISHED pin in m08_u6_pins_v2.py. Live U6-D cross-check pricing-cache evidence, no reference-corpus citation. Classified HOLD, same treatment v1 gave the analogous priced_qw_1x/2x chunk files.",None pending clarification.,N/A (HOLD)
EUROMOD-STORAGE,C:/Users/hisham/MNL/EUROMOD-STORAGE/outputs/p2a_singles2016/region_live_v1/fr_singles_pricing_p2a_xc/priced_xc_ghat_empty_01400.parquet,outputs/p2a_singles2016/region_live_v1/fr_singles_pricing_p2a_xc/priced_xc_ghat_empty_01400.parquet,UNTRACKED,parquet,483834,85ed52ca39929c74e62de17e0c3eeca19f45c07a56c25bd25ac1d71db2486d5e,NO_VCS,,False,False,False,False,False,False,False,,,HOLD,"NEW since v1 (v1 cutoff 2026-08-24 14:19:18+02:00): entire cache directory C:\Users\hisham\MNL\EUROMOD-STORAGE\outputs\p2a_singles2016\region_live_v1\fr_singles_pricing_p2a_xc was created after the v1 cutoff (dir birth ~14:48 local, all 32 files written 14:48-15:56 local) to serve the u6dxc_dry / u6dxc4x / u6dxc4xb cross-check attempts. Not yet a PUBLISHED pin in m08_u6_pins_v2.py. Live U6-D cross-check pricing-cache evidence, no reference-corpus citation. Classified HOLD, same treatment v1 gave the analogous priced_qw_1x/2x chunk files.",None pending clarification.,N/A (HOLD)
MNL,C:/Users/hisham/Repo/MNL/Data/external/cpi.xlsx,Data/external/cpi.xlsx,TRACKED,xlsx,11833,4e51a6b8497d99a3b954eaa0c18de2be2da608ae8e411d8cb086f9e2e59bb7f5,clean,45d7f880f325939a0a644719e5909c58ffe612f4,False,False,False,False,False,False,False,,,HOLD,"GOVERNANCE-DIRECTIVE OVERRIDE (R-124.3, 'LISTED-ONLY all-HOLD'): mission directive requires ALL files under any directory literally named processed/interim/external/pilot/inspecting beneath a Data/ or data/ root in MNL or Job_Market_paper to be classified HOLD, listed-only, regardless of mechanical-scan result. Only Data/external exists among the five names in either repo (no processed/interim/pilot/inspecting directory found in MNL or Job_Market_paper). File content is UNCHANGED since v1 (git status clean, tracked, hash re-verified to match v1's recorded sha256 for a spot-checked sample); this row exists ONLY to record the disposition override, not a content delta. v1 had classified this file CANONICAL_CURRENT (v1 reason: 'Tracked, git-clean codebase/documentation file ... presumed live repository material. NOT independently confirmed by an explicit pin/manifest/contract/manuscript citation'). That v1 classification is SUPERSEDED for this delta pass by the R-124.3 directive; see delta summary governance-gap note.",None pending clarification.,N/A (HOLD)
MNL,C:/Users/hisham/Repo/MNL/Data/external/cpi_hicp_fr_harmonisation.csv,Data/external/cpi_hicp_fr_harmonisation.csv,TRACKED,csv,893,6632fb1b5df737dd0fe396da4950180d9299ad944f718bf5d1c04b60f4bd904a,clean,45d7f880f325939a0a644719e5909c58ffe612f4,False,False,False,False,False,False,False,,,HOLD,"GOVERNANCE-DIRECTIVE OVERRIDE (R-124.3, 'LISTED-ONLY all-HOLD'): mission directive requires ALL files under any directory literally named processed/interim/external/pilot/inspecting beneath a Data/ or data/ root in MNL or Job_Market_paper to be classified HOLD, listed-only, regardless of mechanical-scan result. Only Data/external exists among the five names in either repo (no processed/interim/pilot/inspecting directory found in MNL or Job_Market_paper). File content is UNCHANGED since v1 (git status clean, tracked, hash re-verified to match v1's recorded sha256 for a spot-checked sample); this row exists ONLY to record the disposition override, not a content delta. v1 had classified this file CANONICAL_CURRENT (v1 reason: 'Tracked, git-clean codebase/documentation file ... presumed live repository material. NOT independently confirmed by an explicit pin/manifest/contract/manuscript citation'). That v1 classification is SUPERSEDED for this delta pass by the R-124.3 directive; see delta summary governance-gap note.",None pending clarification.,N/A (HOLD)
MNL,C:/Users/hisham/Repo/MNL/Data/external/cpi_hicp_fr_harmonisation_TEMPLATE.csv,Data/external/cpi_hicp_fr_harmonisation_TEMPLATE.csv,TRACKED,csv,481,b3bbfc81a4519a6ab64d53f94c5044652124232004c8503c3ba0f6970e2da413,clean,45d7f880f325939a0a644719e5909c58ffe612f4,False,False,False,False,False,False,False,,,HOLD,"GOVERNANCE-DIRECTIVE OVERRIDE (R-124.3, 'LISTED-ONLY all-HOLD'): mission directive requires ALL files under any directory literally named processed/interim/external/pilot/inspecting beneath a Data/ or data/ root in MNL or Job_Market_paper to be classified HOLD, listed-only, regardless of mechanical-scan result. Only Data/external exists among the five names in either repo (no processed/interim/pilot/inspecting directory found in MNL or Job_Market_paper). File content is UNCHANGED since v1 (git status clean, tracked, hash re-verified to match v1's recorded sha256 for a spot-checked sample); this row exists ONLY to record the disposition override, not a content delta. v1 had classified this file CANONICAL_CURRENT (v1 reason: 'Tracked, git-clean codebase/documentation file ... presumed live repository material. NOT independently confirmed by an explicit pin/manifest/contract/manuscript citation'). That v1 classification is SUPERSEDED for this delta pass by the R-124.3 directive; see delta summary governance-gap note.",None pending clarification.,N/A (HOLD)
MNL,C:/Users/hisham/Repo/MNL/Data/external/fr_drgn1_to_nuts2_crosswalk.csv,Data/external/fr_drgn1_to_nuts2_crosswalk.csv,TRACKED,csv,768,c17a814c17b7069e2d033a2a5af0a211c0cf90d805260b0b393fa5dd1df7ed76,clean,45d7f880f325939a0a644719e5909c58ffe612f4,False,False,False,False,False,False,False,,,HOLD,"GOVERNANCE-DIRECTIVE OVERRIDE (R-124.3, 'LISTED-ONLY all-HOLD'): mission directive requires ALL files under any directory literally named processed/interim/external/pilot/inspecting beneath a Data/ or data/ root in MNL or Job_Market_paper to be classified HOLD, listed-only, regardless of mechanical-scan result. Only Data/external exists among the five names in either repo (no processed/interim/pilot/inspecting directory found in MNL or Job_Market_paper). File content is UNCHANGED since v1 (git status clean, tracked, hash re-verified to match v1's recorded sha256 for a spot-checked sample); this row exists ONLY to record the disposition override, not a content delta. v1 had classified this file CANONICAL_CURRENT (v1 reason: 'Tracked, git-clean codebase/documentation file ... presumed live repository material. NOT independently confirmed by an explicit pin/manifest/contract/manuscript citation'). That v1 classification is SUPERSEDED for this delta pass by the R-124.3 directive; see delta summary governance-gap note.",None pending clarification.,N/A (HOLD)
MNL,C:/Users/hisham/Repo/MNL/Data/external/FR_gsur.xlsx,Data/external/FR_gsur.xlsx,TRACKED,xlsx,1077164,d951677bc4a6f8a64de874d1eac0261c67deaf014574b43fdf96ef666af05b06,clean,45d7f880f325939a0a644719e5909c58ffe612f4,False,False,False,False,False,False,False,,,HOLD,"GOVERNANCE-DIRECTIVE OVERRIDE (R-124.3, 'LISTED-ONLY all-HOLD'): mission directive requires ALL files under any directory literally named processed/interim/external/pilot/inspecting beneath a Data/ or data/ root in MNL or Job_Market_paper to be classified HOLD, listed-only, regardless of mechanical-scan result. Only Data/external exists among the five names in either repo (no processed/interim/pilot/inspecting directory found in MNL or Job_Market_paper). File content is UNCHANGED since v1 (git status clean, tracked, hash re-verified to match v1's recorded sha256 for a spot-checked sample); this row exists ONLY to record the disposition override, not a content delta. v1 had classified this file CANONICAL_CURRENT (v1 reason: 'Tracked, git-clean codebase/documentation file ... presumed live repository material. NOT independently confirmed by an explicit pin/manifest/contract/manuscript citation'). That v1 classification is SUPERSEDED for this delta pass by the R-124.3 directive; see delta summary governance-gap note.",None pending clarification.,N/A (HOLD)
MNL,C:/Users/hisham/Repo/MNL/Data/external/FR_gsur_full.csv,Data/external/FR_gsur_full.csv,TRACKED,csv,4837605,191631ad25094fce2439e254df4639815e02a6383954edc088b43aca97562287,clean,45d7f880f325939a0a644719e5909c58ffe612f4,False,False,False,False,False,False,False,,,HOLD,"GOVERNANCE-DIRECTIVE OVERRIDE (R-124.3, 'LISTED-ONLY all-HOLD'): mission directive requires ALL files under any directory literally named processed/interim/external/pilot/inspecting beneath a Data/ or data/ root in MNL or Job_Market_paper to be classified HOLD, listed-only, regardless of mechanical-scan result. Only Data/external exists among the five names in either repo (no processed/interim/pilot/inspecting directory found in MNL or Job_Market_paper). File content is UNCHANGED since v1 (git status clean, tracked, hash re-verified to match v1's recorded sha256 for a spot-checked sample); this row exists ONLY to record the disposition override, not a content delta. v1 had classified this file CANONICAL_CURRENT (v1 reason: 'Tracked, git-clean codebase/documentation file ... presumed live repository material. NOT independently confirmed by an explicit pin/manifest/contract/manuscript citation'). That v1 classification is SUPERSEDED for this delta pass by the R-124.3 directive; see delta summary governance-gap note.",None pending clarification.,N/A (HOLD)
MNL,C:/Users/hisham/Repo/MNL/Data/external/FR_gsur_full.parquet,Data/external/FR_gsur_full.parquet,TRACKED,parquet,100997,a7ca6378c6919db4c25655110f538a389519bdc881cafa48fc314ff149a87c2e,clean,45d7f880f325939a0a644719e5909c58ffe612f4,False,False,False,False,False,False,False,,,HOLD,"GOVERNANCE-DIRECTIVE OVERRIDE (R-124.3, 'LISTED-ONLY all-HOLD'): mission directive requires ALL files under any directory literally named processed/interim/external/pilot/inspecting beneath a Data/ or data/ root in MNL or Job_Market_paper to be classified HOLD, listed-only, regardless of mechanical-scan result. Only Data/external exists among the five names in either repo (no processed/interim/pilot/inspecting directory found in MNL or Job_Market_paper). File content is UNCHANGED since v1 (git status clean, tracked, hash re-verified to match v1's recorded sha256 for a spot-checked sample); this row exists ONLY to record the disposition override, not a content delta. v1 had classified this file CANONICAL_CURRENT (v1 reason: 'Tracked, git-clean codebase/documentation file ... presumed live repository material. NOT independently confirmed by an explicit pin/manifest/contract/manuscript citation'). That v1 classification is SUPERSEDED for this delta pass by the R-124.3 directive; see delta summary governance-gap note.",None pending clarification.,N/A (HOLD)
MNL,C:/Users/hisham/Repo/MNL/Data/external/FR_gsur_ruro.csv,Data/external/FR_gsur_ruro.csv,TRACKED,csv,145799,1d30fb818d9c8ea7b87c88d0c44481ffa625af53611cfc09cf7699cba80f9584,clean,45d7f880f325939a0a644719e5909c58ffe612f4,False,False,False,False,False,False,False,,,HOLD,"GOVERNANCE-DIRECTIVE OVERRIDE (R-124.3, 'LISTED-ONLY all-HOLD'): mission directive requires ALL files under any directory literally named processed/interim/external/pilot/inspecting beneath a Data/ or data/ root in MNL or Job_Market_paper to be classified HOLD, listed-only, regardless of mechanical-scan result. Only Data/external exists among the five names in either repo (no processed/interim/pilot/inspecting directory found in MNL or Job_Market_paper). File content is UNCHANGED since v1 (git status clean, tracked, hash re-verified to match v1's recorded sha256 for a spot-checked sample); this row exists ONLY to record the disposition override, not a content delta. v1 had classified this file CANONICAL_CURRENT (v1 reason: 'Tracked, git-clean codebase/documentation file ... presumed live repository material. NOT independently confirmed by an explicit pin/manifest/contract/manuscript citation'). That v1 classification is SUPERSEDED for this delta pass by the R-124.3 directive; see delta summary governance-gap note.",None pending clarification.,N/A (HOLD)
MNL,C:/Users/hisham/Repo/MNL/Data/external/FR_gsur_ruro.parquet,Data/external/FR_gsur_ruro.parquet,TRACKED,parquet,11688,70e94e2df57ab1ad4c1656db0bda0da56f9f52b86e002540e26f80e4f5119a50,clean,45d7f880f325939a0a644719e5909c58ffe612f4,False,False,False,False,False,False,False,,,HOLD,"GOVERNANCE-DIRECTIVE OVERRIDE (R-124.3, 'LISTED-ONLY all-HOLD'): mission directive requires ALL files under any directory literally named processed/interim/external/pilot/inspecting beneath a Data/ or data/ root in MNL or Job_Market_paper to be classified HOLD, listed-only, regardless of mechanical-scan result. Only Data/external exists among the five names in either repo (no processed/interim/pilot/inspecting directory found in MNL or Job_Market_paper). File content is UNCHANGED since v1 (git status clean, tracked, hash re-verified to match v1's recorded sha256 for a spot-checked sample); this row exists ONLY to record the disposition override, not a content delta. v1 had classified this file CANONICAL_CURRENT (v1 reason: 'Tracked, git-clean codebase/documentation file ... presumed live repository material. NOT independently confirmed by an explicit pin/manifest/contract/manuscript citation'). That v1 classification is SUPERSEDED for this delta pass by the R-124.3 directive; see delta summary governance-gap note.",None pending clarification.,N/A (HOLD)
MNL,C:/Users/hisham/Repo/MNL/Data/external/FR_gsur_ruro_v2_stageA.parquet,Data/external/FR_gsur_ruro_v2_stageA.parquet,TRACKED,parquet,7444,19ac53143fb404f3de44f4e2abc3313b0946eda835261496720bc511358c24ef,clean,45d7f880f325939a0a644719e5909c58ffe612f4,False,False,False,False,False,False,False,,,HOLD,"GOVERNANCE-DIRECTIVE OVERRIDE (R-124.3, 'LISTED-ONLY all-HOLD'): mission directive requires ALL files under any directory literally named processed/interim/external/pilot/inspecting beneath a Data/ or data/ root in MNL or Job_Market_paper to be classified HOLD, listed-only, regardless of mechanical-scan result. Only Data/external exists among the five names in either repo (no processed/interim/pilot/inspecting directory found in MNL or Job_Market_paper). File content is UNCHANGED since v1 (git status clean, tracked, hash re-verified to match v1's recorded sha256 for a spot-checked sample); this row exists ONLY to record the disposition override, not a content delta. v1 had classified this file CANONICAL_CURRENT (v1 reason: 'Tracked, git-clean codebase/documentation file ... presumed live repository material. NOT independently confirmed by an explicit pin/manifest/contract/manuscript citation'). That v1 classification is SUPERSEDED for this delta pass by the R-124.3 directive; see delta summary governance-gap note.",None pending clarification.,N/A (HOLD)
MNL,C:/Users/hisham/Repo/MNL/Data/external/FR_gsur_ruro_v2_stageA_y2014.parquet,Data/external/FR_gsur_ruro_v2_stageA_y2014.parquet,TRACKED,parquet,7441,740ef6c7e57e355fb517262202be03bfc947589ac68024f971f620e3d2557e68,clean,45d7f880f325939a0a644719e5909c58ffe612f4,False,False,False,False,False,False,False,,,HOLD,"GOVERNANCE-DIRECTIVE OVERRIDE (R-124.3, 'LISTED-ONLY all-HOLD'): mission directive requires ALL files under any directory literally named processed/interim/external/pilot/inspecting beneath a Data/ or data/ root in MNL or Job_Market_paper to be classified HOLD, listed-only, regardless of mechanical-scan result. Only Data/external exists among the five names in either repo (no processed/interim/pilot/inspecting directory found in MNL or Job_Market_paper). File content is UNCHANGED since v1 (git status clean, tracked, hash re-verified to match v1's recorded sha256 for a spot-checked sample); this row exists ONLY to record the disposition override, not a content delta. v1 had classified this file CANONICAL_CURRENT (v1 reason: 'Tracked, git-clean codebase/documentation file ... presumed live repository material. NOT independently confirmed by an explicit pin/manifest/contract/manuscript citation'). That v1 classification is SUPERSEDED for this delta pass by the R-124.3 directive; see delta summary governance-gap note.",None pending clarification.,N/A (HOLD)
MNL,C:/Users/hisham/Repo/MNL/Data/external/FR_gsur_ruro_v2_stageA_y2014__sidecar.json,Data/external/FR_gsur_ruro_v2_stageA_y2014__sidecar.json,TRACKED,json,659,f7ec4a7296a4ab899d017298c9a7e0dff6daa2267b43d3a78b66748e6f36d84f,clean,45d7f880f325939a0a644719e5909c58ffe612f4,False,False,False,False,False,False,False,,,HOLD,"GOVERNANCE-DIRECTIVE OVERRIDE (R-124.3, 'LISTED-ONLY all-HOLD'): mission directive requires ALL files under any directory literally named processed/interim/external/pilot/inspecting beneath a Data/ or data/ root in MNL or Job_Market_paper to be classified HOLD, listed-only, regardless of mechanical-scan result. Only Data/external exists among the five names in either repo (no processed/interim/pilot/inspecting directory found in MNL or Job_Market_paper). File content is UNCHANGED since v1 (git status clean, tracked, hash re-verified to match v1's recorded sha256 for a spot-checked sample); this row exists ONLY to record the disposition override, not a content delta. v1 had classified this file CANONICAL_CURRENT (v1 reason: 'Tracked, git-clean codebase/documentation file ... presumed live repository material. NOT independently confirmed by an explicit pin/manifest/contract/manuscript citation'). That v1 classification is SUPERSEDED for this delta pass by the R-124.3 directive; see delta summary governance-gap note.",None pending clarification.,N/A (HOLD)
MNL,C:/Users/hisham/Repo/MNL/Data/external/FR_gsur_ruro_v2_stageA_y2015.parquet,Data/external/FR_gsur_ruro_v2_stageA_y2015.parquet,TRACKED,parquet,7433,f51ad6306574bf3a1d7b577e7741222c5bf2fb8126e512c0bbf965d6a2d03c83,clean,45d7f880f325939a0a644719e5909c58ffe612f4,False,False,False,False,False,True,False,,,HOLD,"GOVERNANCE-DIRECTIVE OVERRIDE (R-124.3, 'LISTED-ONLY all-HOLD'): mission directive requires ALL files under any directory literally named processed/interim/external/pilot/inspecting beneath a Data/ or data/ root in MNL or Job_Market_paper to be classified HOLD, listed-only, regardless of mechanical-scan result. Only Data/external exists among the five names in either repo (no processed/interim/pilot/inspecting directory found in MNL or Job_Market_paper). File content is UNCHANGED since v1 (git status clean, tracked, hash re-verified to match v1's recorded sha256 for a spot-checked sample); this row exists ONLY to record the disposition override, not a content delta. v1 had classified this file CANONICAL_CURRENT (v1 reason: 'Tracked, git-clean codebase/documentation file ... presumed live repository material. NOT independently confirmed by an explicit pin/manifest/contract/manuscript citation'). That v1 classification is SUPERSEDED for this delta pass by the R-124.3 directive; see delta summary governance-gap note.",None pending clarification.,N/A (HOLD)
MNL,C:/Users/hisham/Repo/MNL/Data/external/FR_gsur_ruro_v2_stageA_y2015__sidecar.json,Data/external/FR_gsur_ruro_v2_stageA_y2015__sidecar.json,TRACKED,json,662,51edfda787b911906cf82b870a4d781547e4bb24c6f2633efd69e9920c8f50f9,clean,45d7f880f325939a0a644719e5909c58ffe612f4,False,False,False,False,False,False,False,,,HOLD,"GOVERNANCE-DIRECTIVE OVERRIDE (R-124.3, 'LISTED-ONLY all-HOLD'): mission directive requires ALL files under any directory literally named processed/interim/external/pilot/inspecting beneath a Data/ or data/ root in MNL or Job_Market_paper to be classified HOLD, listed-only, regardless of mechanical-scan result. Only Data/external exists among the five names in either repo (no processed/interim/pilot/inspecting directory found in MNL or Job_Market_paper). File content is UNCHANGED since v1 (git status clean, tracked, hash re-verified to match v1's recorded sha256 for a spot-checked sample); this row exists ONLY to record the disposition override, not a content delta. v1 had classified this file CANONICAL_CURRENT (v1 reason: 'Tracked, git-clean codebase/documentation file ... presumed live repository material. NOT independently confirmed by an explicit pin/manifest/contract/manuscript citation'). That v1 classification is SUPERSEDED for this delta pass by the R-124.3 directive; see delta summary governance-gap note.",None pending clarification.,N/A (HOLD)
MNL,C:/Users/hisham/Repo/MNL/Data/external/FR_gsur_ruro_v2_stageA_y2016.parquet,Data/external/FR_gsur_ruro_v2_stageA_y2016.parquet,TRACKED,parquet,7444,19ac53143fb404f3de44f4e2abc3313b0946eda835261496720bc511358c24ef,clean,45d7f880f325939a0a644719e5909c58ffe612f4,False,False,False,False,False,False,False,,,HOLD,"GOVERNANCE-DIRECTIVE OVERRIDE (R-124.3, 'LISTED-ONLY all-HOLD'): mission directive requires ALL files under any directory literally named processed/interim/external/pilot/inspecting beneath a Data/ or data/ root in MNL or Job_Market_paper to be classified HOLD, listed-only, regardless of mechanical-scan result. Only Data/external exists among the five names in either repo (no processed/interim/pilot/inspecting directory found in MNL or Job_Market_paper). File content is UNCHANGED since v1 (git status clean, tracked, hash re-verified to match v1's recorded sha256 for a spot-checked sample); this row exists ONLY to record the disposition override, not a content delta. v1 had classified this file CANONICAL_CURRENT (v1 reason: 'Tracked, git-clean codebase/documentation file ... presumed live repository material. NOT independently confirmed by an explicit pin/manifest/contract/manuscript citation'). That v1 classification is SUPERSEDED for this delta pass by the R-124.3 directive; see delta summary governance-gap note.",None pending clarification.,N/A (HOLD)
MNL,C:/Users/hisham/Repo/MNL/Data/external/FR_gsur_ruro_v2_stageA_y2016__sidecar.json,Data/external/FR_gsur_ruro_v2_stageA_y2016__sidecar.json,TRACKED,json,661,f5c9093050e47c3c680381e875a69c6fe48bf13cd361298b50d42de5c1bcce9e,clean,45d7f880f325939a0a644719e5909c58ffe612f4,False,False,False,False,False,False,False,,,HOLD,"GOVERNANCE-DIRECTIVE OVERRIDE (R-124.3, 'LISTED-ONLY all-HOLD'): mission directive requires ALL files under any directory literally named processed/interim/external/pilot/inspecting beneath a Data/ or data/ root in MNL or Job_Market_paper to be classified HOLD, listed-only, regardless of mechanical-scan result. Only Data/external exists among the five names in either repo (no processed/interim/pilot/inspecting directory found in MNL or Job_Market_paper). File content is UNCHANGED since v1 (git status clean, tracked, hash re-verified to match v1's recorded sha256 for a spot-checked sample); this row exists ONLY to record the disposition override, not a content delta. v1 had classified this file CANONICAL_CURRENT (v1 reason: 'Tracked, git-clean codebase/documentation file ... presumed live repository material. NOT independently confirmed by an explicit pin/manifest/contract/manuscript citation'). That v1 classification is SUPERSEDED for this delta pass by the R-124.3 directive; see delta summary governance-gap note.",None pending clarification.,N/A (HOLD)
MNL,C:/Users/hisham/Repo/MNL/Data/external/FR_gsur_simple.parquet,Data/external/FR_gsur_simple.parquet,TRACKED,parquet,18382,7c613d1de8a4a21a4447d0626384a9e7fc088bbd2ebc86c0a6a8830661abe166,clean,45d7f880f325939a0a644719e5909c58ffe612f4,False,False,False,False,False,False,False,,,HOLD,"GOVERNANCE-DIRECTIVE OVERRIDE (R-124.3, 'LISTED-ONLY all-HOLD'): mission directive requires ALL files under any directory literally named processed/interim/external/pilot/inspecting beneath a Data/ or data/ root in MNL or Job_Market_paper to be classified HOLD, listed-only, regardless of mechanical-scan result. Only Data/external exists among the five names in either repo (no processed/interim/pilot/inspecting directory found in MNL or Job_Market_paper). File content is UNCHANGED since v1 (git status clean, tracked, hash re-verified to match v1's recorded sha256 for a spot-checked sample); this row exists ONLY to record the disposition override, not a content delta. v1 had classified this file CANONICAL_CURRENT (v1 reason: 'Tracked, git-clean codebase/documentation file ... presumed live repository material. NOT independently confirmed by an explicit pin/manifest/contract/manuscript citation'). That v1 classification is SUPERSEDED for this delta pass by the R-124.3 directive; see delta summary governance-gap note.",None pending clarification.,N/A (HOLD)
MNL,C:/Users/hisham/Repo/MNL/Data/external/gsur_crosswalk_source.txt,Data/external/gsur_crosswalk_source.txt,TRACKED,txt,2051,88689fa0fb18737a5545f9baa4efed84b22f3ad27e62513c2a8ac1aaf546121f,clean,45d7f880f325939a0a644719e5909c58ffe612f4,False,False,False,False,False,False,False,,,HOLD,"GOVERNANCE-DIRECTIVE OVERRIDE (R-124.3, 'LISTED-ONLY all-HOLD'): mission directive requires ALL files under any directory literally named processed/interim/external/pilot/inspecting beneath a Data/ or data/ root in MNL or Job_Market_paper to be classified HOLD, listed-only, regardless of mechanical-scan result. Only Data/external exists among the five names in either repo (no processed/interim/pilot/inspecting directory found in MNL or Job_Market_paper). File content is UNCHANGED since v1 (git status clean, tracked, hash re-verified to match v1's recorded sha256 for a spot-checked sample); this row exists ONLY to record the disposition override, not a content delta. v1 had classified this file CANONICAL_CURRENT (v1 reason: 'Tracked, git-clean codebase/documentation file ... presumed live repository material. NOT independently confirmed by an explicit pin/manifest/contract/manuscript citation'). That v1 classification is SUPERSEDED for this delta pass by the R-124.3 directive; see delta summary governance-gap note.",None pending clarification.,N/A (HOLD)
MNL,C:/Users/hisham/Repo/MNL/Data/external/insee_001688526_2016.csv,Data/external/insee_001688526_2016.csv,TRACKED,csv,477,f000836a28f8ab681dba0a63fdef2f2b60cd5a56ca1d72ee1877da4a16b438a0,clean,45d7f880f325939a0a644719e5909c58ffe612f4,False,False,False,False,False,False,False,,,HOLD,"GOVERNANCE-DIRECTIVE OVERRIDE (R-124.3, 'LISTED-ONLY all-HOLD'): mission directive requires ALL files under any directory literally named processed/interim/external/pilot/inspecting beneath a Data/ or data/ root in MNL or Job_Market_paper to be classified HOLD, listed-only, regardless of mechanical-scan result. Only Data/external exists among the five names in either repo (no processed/interim/pilot/inspecting directory found in MNL or Job_Market_paper). File content is UNCHANGED since v1 (git status clean, tracked, hash re-verified to match v1's recorded sha256 for a spot-checked sample); this row exists ONLY to record the disposition override, not a content delta. v1 had classified this file CANONICAL_CURRENT (v1 reason: 'Tracked, git-clean codebase/documentation file ... presumed live repository material. NOT independently confirmed by an explicit pin/manifest/contract/manuscript citation'). That v1 classification is SUPERSEDED for this delta pass by the R-124.3 directive; see delta summary governance-gap note.",None pending clarification.,N/A (HOLD)
MNL,C:/Users/hisham/Repo/MNL/Data/external/lfst_r_lfp2acedu_2014_full.csv,Data/external/lfst_r_lfp2acedu_2014_full.csv,TRACKED,csv,1748855,88594a0455d950e3fea756ed2cb6c388833a1e13c458e5b1e5bd29aaf5678edd,clean,45d7f880f325939a0a644719e5909c58ffe612f4,False,False,False,False,False,False,False,,,HOLD,"GOVERNANCE-DIRECTIVE OVERRIDE (R-124.3, 'LISTED-ONLY all-HOLD'): mission directive requires ALL files under any directory literally named processed/interim/external/pilot/inspecting beneath a Data/ or data/ root in MNL or Job_Market_paper to be classified HOLD, listed-only, regardless of mechanical-scan result. Only Data/external exists among the five names in either repo (no processed/interim/pilot/inspecting directory found in MNL or Job_Market_paper). File content is UNCHANGED since v1 (git status clean, tracked, hash re-verified to match v1's recorded sha256 for a spot-checked sample); this row exists ONLY to record the disposition override, not a content delta. v1 had classified this file CANONICAL_CURRENT (v1 reason: 'Tracked, git-clean codebase/documentation file ... presumed live repository material. NOT independently confirmed by an explicit pin/manifest/contract/manuscript citation'). That v1 classification is SUPERSEDED for this delta pass by the R-124.3 directive; see delta summary governance-gap note.",None pending clarification.,N/A (HOLD)
MNL,C:/Users/hisham/Repo/MNL/Data/external/lfst_r_lfp2acedu_2015_full.csv,Data/external/lfst_r_lfp2acedu_2015_full.csv,TRACKED,csv,1730363,009416428e76a6f8461c12d0a129aa726e2b063e94f7052a915abdcbbb57728e,clean,45d7f880f325939a0a644719e5909c58ffe612f4,False,False,False,False,False,False,False,,,HOLD,"GOVERNANCE-DIRECTIVE OVERRIDE (R-124.3, 'LISTED-ONLY all-HOLD'): mission directive requires ALL files under any directory literally named processed/interim/external/pilot/inspecting beneath a Data/ or data/ root in MNL or Job_Market_paper to be classified HOLD, listed-only, regardless of mechanical-scan result. Only Data/external exists among the five names in either repo (no processed/interim/pilot/inspecting directory found in MNL or Job_Market_paper). File content is UNCHANGED since v1 (git status clean, tracked, hash re-verified to match v1's recorded sha256 for a spot-checked sample); this row exists ONLY to record the disposition override, not a content delta. v1 had classified this file CANONICAL_CURRENT (v1 reason: 'Tracked, git-clean codebase/documentation file ... presumed live repository material. NOT independently confirmed by an explicit pin/manifest/contract/manuscript citation'). That v1 classification is SUPERSEDED for this delta pass by the R-124.3 directive; see delta summary governance-gap note.",None pending clarification.,N/A (HOLD)
MNL,C:/Users/hisham/Repo/MNL/Data/external/lfst_r_lfp2acedu_2016_full.csv,Data/external/lfst_r_lfp2acedu_2016_full.csv,TRACKED,csv,1732181,99cf9ca3856f155793ed15e94da3a8b8f8b747d75cbb99cc024d165579372f8a,clean,45d7f880f325939a0a644719e5909c58ffe612f4,False,False,False,False,False,False,False,,,HOLD,"GOVERNANCE-DIRECTIVE OVERRIDE (R-124.3, 'LISTED-ONLY all-HOLD'): mission directive requires ALL files under any directory literally named processed/interim/external/pilot/inspecting beneath a Data/ or data/ root in MNL or Job_Market_paper to be classified HOLD, listed-only, regardless of mechanical-scan result. Only Data/external exists among the five names in either repo (no processed/interim/pilot/inspecting directory found in MNL or Job_Market_paper). File content is UNCHANGED since v1 (git status clean, tracked, hash re-verified to match v1's recorded sha256 for a spot-checked sample); this row exists ONLY to record the disposition override, not a content delta. v1 had classified this file CANONICAL_CURRENT (v1 reason: 'Tracked, git-clean codebase/documentation file ... presumed live repository material. NOT independently confirmed by an explicit pin/manifest/contract/manuscript citation'). That v1 classification is SUPERSEDED for this delta pass by the R-124.3 directive; see delta summary governance-gap note.",None pending clarification.,N/A (HOLD)
MNL,C:/Users/hisham/Repo/MNL/Data/external/lfst_r_lfp2acedu_FR_2016.tsv,Data/external/lfst_r_lfp2acedu_FR_2016.tsv,TRACKED,tsv,88055,883b79eeca82de2e9322b964bb3cb3e5e07bb104e54102413f8e8bc63d802866,clean,45d7f880f325939a0a644719e5909c58ffe612f4,False,False,False,False,False,False,False,,,HOLD,"GOVERNANCE-DIRECTIVE OVERRIDE (R-124.3, 'LISTED-ONLY all-HOLD'): mission directive requires ALL files under any directory literally named processed/interim/external/pilot/inspecting beneath a Data/ or data/ root in MNL or Job_Market_paper to be classified HOLD, listed-only, regardless of mechanical-scan result. Only Data/external exists among the five names in either repo (no processed/interim/pilot/inspecting directory found in MNL or Job_Market_paper). File content is UNCHANGED since v1 (git status clean, tracked, hash re-verified to match v1's recorded sha256 for a spot-checked sample); this row exists ONLY to record the disposition override, not a content delta. v1 had classified this file CANONICAL_CURRENT (v1 reason: 'Tracked, git-clean codebase/documentation file ... presumed live repository material. NOT independently confirmed by an explicit pin/manifest/contract/manuscript citation'). That v1 classification is SUPERSEDED for this delta pass by the R-124.3 directive; see delta summary governance-gap note.",None pending clarification.,N/A (HOLD)
MNL,C:/Users/hisham/Repo/MNL/Data/external/lfst_r_lfsd2pop_2014_full.csv,Data/external/lfst_r_lfsd2pop_2014_full.csv,TRACKED,csv,7266302,273198ff4d3c9ca9b4a0fc448a226a76db2727eeabf4102dee3da5c63d653449,clean,45d7f880f325939a0a644719e5909c58ffe612f4,False,False,False,False,False,False,False,,,HOLD,"GOVERNANCE-DIRECTIVE OVERRIDE (R-124.3, 'LISTED-ONLY all-HOLD'): mission directive requires ALL files under any directory literally named processed/interim/external/pilot/inspecting beneath a Data/ or data/ root in MNL or Job_Market_paper to be classified HOLD, listed-only, regardless of mechanical-scan result. Only Data/external exists among the five names in either repo (no processed/interim/pilot/inspecting directory found in MNL or Job_Market_paper). File content is UNCHANGED since v1 (git status clean, tracked, hash re-verified to match v1's recorded sha256 for a spot-checked sample); this row exists ONLY to record the disposition override, not a content delta. v1 had classified this file CANONICAL_CURRENT (v1 reason: 'Tracked, git-clean codebase/documentation file ... presumed live repository material. NOT independently confirmed by an explicit pin/manifest/contract/manuscript citation'). That v1 classification is SUPERSEDED for this delta pass by the R-124.3 directive; see delta summary governance-gap note.",None pending clarification.,N/A (HOLD)
MNL,C:/Users/hisham/Repo/MNL/Data/external/lfst_r_lfsd2pop_2015_full.csv,Data/external/lfst_r_lfsd2pop_2015_full.csv,TRACKED,csv,7206128,59b5688b1a1ea272b3999991f8bd220ba2b0d07ee2374d9f608db854a96b9c42,clean,45d7f880f325939a0a644719e5909c58ffe612f4,False,False,False,False,False,False,False,,,HOLD,"GOVERNANCE-DIRECTIVE OVERRIDE (R-124.3, 'LISTED-ONLY all-HOLD'): mission directive requires ALL files under any directory literally named processed/interim/external/pilot/inspecting beneath a Data/ or data/ root in MNL or Job_Market_paper to be classified HOLD, listed-only, regardless of mechanical-scan result. Only Data/external exists among the five names in either repo (no processed/interim/pilot/inspecting directory found in MNL or Job_Market_paper). File content is UNCHANGED since v1 (git status clean, tracked, hash re-verified to match v1's recorded sha256 for a spot-checked sample); this row exists ONLY to record the disposition override, not a content delta. v1 had classified this file CANONICAL_CURRENT (v1 reason: 'Tracked, git-clean codebase/documentation file ... presumed live repository material. NOT independently confirmed by an explicit pin/manifest/contract/manuscript citation'). That v1 classification is SUPERSEDED for this delta pass by the R-124.3 directive; see delta summary governance-gap note.",None pending clarification.,N/A (HOLD)
MNL,C:/Users/hisham/Repo/MNL/Data/external/lfst_r_lfsd2pop_2016_full.csv,Data/external/lfst_r_lfsd2pop_2016_full.csv,TRACKED,csv,7214941,a89f45291623e14cbfdd59d41338b00976ab651d6c93ea9cbba988ac9f697689,clean,45d7f880f325939a0a644719e5909c58ffe612f4,False,False,False,False,False,False,False,,,HOLD,"GOVERNANCE-DIRECTIVE OVERRIDE (R-124.3, 'LISTED-ONLY all-HOLD'): mission directive requires ALL files under any directory literally named processed/interim/external/pilot/inspecting beneath a Data/ or data/ root in MNL or Job_Market_paper to be classified HOLD, listed-only, regardless of mechanical-scan result. Only Data/external exists among the five names in either repo (no processed/interim/pilot/inspecting directory found in MNL or Job_Market_paper). File content is UNCHANGED since v1 (git status clean, tracked, hash re-verified to match v1's recorded sha256 for a spot-checked sample); this row exists ONLY to record the disposition override, not a content delta. v1 had classified this file CANONICAL_CURRENT (v1 reason: 'Tracked, git-clean codebase/documentation file ... presumed live repository material. NOT independently confirmed by an explicit pin/manifest/contract/manuscript citation'). That v1 classification is SUPERSEDED for this delta pass by the R-124.3 directive; see delta summary governance-gap note.",None pending clarification.,N/A (HOLD)
MNL,C:/Users/hisham/Repo/MNL/Data/external/lfst_r_lfsd2pop_FR_2016.tsv,Data/external/lfst_r_lfsd2pop_FR_2016.tsv,TRACKED,tsv,357080,151d89cf8a558ed8d8231c29257fce636ff05e4775d3186b4ad10de7e52c4b1e,clean,45d7f880f325939a0a644719e5909c58ffe612f4,False,False,False,False,False,False,False,,,HOLD,"GOVERNANCE-DIRECTIVE OVERRIDE (R-124.3, 'LISTED-ONLY all-HOLD'): mission directive requires ALL files under any directory literally named processed/interim/external/pilot/inspecting beneath a Data/ or data/ root in MNL or Job_Market_paper to be classified HOLD, listed-only, regardless of mechanical-scan result. Only Data/external exists among the five names in either repo (no processed/interim/pilot/inspecting directory found in MNL or Job_Market_paper). File content is UNCHANGED since v1 (git status clean, tracked, hash re-verified to match v1's recorded sha256 for a spot-checked sample); this row exists ONLY to record the disposition override, not a content delta. v1 had classified this file CANONICAL_CURRENT (v1 reason: 'Tracked, git-clean codebase/documentation file ... presumed live repository material. NOT independently confirmed by an explicit pin/manifest/contract/manuscript citation'). That v1 classification is SUPERSEDED for this delta pass by the R-124.3 directive; see delta summary governance-gap note.",None pending clarification.,N/A (HOLD)
MNL,C:/Users/hisham/Repo/MNL/Data/external/NUTS2013-NUTS2016.xlsx,Data/external/NUTS2013-NUTS2016.xlsx,TRACKED,xlsx,373947,1f1d7044cbbb41de54ad50414a60971e8c241a4239a5bc10e29eb7ea8a15f639,clean,45d7f880f325939a0a644719e5909c58ffe612f4,False,False,False,False,False,False,False,,,HOLD,"GOVERNANCE-DIRECTIVE OVERRIDE (R-124.3, 'LISTED-ONLY all-HOLD'): mission directive requires ALL files under any directory literally named processed/interim/external/pilot/inspecting beneath a Data/ or data/ root in MNL or Job_Market_paper to be classified HOLD, listed-only, regardless of mechanical-scan result. Only Data/external exists among the five names in either repo (no processed/interim/pilot/inspecting directory found in MNL or Job_Market_paper). File content is UNCHANGED since v1 (git status clean, tracked, hash re-verified to match v1's recorded sha256 for a spot-checked sample); this row exists ONLY to record the disposition override, not a content delta. v1 had classified this file CANONICAL_CURRENT (v1 reason: 'Tracked, git-clean codebase/documentation file ... presumed live repository material. NOT independently confirmed by an explicit pin/manifest/contract/manuscript citation'). That v1 classification is SUPERSEDED for this delta pass by the R-124.3 directive; see delta summary governance-gap note.",None pending clarification.,N/A (HOLD)
MNL,C:/Users/hisham/Repo/MNL/Data/external/smic.xlsx,Data/external/smic.xlsx,TRACKED,xlsx,10622,c968f8a2daa296ed2eb03fc6549e538c2b98133eb3fa8a2e805efa99e572c384,clean,45d7f880f325939a0a644719e5909c58ffe612f4,False,False,False,False,False,False,False,,,HOLD,"GOVERNANCE-DIRECTIVE OVERRIDE (R-124.3, 'LISTED-ONLY all-HOLD'): mission directive requires ALL files under any directory literally named processed/interim/external/pilot/inspecting beneath a Data/ or data/ root in MNL or Job_Market_paper to be classified HOLD, listed-only, regardless of mechanical-scan result. Only Data/external exists among the five names in either repo (no processed/interim/pilot/inspecting directory found in MNL or Job_Market_paper). File content is UNCHANGED since v1 (git status clean, tracked, hash re-verified to match v1's recorded sha256 for a spot-checked sample); this row exists ONLY to record the disposition override, not a content delta. v1 had classified this file CANONICAL_CURRENT (v1 reason: 'Tracked, git-clean codebase/documentation file ... presumed live repository material. NOT independently confirmed by an explicit pin/manifest/contract/manuscript citation'). That v1 classification is SUPERSEDED for this delta pass by the R-124.3 directive; see delta summary governance-gap note.",None pending clarification.,N/A (HOLD)
