panel,household,x_hours,y,object,x_occupation,x_eur_per_hour
a_preference_profile_utility,A,0.0,2.570601651773884,,,
a_preference_profile_utility,A,0.25,2.5702184966081942,,,
a_preference_profile_utility,A,0.5,2.5698320284195613,,,
a_preference_profile_utility,A,0.75,2.569442208007392,,,
a_preference_profile_utility,A,1.0,2.569048995581589,,,
a_preference_profile_utility,A,1.25,2.568652350751792,,,
a_preference_profile_utility,A,1.5,2.568252232516372,,,
a_preference_profile_utility,A,1.75,2.5678485992512017,,,
a_preference_profile_utility,A,2.0,2.567441408698172,,,
a_preference_profile_utility,A,2.25,2.5670306179534665,,,
a_preference_profile_utility,A,2.5,2.566616183455577,,,
a_preference_profile_utility,A,2.75,2.5661980609730577,,,
a_preference_profile_utility,A,3.0,2.56577620559201,,,
a_preference_profile_utility,A,3.25,2.565350571703295,,,
a_preference_profile_utility,A,3.5,2.56492111298946,,,
a_preference_profile_utility,A,3.75,2.5644877824113754,,,
a_preference_profile_utility,A,4.0,2.5640505321945817,,,
a_preference_profile_utility,A,4.25,2.5636093138153218,,,
a_preference_profile_utility,A,4.5,2.563164077986266,,,
a_preference_profile_utility,A,4.75,2.5627147746419205,,,
a_preference_profile_utility,A,5.0,2.5622613529236986,,,
a_preference_profile_utility,A,5.25,2.561803761164663,,,
a_preference_profile_utility,A,5.5,2.5613419468739167,,,
a_preference_profile_utility,A,5.75,2.560875856720642,,,
a_preference_profile_utility,A,6.0,2.5604054365177733,,,
a_preference_profile_utility,A,6.25,2.5599306312052965,,,
a_preference_profile_utility,A,6.5,2.559451384833166,,,
a_preference_profile_utility,A,6.75,2.558967640543827,,,
a_preference_profile_utility,A,7.0,2.558479340554332,,,
a_preference_profile_utility,A,7.25,2.557986426138045,,,
a_preference_profile_utility,A,7.5,2.5574888376059177,,,
a_preference_profile_utility,A,7.75,2.556986514287328,,,
a_preference_profile_utility,A,8.0,2.5564793945104687,,,
a_preference_profile_utility,A,8.25,2.555967415582278,,,
a_preference_profile_utility,A,8.5,2.55545051376789,,,
a_preference_profile_utility,A,8.75,2.554928624269605,,,
a_preference_profile_utility,A,9.0,2.5544016812053534,,,
a_preference_profile_utility,A,9.25,2.553869617586648,,,
a_preference_profile_utility,A,9.5,2.55333236529601,,,
a_preference_profile_utility,A,9.75,2.5527898550638506,,,
a_preference_profile_utility,A,10.0,2.552242016444794,,,
a_preference_profile_utility,A,10.25,2.5516887777934283,,,
a_preference_profile_utility,A,10.5,2.551130066239465,,,
a_preference_profile_utility,A,10.75,2.550565807662299,,,
a_preference_profile_utility,A,11.0,2.549995926664937,,,
a_preference_profile_utility,A,11.25,2.5494203465472918,,,
a_preference_profile_utility,A,11.5,2.548838989278815,,,
a_preference_profile_utility,A,11.75,2.548251775470458,,,
a_preference_profile_utility,A,12.0,2.5476586243459254,,,
a_preference_profile_utility,A,12.25,2.547059453712224,,,
a_preference_profile_utility,A,12.5,2.5464541799294675,,,
a_preference_profile_utility,A,12.75,2.5458427178799248,,,
a_preference_profile_utility,A,13.0,2.5452249809362897,,,
a_preference_profile_utility,A,13.25,2.5446008809291447,,,
a_preference_profile_utility,A,13.5,2.5439703281136,,,
a_preference_profile_utility,A,13.75,2.543333231135084,,,
a_preference_profile_utility,A,14.0,2.542689496994253,,,
a_preference_profile_utility,A,14.25,2.5420390310110066,,,
a_preference_profile_utility,A,14.5,2.5413817367875677,,,
a_preference_profile_utility,A,14.75,2.5407175161706137,,,
a_preference_profile_utility,A,15.0,2.54004626921242,,,
a_preference_profile_utility,A,15.25,2.5393678941309865,,,
a_preference_profile_utility,A,15.5,2.538682287269131,,,
a_preference_profile_utility,A,15.75,2.537989343052494,,,
a_preference_profile_utility,A,16.0,2.537288953946444,,,
a_preference_profile_utility,A,16.25,2.536581010411837,,,
a_preference_profile_utility,A,16.5,2.5358654008596035,,,
a_preference_profile_utility,A,16.75,2.5351420116041155,,,
a_preference_profile_utility,A,17.0,2.5344107268153104,,,
a_preference_profile_utility,A,17.25,2.5336714284695225,,,
a_preference_profile_utility,A,17.5,2.532923996298987,,,
a_preference_profile_utility,A,17.75,2.532168307739971,,,
a_preference_profile_utility,A,18.0,2.531404237879497,,,
a_preference_profile_utility,A,18.25,2.530631659400603,,,
a_preference_profile_utility,A,18.5,2.529850442526104,,,
a_preference_profile_utility,A,18.75,2.529060454960797,,,
a_preference_profile_utility,A,19.0,2.528261561832072,,,
a_preference_profile_utility,A,19.25,2.5274536256288687,,,
a_preference_profile_utility,A,19.5,2.5266365061389258,,,
a_preference_profile_utility,A,19.75,2.525810060384277,,,
a_preference_profile_utility,A,20.0,2.5249741425549264,,,
a_preference_profile_utility,A,20.25,2.5241286039406483,,,
a_preference_profile_utility,A,20.5,2.523273292860858,,,
a_preference_profile_utility,A,20.75,2.522408054592472,,,
a_preference_profile_utility,A,21.0,2.521532731295713,,,
a_preference_profile_utility,A,21.25,2.520647161937773,,,
a_preference_profile_utility,A,21.5,2.5197511822142813,,,
a_preference_profile_utility,A,21.75,2.518844624468485,,,
a_preference_profile_utility,A,22.0,2.517927317608085,,,
a_preference_profile_utility,A,22.25,2.516999087019629,,,
a_preference_profile_utility,A,22.5,2.5160597544804006,,,
a_preference_profile_utility,A,22.75,2.5151091380676998,,,
a_preference_profile_utility,A,23.0,2.514147052065438,,,
a_preference_profile_utility,A,23.25,2.5131733068679547,,,
a_preference_profile_utility,A,23.5,2.512187708880953,,,
a_preference_profile_utility,A,23.75,2.511190060419464,,,
a_preference_profile_utility,A,24.0,2.510180159602732,,,
a_preference_profile_utility,A,24.25,2.5091578002459123,,,
a_preference_profile_utility,A,24.5,2.508122771748477,,,
a_preference_profile_utility,A,24.75,2.507074858979203,,,
a_preference_profile_utility,A,25.0,2.506013842157632,,,
a_preference_profile_utility,A,25.25,2.5049394967318666,,,
a_preference_profile_utility,A,25.5,2.503851593252585,,,
a_preference_profile_utility,A,25.75,2.5027498972431275,,,
a_preference_profile_utility,A,26.0,2.5016341690655217,,,
a_preference_profile_utility,A,26.25,2.5005041637822902,,,
a_preference_profile_utility,A,26.5,2.4993596310139035,,,
a_preference_profile_utility,A,26.75,2.4982003147917013,,,
a_preference_profile_utility,A,27.0,2.497025953406132,,,
a_preference_profile_utility,A,27.25,2.4958362792501263,,,
a_preference_profile_utility,A,27.5,2.494631018657433,,,
a_preference_profile_utility,A,27.75,2.493409891735725,,,
a_preference_profile_utility,A,28.0,2.492172612194287,,,
a_preference_profile_utility,A,28.25,2.490918887166067,,,
a_preference_profile_utility,A,28.5,2.489648417023905,,,
a_preference_profile_utility,A,28.75,2.488360895190689,,,
a_preference_profile_utility,A,29.0,2.487056007943227,,,
a_preference_profile_utility,A,29.25,2.485733434209591,,,
a_preference_profile_utility,A,29.5,2.484392845359675,,,
a_preference_profile_utility,A,29.75,2.483033904988716,,,
a_preference_profile_utility,A,30.0,2.4816562686934924,,,
a_preference_profile_utility,A,30.25,2.4802595838409305,,,
a_preference_profile_utility,A,30.5,2.4788434893288014,,,
a_preference_profile_utility,A,30.75,2.477407615338214,,,
a_preference_profile_utility,A,31.0,2.4759515830775705,,,
a_preference_profile_utility,A,31.25,2.4744750045176462,,,
a_preference_profile_utility,A,31.5,2.472977482117444,,,
a_preference_profile_utility,A,31.75,2.471458608540436,,,
a_preference_profile_utility,A,32.0,2.469917966360827,,,
a_preference_profile_utility,A,32.25,2.468355127759419,,,
a_preference_profile_utility,A,32.5,2.4667696542086506,,,
a_preference_profile_utility,A,32.75,2.4651610961463777,,,
a_preference_profile_utility,A,33.0,2.463528992637924,,,
a_preference_profile_utility,A,33.25,2.4618728710259106,,,
a_preference_profile_utility,A,33.5,2.4601922465673622,,,
a_preference_profile_utility,A,33.75,2.458486622057557,,,
a_preference_profile_utility,A,34.0,2.4567554874400472,,,
a_preference_profile_utility,A,34.25,2.454998319402283,,,
a_preference_profile_utility,A,34.5,2.4532145809562125,,,
a_preference_profile_utility,A,34.75,2.451403721003215,,,
a_preference_profile_utility,A,35.0,2.449565173882699,,,
a_preference_profile_utility,A,35.25,2.4476983589036503,,,
a_preference_profile_utility,A,35.5,2.4458026798583843,,,
a_preference_profile_utility,A,35.75,2.4438775245177307,,,
a_preference_profile_utility,A,36.0,2.4419222641068257,,,
a_preference_profile_utility,A,36.25,2.4399362527606496,,,
a_preference_profile_utility,A,36.5,2.4379188269584144,,,
a_preference_profile_utility,A,36.75,2.4358693049358413,,,
a_preference_profile_utility,A,37.0,2.433786986074343,,,
a_preference_profile_utility,A,37.25,2.4316711502660446,,,
a_preference_profile_utility,A,37.5,2.429521057253563,,,
a_preference_profile_utility,A,37.75,2.4273359459433634,,,
a_preference_profile_utility,A,38.0,2.425115033691484,,,
a_preference_profile_utility,A,38.25,2.422857515560344,,,
a_preference_profile_utility,A,38.5,2.420562563545272,,,
a_preference_profile_utility,A,38.75,2.418229325769353,,,
a_preference_profile_utility,A,39.0,2.4158569256450604,,,
a_preference_profile_utility,A,39.25,2.4134444610011223,,,
a_preference_profile_utility,A,39.5,2.410991003172942,,,
a_preference_profile_utility,A,39.75,2.4084955960548102,,,
a_preference_profile_utility,A,40.0,2.4059572551120665,,,
a_preference_profile_utility,A,40.25,2.403374966351248,,,
a_preference_profile_utility,A,40.5,2.400747685246158,,,
a_preference_profile_utility,A,40.75,2.398074335617681,,,
a_preference_profile_utility,A,41.0,2.39535380846504,,,
a_preference_profile_utility,A,41.25,2.3925849607460528,,,
a_preference_profile_utility,A,41.5,2.389766614103838,,,
a_preference_profile_utility,A,41.75,2.386897553537234,,,
a_preference_profile_utility,A,42.0,2.383976526012056,,,
a_preference_profile_utility,A,42.25,2.381002239010164,,,
a_preference_profile_utility,A,42.5,2.3779733590131054,,,
a_preference_profile_utility,A,42.75,2.374888509916928,,,
a_preference_profile_utility,A,43.0,2.37174627137456,,,
a_preference_profile_utility,A,43.25,2.368545177061914,,,
a_preference_profile_utility,A,43.5,2.365283712863677,,,
a_preference_profile_utility,A,43.75,2.361960314974461,,,
a_preference_profile_utility,A,44.0,2.3585733679107794,,,
a_preference_profile_utility,A,44.25,2.3551212024289763,,,
a_preference_profile_utility,A,44.5,2.3516020933439843,,,
a_preference_profile_utility,A,44.75,2.3480142572434395,,,
a_preference_profile_utility,A,45.0,2.3443558500913557,,,
a_preference_profile_utility,A,45.25,2.3406249647151727,,,
a_preference_profile_utility,A,45.5,2.336819628169634,,,
a_preference_profile_utility,A,45.75,2.332937798970492,,,
a_preference_profile_utility,A,46.0,2.328977364190614,,,
a_preference_profile_utility,A,46.25,2.3249361364105825,,,
a_preference_profile_utility,A,46.5,2.3208118505153275,,,
a_preference_profile_utility,A,46.75,2.316602160327832,,,
a_preference_profile_utility,A,47.0,2.3123046350702894,,,
a_preference_profile_utility,A,47.25,2.307916755642512,,,
a_preference_profile_utility,A,47.5,2.3034359107066447,,,
a_preference_profile_utility,A,47.75,2.298859392566531,,,
a_preference_profile_utility,A,48.0,2.294184392829269,,,
a_preference_profile_utility,A,48.25,2.289407997835629,,,
a_preference_profile_utility,A,48.5,2.28452718384508,,,
a_preference_profile_utility,A,48.75,2.2795388119601774,,,
a_preference_profile_utility,A,49.0,2.27443962277398,,,
a_preference_profile_utility,A,49.25,2.2692262307229933,,,
a_preference_profile_utility,A,49.5,2.263895118126897,,,
a_preference_profile_utility,A,49.75,2.25844262889493,,,
a_preference_profile_utility,A,50.0,2.252864961877361,,,
a_preference_profile_utility,A,50.25,2.2471581638388605,,,
a_preference_profile_utility,A,50.5,2.241318122028873,,,
a_preference_profile_utility,A,50.75,2.235340556322236,,,
a_preference_profile_utility,A,51.0,2.229221010901244,,,
a_preference_profile_utility,A,51.25,2.2229548454481662,,,
a_preference_profile_utility,A,51.5,2.216537225814866,,,
a_preference_profile_utility,A,51.75,2.209963114133531,,,
a_preference_profile_utility,A,52.0,2.203227258329749,,,
a_preference_profile_utility,A,52.25,2.1963241809960814,,,
a_preference_profile_utility,A,52.5,2.189248167580937,,,
a_preference_profile_utility,A,52.75,2.1819932538439337,,,
a_preference_profile_utility,A,53.0,2.1745532125249443,,,
a_preference_profile_utility,A,53.25,2.166921539169713,,,
a_preference_profile_utility,A,53.5,2.1590914370501846,,,
a_preference_profile_utility,A,53.75,2.151055801112525,,,
a_preference_profile_utility,A,54.0,2.1428072008801515,,,
a_preference_profile_utility,A,54.25,2.134337862232906,,,
a_preference_profile_utility,A,54.5,2.125639647976701,,,
a_preference_profile_utility,A,54.75,2.1167040371105377,,,
a_preference_profile_utility,A,55.0,2.1075221026896163,,,
a_preference_profile_utility,A,55.25,2.098084488174273,,,
a_preference_profile_utility,A,55.5,2.0883813821446147,,,
a_preference_profile_utility,A,55.75,2.07840249124982,,,
a_preference_profile_utility,A,56.0,2.068137011249137,,,
a_preference_profile_utility,A,56.25,2.057573595988345,,,
a_preference_profile_utility,A,56.5,2.0467003241408896,,,
a_preference_profile_utility,A,56.75,2.035504663526745,,,
a_preference_profile_utility,A,57.0,2.0239734328042625,,,
a_preference_profile_utility,A,57.25,2.0120927603104266,,,
a_preference_profile_utility,A,57.5,1.999848039803112,,,
a_preference_profile_utility,A,57.75,1.98722388283456,,,
a_preference_profile_utility,A,58.0,1.974204067458282,,,
a_preference_profile_utility,A,58.25,1.9607714829415563,,,
a_preference_profile_utility,A,58.5,1.9469080701221568,,,
a_preference_profile_utility,A,58.75,1.9325947570106483,,,
a_preference_profile_utility,A,59.0,1.917811389197869,,,
a_preference_profile_utility,A,59.25,1.9025366545806104,,,
a_preference_profile_utility,A,59.5,1.8867480018663343,,,
a_preference_profile_utility,A,59.75,1.8704215522592769,,,
a_preference_profile_utility,A,60.0,1.8535320036646536,,,
a_preference_profile_utility,A,60.25,1.8360525266738967,,,
a_preference_profile_utility,A,60.5,1.8179546515108207,,,
a_preference_profile_utility,A,60.75,1.7992081450250144,,,
a_preference_profile_utility,A,61.0,1.779780876713082,,,
a_preference_profile_utility,A,61.25,1.7596386726289193,,,
a_preference_profile_utility,A,61.5,1.7387451559089155,,,
a_preference_profile_utility,A,61.75,1.7170615724845664,,,
a_preference_profile_utility,A,62.0,1.6945466003806742,,,
a_preference_profile_utility,A,62.25,1.6711561407989777,,,
a_preference_profile_utility,A,62.5,1.6468430889609311,,,
a_preference_profile_utility,A,62.75,1.621557082425151,,,
a_preference_profile_utility,A,63.0,1.595244224299614,,,
a_preference_profile_utility,A,63.25,1.5678467784300614,,,
a_preference_profile_utility,A,63.5,1.5393028332571446,,,
a_preference_profile_utility,A,63.75,1.5095459305872816,,,
a_preference_profile_utility,A,64.0,1.4785046550060852,,,
a_preference_profile_utility,A,64.25,1.4461021790668096,,,
a_preference_profile_utility,A,64.5,1.412255758695518,,,
a_preference_profile_utility,A,64.75,1.376876172452944,,,
a_preference_profile_utility,A,65.0,1.3398670973602187,,,
a_preference_profile_utility,A,65.25,1.3011244129078203,,,
a_preference_profile_utility,A,65.5,1.260535423595329,,,
a_preference_profile_utility,A,65.75,1.2179779888589448,,,
a_preference_profile_utility,A,66.0,1.17331954749197,,,
a_preference_profile_utility,A,66.25,1.1264160215992511,,,
a_preference_profile_utility,A,66.5,1.0771105826872331,,,
a_preference_profile_utility,A,66.75,1.0252322596003456,,,
a_preference_profile_utility,A,67.0,0.9705943645777938,,,
a_preference_profile_utility,A,67.25,0.9129927096067758,,,
a_preference_profile_utility,A,67.5,0.8522035803454536,,,
a_preference_profile_utility,A,67.75,0.7879814290038814,,,
a_preference_profile_utility,A,68.0,0.7200562404819778,,,
a_preference_profile_utility,A,68.25,0.6481305174930739,,,
a_preference_profile_utility,A,68.5,0.5718758200007447,,,
a_preference_profile_utility,A,68.75,0.490928781625044,,,
a_preference_profile_utility,A,69.0,0.40488651017258,,,
a_preference_profile_utility,A,69.25,0.3133012604000699,,,
a_preference_profile_utility,A,69.5,0.2156742436185605,,,
a_preference_profile_utility,A,69.75,0.1114484096068578,,,
a_preference_profile_utility,A,70.0,-0.0,,,
b_employment_margin_unconditional_mass,A,,0.8512569269830625,opportunity mass at employment,,
b_employment_margin_unconditional_mass,A,,0.1487430730169374,opportunity mass at non-employment,,
c_hours_unconditional_mass_density,A,5.0,0.0053567111747308,,,
c_hours_unconditional_mass_density,A,5.125,0.0053567111747308,,,
c_hours_unconditional_mass_density,A,5.25,0.0053567111747308,,,
c_hours_unconditional_mass_density,A,5.375,0.0053567111747308,,,
c_hours_unconditional_mass_density,A,5.5,0.0053567111747308,,,
c_hours_unconditional_mass_density,A,5.625,0.0053567111747308,,,
c_hours_unconditional_mass_density,A,5.75,0.0053567111747308,,,
c_hours_unconditional_mass_density,A,5.875,0.0053567111747308,,,
c_hours_unconditional_mass_density,A,6.0,0.0053567111747308,,,
c_hours_unconditional_mass_density,A,6.125,0.0053567111747308,,,
c_hours_unconditional_mass_density,A,6.25,0.0053567111747308,,,
c_hours_unconditional_mass_density,A,6.375,0.0053567111747308,,,
c_hours_unconditional_mass_density,A,6.5,0.0053567111747308,,,
c_hours_unconditional_mass_density,A,6.625,0.0053567111747308,,,
c_hours_unconditional_mass_density,A,6.75,0.0053567111747308,,,
c_hours_unconditional_mass_density,A,6.875,0.0053567111747308,,,
c_hours_unconditional_mass_density,A,7.0,0.0053567111747308,,,
c_hours_unconditional_mass_density,A,7.125,0.0053567111747308,,,
c_hours_unconditional_mass_density,A,7.25,0.0053567111747308,,,
c_hours_unconditional_mass_density,A,7.375,0.0053567111747308,,,
c_hours_unconditional_mass_density,A,7.5,0.0053567111747308,,,
c_hours_unconditional_mass_density,A,7.625,0.0053567111747308,,,
c_hours_unconditional_mass_density,A,7.75,0.0053567111747308,,,
c_hours_unconditional_mass_density,A,7.875,0.0053567111747308,,,
c_hours_unconditional_mass_density,A,8.0,0.0053567111747308,,,
c_hours_unconditional_mass_density,A,8.125,0.0053567111747308,,,
c_hours_unconditional_mass_density,A,8.25,0.0053567111747308,,,
c_hours_unconditional_mass_density,A,8.375,0.0053567111747308,,,
c_hours_unconditional_mass_density,A,8.5,0.0053567111747308,,,
c_hours_unconditional_mass_density,A,8.625,0.0053567111747308,,,
c_hours_unconditional_mass_density,A,8.75,0.0053567111747308,,,
c_hours_unconditional_mass_density,A,8.875,0.0053567111747308,,,
c_hours_unconditional_mass_density,A,9.0,0.0053567111747308,,,
c_hours_unconditional_mass_density,A,9.125,0.0053567111747308,,,
c_hours_unconditional_mass_density,A,9.25,0.0053567111747308,,,
c_hours_unconditional_mass_density,A,9.375,0.0053567111747308,,,
c_hours_unconditional_mass_density,A,9.5,0.0053567111747308,,,
c_hours_unconditional_mass_density,A,9.625,0.0053567111747308,,,
c_hours_unconditional_mass_density,A,9.75,0.0053567111747308,,,
c_hours_unconditional_mass_density,A,9.875,0.0053567111747308,,,
c_hours_unconditional_mass_density,A,10.0,0.0053567111747308,,,
c_hours_unconditional_mass_density,A,10.125,0.0053567111747308,,,
c_hours_unconditional_mass_density,A,10.25,0.0053567111747308,,,
c_hours_unconditional_mass_density,A,10.375,0.0053567111747308,,,
c_hours_unconditional_mass_density,A,10.5,0.0053567111747308,,,
c_hours_unconditional_mass_density,A,10.625,0.0053567111747308,,,
c_hours_unconditional_mass_density,A,10.75,0.0053567111747308,,,
c_hours_unconditional_mass_density,A,10.875,0.0053567111747308,,,
c_hours_unconditional_mass_density,A,11.0,0.0053567111747308,,,
c_hours_unconditional_mass_density,A,11.125,0.0053567111747308,,,
c_hours_unconditional_mass_density,A,11.25,0.0053567111747308,,,
c_hours_unconditional_mass_density,A,11.375,0.0053567111747308,,,
c_hours_unconditional_mass_density,A,11.5,0.0053567111747308,,,
c_hours_unconditional_mass_density,A,11.625,0.0053567111747308,,,
c_hours_unconditional_mass_density,A,11.75,0.0053567111747308,,,
c_hours_unconditional_mass_density,A,11.875,0.0053567111747308,,,
c_hours_unconditional_mass_density,A,12.0,0.0053567111747308,,,
c_hours_unconditional_mass_density,A,12.125,0.0053567111747308,,,
c_hours_unconditional_mass_density,A,12.25,0.0053567111747308,,,
c_hours_unconditional_mass_density,A,12.375,0.0053567111747308,,,
c_hours_unconditional_mass_density,A,12.5,0.0053567111747308,,,
c_hours_unconditional_mass_density,A,12.625,0.0053567111747308,,,
c_hours_unconditional_mass_density,A,12.75,0.0053567111747308,,,
c_hours_unconditional_mass_density,A,12.875,0.0053567111747308,,,
c_hours_unconditional_mass_density,A,13.0,0.0053567111747308,,,
c_hours_unconditional_mass_density,A,13.125,0.0053567111747308,,,
c_hours_unconditional_mass_density,A,13.25,0.0053567111747308,,,
c_hours_unconditional_mass_density,A,13.375,0.0053567111747308,,,
c_hours_unconditional_mass_density,A,13.5,0.0053567111747308,,,
c_hours_unconditional_mass_density,A,13.625,0.0053567111747308,,,
c_hours_unconditional_mass_density,A,13.75,0.0053567111747308,,,
c_hours_unconditional_mass_density,A,13.875,0.0053567111747308,,,
c_hours_unconditional_mass_density,A,14.0,0.0053567111747308,,,
c_hours_unconditional_mass_density,A,14.125,0.0053567111747308,,,
c_hours_unconditional_mass_density,A,14.25,0.0053567111747308,,,
c_hours_unconditional_mass_density,A,14.375,0.0053567111747308,,,
c_hours_unconditional_mass_density,A,14.5,0.0053567111747308,,,
c_hours_unconditional_mass_density,A,14.625,0.0053567111747308,,,
c_hours_unconditional_mass_density,A,14.75,0.0053567111747308,,,
c_hours_unconditional_mass_density,A,14.875,0.0053567111747308,,,
c_hours_unconditional_mass_density,A,15.0,0.0053567111747308,,,
c_hours_unconditional_mass_density,A,15.125,0.0053567111747308,,,
c_hours_unconditional_mass_density,A,15.25,0.0053567111747308,,,
c_hours_unconditional_mass_density,A,15.375,0.0053567111747308,,,
c_hours_unconditional_mass_density,A,15.5,0.0053567111747308,,,
c_hours_unconditional_mass_density,A,15.625,0.0053567111747308,,,
c_hours_unconditional_mass_density,A,15.75,0.0053567111747308,,,
c_hours_unconditional_mass_density,A,15.875,0.0053567111747308,,,
c_hours_unconditional_mass_density,A,16.0,0.0053567111747308,,,
c_hours_unconditional_mass_density,A,16.125,0.0053567111747308,,,
c_hours_unconditional_mass_density,A,16.25,0.0053567111747308,,,
c_hours_unconditional_mass_density,A,16.375,0.0053567111747308,,,
c_hours_unconditional_mass_density,A,16.5,0.0053567111747308,,,
c_hours_unconditional_mass_density,A,16.625,0.0053567111747308,,,
c_hours_unconditional_mass_density,A,16.75,0.0053567111747308,,,
c_hours_unconditional_mass_density,A,16.875,0.0053567111747308,,,
c_hours_unconditional_mass_density,A,17.0,0.0053567111747308,,,
c_hours_unconditional_mass_density,A,17.125,0.0053567111747308,,,
c_hours_unconditional_mass_density,A,17.25,0.0053567111747308,,,
c_hours_unconditional_mass_density,A,17.375,0.0053567111747308,,,
c_hours_unconditional_mass_density,A,17.5,0.0063686354883747,,,
c_hours_unconditional_mass_density,A,17.625,0.0063686354883747,,,
c_hours_unconditional_mass_density,A,17.75,0.0063686354883747,,,
c_hours_unconditional_mass_density,A,17.875,0.0063686354883747,,,
c_hours_unconditional_mass_density,A,18.0,0.0063686354883747,,,
c_hours_unconditional_mass_density,A,18.125,0.0063686354883747,,,
c_hours_unconditional_mass_density,A,18.25,0.0063686354883747,,,
c_hours_unconditional_mass_density,A,18.375,0.0063686354883747,,,
c_hours_unconditional_mass_density,A,18.5,0.0063686354883747,,,
c_hours_unconditional_mass_density,A,18.625,0.0063686354883747,,,
c_hours_unconditional_mass_density,A,18.75,0.0063686354883747,,,
c_hours_unconditional_mass_density,A,18.875,0.0063686354883747,,,
c_hours_unconditional_mass_density,A,19.0,0.0063686354883747,,,
c_hours_unconditional_mass_density,A,19.125,0.0063686354883747,,,
c_hours_unconditional_mass_density,A,19.25,0.0063686354883747,,,
c_hours_unconditional_mass_density,A,19.375,0.0063686354883747,,,
c_hours_unconditional_mass_density,A,19.5,0.0063686354883747,,,
c_hours_unconditional_mass_density,A,19.625,0.0063686354883747,,,
c_hours_unconditional_mass_density,A,19.75,0.0063686354883747,,,
c_hours_unconditional_mass_density,A,19.875,0.0063686354883747,,,
c_hours_unconditional_mass_density,A,20.0,0.0063686354883747,,,
c_hours_unconditional_mass_density,A,20.125,0.0063686354883747,,,
c_hours_unconditional_mass_density,A,20.25,0.0063686354883747,,,
c_hours_unconditional_mass_density,A,20.375,0.0063686354883747,,,
c_hours_unconditional_mass_density,A,20.5,0.0063686354883747,,,
c_hours_unconditional_mass_density,A,20.625,0.0063686354883747,,,
c_hours_unconditional_mass_density,A,20.75,0.0063686354883747,,,
c_hours_unconditional_mass_density,A,20.875,0.0063686354883747,,,
c_hours_unconditional_mass_density,A,21.0,0.0063686354883747,,,
c_hours_unconditional_mass_density,A,21.125,0.0063686354883747,,,
c_hours_unconditional_mass_density,A,21.25,0.0063686354883747,,,
c_hours_unconditional_mass_density,A,21.375,0.0063686354883747,,,
c_hours_unconditional_mass_density,A,21.5,0.0053567111747308,,,
c_hours_unconditional_mass_density,A,21.625,0.0053567111747308,,,
c_hours_unconditional_mass_density,A,21.75,0.0053567111747308,,,
c_hours_unconditional_mass_density,A,21.875,0.0053567111747308,,,
c_hours_unconditional_mass_density,A,22.0,0.0053567111747308,,,
c_hours_unconditional_mass_density,A,22.125,0.0053567111747308,,,
c_hours_unconditional_mass_density,A,22.25,0.0053567111747308,,,
c_hours_unconditional_mass_density,A,22.375,0.0053567111747308,,,
c_hours_unconditional_mass_density,A,22.5,0.0053567111747308,,,
c_hours_unconditional_mass_density,A,22.625,0.0053567111747308,,,
c_hours_unconditional_mass_density,A,22.75,0.0053567111747308,,,
c_hours_unconditional_mass_density,A,22.875,0.0053567111747308,,,
c_hours_unconditional_mass_density,A,23.0,0.0053567111747308,,,
c_hours_unconditional_mass_density,A,23.125,0.0053567111747308,,,
c_hours_unconditional_mass_density,A,23.25,0.0053567111747308,,,
c_hours_unconditional_mass_density,A,23.375,0.0053567111747308,,,
c_hours_unconditional_mass_density,A,23.5,0.0053567111747308,,,
c_hours_unconditional_mass_density,A,23.625,0.0053567111747308,,,
c_hours_unconditional_mass_density,A,23.75,0.0053567111747308,,,
c_hours_unconditional_mass_density,A,23.875,0.0053567111747308,,,
c_hours_unconditional_mass_density,A,24.0,0.0053567111747308,,,
c_hours_unconditional_mass_density,A,24.125,0.0053567111747308,,,
c_hours_unconditional_mass_density,A,24.25,0.0053567111747308,,,
c_hours_unconditional_mass_density,A,24.375,0.0053567111747308,,,
c_hours_unconditional_mass_density,A,24.5,0.0053567111747308,,,
c_hours_unconditional_mass_density,A,24.625,0.0053567111747308,,,
c_hours_unconditional_mass_density,A,24.75,0.0053567111747308,,,
c_hours_unconditional_mass_density,A,24.875,0.0053567111747308,,,
c_hours_unconditional_mass_density,A,25.0,0.0053567111747308,,,
c_hours_unconditional_mass_density,A,25.125,0.0053567111747308,,,
c_hours_unconditional_mass_density,A,25.25,0.0053567111747308,,,
c_hours_unconditional_mass_density,A,25.375,0.0053567111747308,,,
c_hours_unconditional_mass_density,A,25.5,0.0053567111747308,,,
c_hours_unconditional_mass_density,A,25.625,0.0053567111747308,,,
c_hours_unconditional_mass_density,A,25.75,0.0053567111747308,,,
c_hours_unconditional_mass_density,A,25.875,0.0053567111747308,,,
c_hours_unconditional_mass_density,A,26.0,0.0053567111747308,,,
c_hours_unconditional_mass_density,A,26.125,0.0053567111747308,,,
c_hours_unconditional_mass_density,A,26.25,0.0053567111747308,,,
c_hours_unconditional_mass_density,A,26.375,0.0053567111747308,,,
c_hours_unconditional_mass_density,A,26.5,0.0053567111747308,,,
c_hours_unconditional_mass_density,A,26.625,0.0053567111747308,,,
c_hours_unconditional_mass_density,A,26.75,0.0053567111747308,,,
c_hours_unconditional_mass_density,A,26.875,0.0053567111747308,,,
c_hours_unconditional_mass_density,A,27.0,0.0053567111747308,,,
c_hours_unconditional_mass_density,A,27.125,0.0053567111747308,,,
c_hours_unconditional_mass_density,A,27.25,0.0053567111747308,,,
c_hours_unconditional_mass_density,A,27.375,0.0053567111747308,,,
c_hours_unconditional_mass_density,A,27.5,0.0053567111747308,,,
c_hours_unconditional_mass_density,A,27.625,0.0053567111747308,,,
c_hours_unconditional_mass_density,A,27.75,0.0053567111747308,,,
c_hours_unconditional_mass_density,A,27.875,0.0053567111747308,,,
c_hours_unconditional_mass_density,A,28.0,0.0053567111747308,,,
c_hours_unconditional_mass_density,A,28.125,0.0053567111747308,,,
c_hours_unconditional_mass_density,A,28.25,0.0053567111747308,,,
c_hours_unconditional_mass_density,A,28.375,0.0053567111747308,,,
c_hours_unconditional_mass_density,A,28.5,0.0092815590988557,,,
c_hours_unconditional_mass_density,A,28.625,0.0092815590988557,,,
c_hours_unconditional_mass_density,A,28.75,0.0092815590988557,,,
c_hours_unconditional_mass_density,A,28.875,0.0092815590988557,,,
c_hours_unconditional_mass_density,A,29.0,0.0092815590988557,,,
c_hours_unconditional_mass_density,A,29.125,0.0092815590988557,,,
c_hours_unconditional_mass_density,A,29.25,0.0092815590988557,,,
c_hours_unconditional_mass_density,A,29.375,0.0092815590988557,,,
c_hours_unconditional_mass_density,A,29.5,0.0092815590988557,,,
c_hours_unconditional_mass_density,A,29.625,0.0092815590988557,,,
c_hours_unconditional_mass_density,A,29.75,0.0092815590988557,,,
c_hours_unconditional_mass_density,A,29.875,0.0092815590988557,,,
c_hours_unconditional_mass_density,A,30.0,0.0092815590988557,,,
c_hours_unconditional_mass_density,A,30.125,0.0092815590988557,,,
c_hours_unconditional_mass_density,A,30.25,0.0092815590988557,,,
c_hours_unconditional_mass_density,A,30.375,0.0092815590988557,,,
c_hours_unconditional_mass_density,A,30.5,0.0053567111747308,,,
c_hours_unconditional_mass_density,A,30.625,0.0053567111747308,,,
c_hours_unconditional_mass_density,A,30.75,0.0053567111747308,,,
c_hours_unconditional_mass_density,A,30.875,0.0053567111747308,,,
c_hours_unconditional_mass_density,A,31.0,0.0053567111747308,,,
c_hours_unconditional_mass_density,A,31.125,0.0053567111747308,,,
c_hours_unconditional_mass_density,A,31.25,0.0053567111747308,,,
c_hours_unconditional_mass_density,A,31.375,0.0053567111747308,,,
c_hours_unconditional_mass_density,A,31.5,0.0053567111747308,,,
c_hours_unconditional_mass_density,A,31.625,0.0053567111747308,,,
c_hours_unconditional_mass_density,A,31.75,0.0053567111747308,,,
c_hours_unconditional_mass_density,A,31.875,0.0053567111747308,,,
c_hours_unconditional_mass_density,A,32.0,0.0053567111747308,,,
c_hours_unconditional_mass_density,A,32.125,0.0053567111747308,,,
c_hours_unconditional_mass_density,A,32.25,0.0053567111747308,,,
c_hours_unconditional_mass_density,A,32.375,0.0053567111747308,,,
c_hours_unconditional_mass_density,A,32.5,0.0053567111747308,,,
c_hours_unconditional_mass_density,A,32.625,0.0053567111747308,,,
c_hours_unconditional_mass_density,A,32.75,0.0053567111747308,,,
c_hours_unconditional_mass_density,A,32.875,0.0053567111747308,,,
c_hours_unconditional_mass_density,A,33.0,0.0053567111747308,,,
c_hours_unconditional_mass_density,A,33.125,0.0053567111747308,,,
c_hours_unconditional_mass_density,A,33.25,0.0053567111747308,,,
c_hours_unconditional_mass_density,A,33.375,0.0053567111747308,,,
c_hours_unconditional_mass_density,A,33.5,0.0706566608884444,,,
c_hours_unconditional_mass_density,A,33.625,0.0706566608884444,,,
c_hours_unconditional_mass_density,A,33.75,0.0706566608884444,,,
c_hours_unconditional_mass_density,A,33.875,0.0706566608884444,,,
c_hours_unconditional_mass_density,A,34.0,0.0706566608884444,,,
c_hours_unconditional_mass_density,A,34.125,0.0706566608884444,,,
c_hours_unconditional_mass_density,A,34.25,0.0706566608884444,,,
c_hours_unconditional_mass_density,A,34.375,0.0706566608884444,,,
c_hours_unconditional_mass_density,A,34.5,0.0706566608884444,,,
c_hours_unconditional_mass_density,A,34.625,0.0706566608884444,,,
c_hours_unconditional_mass_density,A,34.75,0.0706566608884444,,,
c_hours_unconditional_mass_density,A,34.875,0.0706566608884444,,,
c_hours_unconditional_mass_density,A,35.0,0.0706566608884444,,,
c_hours_unconditional_mass_density,A,35.125,0.0706566608884444,,,
c_hours_unconditional_mass_density,A,35.25,0.0706566608884444,,,
c_hours_unconditional_mass_density,A,35.375,0.0706566608884444,,,
c_hours_unconditional_mass_density,A,35.5,0.0706566608884444,,,
c_hours_unconditional_mass_density,A,35.625,0.0706566608884444,,,
c_hours_unconditional_mass_density,A,35.75,0.0706566608884444,,,
c_hours_unconditional_mass_density,A,35.875,0.0706566608884444,,,
c_hours_unconditional_mass_density,A,36.0,0.0706566608884444,,,
c_hours_unconditional_mass_density,A,36.125,0.0706566608884444,,,
c_hours_unconditional_mass_density,A,36.25,0.0706566608884444,,,
c_hours_unconditional_mass_density,A,36.375,0.0706566608884444,,,
c_hours_unconditional_mass_density,A,36.5,0.0608648392705899,,,
c_hours_unconditional_mass_density,A,36.625,0.0608648392705899,,,
c_hours_unconditional_mass_density,A,36.75,0.0608648392705899,,,
c_hours_unconditional_mass_density,A,36.875,0.0608648392705899,,,
c_hours_unconditional_mass_density,A,37.0,0.0608648392705899,,,
c_hours_unconditional_mass_density,A,37.125,0.0608648392705899,,,
c_hours_unconditional_mass_density,A,37.25,0.0608648392705899,,,
c_hours_unconditional_mass_density,A,37.375,0.0608648392705899,,,
c_hours_unconditional_mass_density,A,37.5,0.0608648392705899,,,
c_hours_unconditional_mass_density,A,37.625,0.0608648392705899,,,
c_hours_unconditional_mass_density,A,37.75,0.0608648392705899,,,
c_hours_unconditional_mass_density,A,37.875,0.0608648392705899,,,
c_hours_unconditional_mass_density,A,38.0,0.0608648392705899,,,
c_hours_unconditional_mass_density,A,38.125,0.0608648392705899,,,
c_hours_unconditional_mass_density,A,38.25,0.0608648392705899,,,
c_hours_unconditional_mass_density,A,38.375,0.0608648392705899,,,
c_hours_unconditional_mass_density,A,38.5,0.0608648392705899,,,
c_hours_unconditional_mass_density,A,38.625,0.0608648392705899,,,
c_hours_unconditional_mass_density,A,38.75,0.0608648392705899,,,
c_hours_unconditional_mass_density,A,38.875,0.0608648392705899,,,
c_hours_unconditional_mass_density,A,39.0,0.0608648392705899,,,
c_hours_unconditional_mass_density,A,39.125,0.0608648392705899,,,
c_hours_unconditional_mass_density,A,39.25,0.0608648392705899,,,
c_hours_unconditional_mass_density,A,39.375,0.0608648392705899,,,
c_hours_unconditional_mass_density,A,39.5,0.0608648392705899,,,
c_hours_unconditional_mass_density,A,39.625,0.0608648392705899,,,
c_hours_unconditional_mass_density,A,39.75,0.0608648392705899,,,
c_hours_unconditional_mass_density,A,39.875,0.0608648392705899,,,
c_hours_unconditional_mass_density,A,40.0,0.0608648392705899,,,
c_hours_unconditional_mass_density,A,40.125,0.0608648392705899,,,
c_hours_unconditional_mass_density,A,40.25,0.0608648392705899,,,
c_hours_unconditional_mass_density,A,40.375,0.0608648392705899,,,
c_hours_unconditional_mass_density,A,40.5,0.0608648392705899,,,
c_hours_unconditional_mass_density,A,40.625,0.0053567111747308,,,
c_hours_unconditional_mass_density,A,40.75,0.0053567111747308,,,
c_hours_unconditional_mass_density,A,40.875,0.0053567111747308,,,
c_hours_unconditional_mass_density,A,41.0,0.0053567111747308,,,
c_hours_unconditional_mass_density,A,41.125,0.0053567111747308,,,
c_hours_unconditional_mass_density,A,41.25,0.0053567111747308,,,
c_hours_unconditional_mass_density,A,41.375,0.0053567111747308,,,
c_hours_unconditional_mass_density,A,41.5,0.0053567111747308,,,
c_hours_unconditional_mass_density,A,41.625,0.0053567111747308,,,
c_hours_unconditional_mass_density,A,41.75,0.0053567111747308,,,
c_hours_unconditional_mass_density,A,41.875,0.0053567111747308,,,
c_hours_unconditional_mass_density,A,42.0,0.0053567111747308,,,
c_hours_unconditional_mass_density,A,42.125,0.0053567111747308,,,
c_hours_unconditional_mass_density,A,42.25,0.0053567111747308,,,
c_hours_unconditional_mass_density,A,42.375,0.0053567111747308,,,
c_hours_unconditional_mass_density,A,42.5,0.0053567111747308,,,
c_hours_unconditional_mass_density,A,42.625,0.0053567111747308,,,
c_hours_unconditional_mass_density,A,42.75,0.0053567111747308,,,
c_hours_unconditional_mass_density,A,42.875,0.0053567111747308,,,
c_hours_unconditional_mass_density,A,43.0,0.0053567111747308,,,
c_hours_unconditional_mass_density,A,43.125,0.0053567111747308,,,
c_hours_unconditional_mass_density,A,43.25,0.0053567111747308,,,
c_hours_unconditional_mass_density,A,43.375,0.0053567111747308,,,
c_hours_unconditional_mass_density,A,43.5,0.0053567111747308,,,
c_hours_unconditional_mass_density,A,43.625,0.0053567111747308,,,
c_hours_unconditional_mass_density,A,43.75,0.0053567111747308,,,
c_hours_unconditional_mass_density,A,43.875,0.0053567111747308,,,
c_hours_unconditional_mass_density,A,44.0,0.0053567111747308,,,
c_hours_unconditional_mass_density,A,44.125,0.0053567111747308,,,
c_hours_unconditional_mass_density,A,44.25,0.0053567111747308,,,
c_hours_unconditional_mass_density,A,44.375,0.0053567111747308,,,
c_hours_unconditional_mass_density,A,44.5,0.0082289051354428,,,
c_hours_unconditional_mass_density,A,44.625,0.0082289051354428,,,
c_hours_unconditional_mass_density,A,44.75,0.0082289051354428,,,
c_hours_unconditional_mass_density,A,44.875,0.0082289051354428,,,
c_hours_unconditional_mass_density,A,45.0,0.0082289051354428,,,
c_hours_unconditional_mass_density,A,45.125,0.0082289051354428,,,
c_hours_unconditional_mass_density,A,45.25,0.0082289051354428,,,
c_hours_unconditional_mass_density,A,45.375,0.0082289051354428,,,
c_hours_unconditional_mass_density,A,45.5,0.0082289051354428,,,
c_hours_unconditional_mass_density,A,45.625,0.0082289051354428,,,
c_hours_unconditional_mass_density,A,45.75,0.0082289051354428,,,
c_hours_unconditional_mass_density,A,45.875,0.0082289051354428,,,
c_hours_unconditional_mass_density,A,46.0,0.0082289051354428,,,
c_hours_unconditional_mass_density,A,46.125,0.0082289051354428,,,
c_hours_unconditional_mass_density,A,46.25,0.0082289051354428,,,
c_hours_unconditional_mass_density,A,46.375,0.0082289051354428,,,
c_hours_unconditional_mass_density,A,46.5,0.0082289051354428,,,
c_hours_unconditional_mass_density,A,46.625,0.0082289051354428,,,
c_hours_unconditional_mass_density,A,46.75,0.0082289051354428,,,
c_hours_unconditional_mass_density,A,46.875,0.0082289051354428,,,
c_hours_unconditional_mass_density,A,47.0,0.0082289051354428,,,
c_hours_unconditional_mass_density,A,47.125,0.0082289051354428,,,
c_hours_unconditional_mass_density,A,47.25,0.0082289051354428,,,
c_hours_unconditional_mass_density,A,47.375,0.0082289051354428,,,
c_hours_unconditional_mass_density,A,47.5,0.0082289051354428,,,
c_hours_unconditional_mass_density,A,47.625,0.0082289051354428,,,
c_hours_unconditional_mass_density,A,47.75,0.0082289051354428,,,
c_hours_unconditional_mass_density,A,47.875,0.0082289051354428,,,
c_hours_unconditional_mass_density,A,48.0,0.0082289051354428,,,
c_hours_unconditional_mass_density,A,48.125,0.0082289051354428,,,
c_hours_unconditional_mass_density,A,48.25,0.0082289051354428,,,
c_hours_unconditional_mass_density,A,48.375,0.0082289051354428,,,
c_hours_unconditional_mass_density,A,48.5,0.0082289051354428,,,
c_hours_unconditional_mass_density,A,48.625,0.0082289051354428,,,
c_hours_unconditional_mass_density,A,48.75,0.0082289051354428,,,
c_hours_unconditional_mass_density,A,48.875,0.0082289051354428,,,
c_hours_unconditional_mass_density,A,49.0,0.0082289051354428,,,
c_hours_unconditional_mass_density,A,49.125,0.0082289051354428,,,
c_hours_unconditional_mass_density,A,49.25,0.0082289051354428,,,
c_hours_unconditional_mass_density,A,49.375,0.0082289051354428,,,
c_hours_unconditional_mass_density,A,49.5,0.0082289051354428,,,
c_hours_unconditional_mass_density,A,49.625,0.0082289051354428,,,
c_hours_unconditional_mass_density,A,49.75,0.0082289051354428,,,
c_hours_unconditional_mass_density,A,49.875,0.0082289051354428,,,
c_hours_unconditional_mass_density,A,50.0,0.0082289051354428,,,
c_hours_unconditional_mass_density,A,50.125,0.0082289051354428,,,
c_hours_unconditional_mass_density,A,50.25,0.0082289051354428,,,
c_hours_unconditional_mass_density,A,50.375,0.0082289051354428,,,
c_hours_unconditional_mass_density,A,50.5,0.0082289051354428,,,
c_hours_unconditional_mass_density,A,50.625,0.0082289051354428,,,
c_hours_unconditional_mass_density,A,50.75,0.0082289051354428,,,
c_hours_unconditional_mass_density,A,50.875,0.0082289051354428,,,
c_hours_unconditional_mass_density,A,51.0,0.0082289051354428,,,
c_hours_unconditional_mass_density,A,51.125,0.0082289051354428,,,
c_hours_unconditional_mass_density,A,51.25,0.0082289051354428,,,
c_hours_unconditional_mass_density,A,51.375,0.0082289051354428,,,
c_hours_unconditional_mass_density,A,51.5,0.0082289051354428,,,
c_hours_unconditional_mass_density,A,51.625,0.0082289051354428,,,
c_hours_unconditional_mass_density,A,51.75,0.0082289051354428,,,
c_hours_unconditional_mass_density,A,51.875,0.0082289051354428,,,
c_hours_unconditional_mass_density,A,52.0,0.0082289051354428,,,
c_hours_unconditional_mass_density,A,52.125,0.0082289051354428,,,
c_hours_unconditional_mass_density,A,52.25,0.0082289051354428,,,
c_hours_unconditional_mass_density,A,52.375,0.0082289051354428,,,
c_hours_unconditional_mass_density,A,52.5,0.0082289051354428,,,
c_hours_unconditional_mass_density,A,52.625,0.0082289051354428,,,
c_hours_unconditional_mass_density,A,52.75,0.0082289051354428,,,
c_hours_unconditional_mass_density,A,52.875,0.0082289051354428,,,
c_hours_unconditional_mass_density,A,53.0,0.0082289051354428,,,
c_hours_unconditional_mass_density,A,53.125,0.0082289051354428,,,
c_hours_unconditional_mass_density,A,53.25,0.0082289051354428,,,
c_hours_unconditional_mass_density,A,53.375,0.0082289051354428,,,
c_hours_unconditional_mass_density,A,53.5,0.0082289051354428,,,
c_hours_unconditional_mass_density,A,53.625,0.0082289051354428,,,
c_hours_unconditional_mass_density,A,53.75,0.0082289051354428,,,
c_hours_unconditional_mass_density,A,53.875,0.0082289051354428,,,
c_hours_unconditional_mass_density,A,54.0,0.0082289051354428,,,
c_hours_unconditional_mass_density,A,54.125,0.0082289051354428,,,
c_hours_unconditional_mass_density,A,54.25,0.0082289051354428,,,
c_hours_unconditional_mass_density,A,54.375,0.0082289051354428,,,
c_hours_unconditional_mass_density,A,54.5,0.0082289051354428,,,
c_hours_unconditional_mass_density,A,54.625,0.0082289051354428,,,
c_hours_unconditional_mass_density,A,54.75,0.0082289051354428,,,
c_hours_unconditional_mass_density,A,54.875,0.0082289051354428,,,
c_hours_unconditional_mass_density,A,55.0,0.0082289051354428,,,
c_hours_unconditional_mass_density,A,55.125,0.0082289051354428,,,
c_hours_unconditional_mass_density,A,55.25,0.0082289051354428,,,
c_hours_unconditional_mass_density,A,55.375,0.0082289051354428,,,
c_hours_unconditional_mass_density,A,55.5,0.0082289051354428,,,
c_hours_unconditional_mass_density,A,55.625,0.0082289051354428,,,
c_hours_unconditional_mass_density,A,55.75,0.0082289051354428,,,
c_hours_unconditional_mass_density,A,55.875,0.0082289051354428,,,
c_hours_unconditional_mass_density,A,56.0,0.0082289051354428,,,
c_hours_unconditional_mass_density,A,56.125,0.0082289051354428,,,
c_hours_unconditional_mass_density,A,56.25,0.0082289051354428,,,
c_hours_unconditional_mass_density,A,56.375,0.0082289051354428,,,
c_hours_unconditional_mass_density,A,56.5,0.0082289051354428,,,
c_hours_unconditional_mass_density,A,56.625,0.0082289051354428,,,
c_hours_unconditional_mass_density,A,56.75,0.0082289051354428,,,
c_hours_unconditional_mass_density,A,56.875,0.0082289051354428,,,
c_hours_unconditional_mass_density,A,57.0,0.0082289051354428,,,
c_hours_unconditional_mass_density,A,57.125,0.0082289051354428,,,
c_hours_unconditional_mass_density,A,57.25,0.0082289051354428,,,
c_hours_unconditional_mass_density,A,57.375,0.0082289051354428,,,
c_hours_unconditional_mass_density,A,57.5,0.0082289051354428,,,
c_hours_unconditional_mass_density,A,57.625,0.0082289051354428,,,
c_hours_unconditional_mass_density,A,57.75,0.0082289051354428,,,
c_hours_unconditional_mass_density,A,57.875,0.0082289051354428,,,
c_hours_unconditional_mass_density,A,58.0,0.0082289051354428,,,
c_hours_unconditional_mass_density,A,58.125,0.0082289051354428,,,
c_hours_unconditional_mass_density,A,58.25,0.0082289051354428,,,
c_hours_unconditional_mass_density,A,58.375,0.0082289051354428,,,
c_hours_unconditional_mass_density,A,58.5,0.0082289051354428,,,
c_hours_unconditional_mass_density,A,58.625,0.0082289051354428,,,
c_hours_unconditional_mass_density,A,58.75,0.0082289051354428,,,
c_hours_unconditional_mass_density,A,58.875,0.0082289051354428,,,
c_hours_unconditional_mass_density,A,59.0,0.0082289051354428,,,
c_hours_unconditional_mass_density,A,59.125,0.0082289051354428,,,
c_hours_unconditional_mass_density,A,59.25,0.0082289051354428,,,
c_hours_unconditional_mass_density,A,59.375,0.0082289051354428,,,
c_hours_unconditional_mass_density,A,59.5,0.0082289051354428,,,
c_hours_unconditional_mass_density,A,59.625,0.0082289051354428,,,
c_hours_unconditional_mass_density,A,59.75,0.0082289051354428,,,
c_hours_unconditional_mass_density,A,59.875,0.0082289051354428,,,
c_hours_unconditional_mass_density,A,60.0,0.0082289051354428,,,
c_hours_unconditional_mass_density,A,60.125,0.0082289051354428,,,
c_hours_unconditional_mass_density,A,60.25,0.0082289051354428,,,
c_hours_unconditional_mass_density,A,60.375,0.0082289051354428,,,
c_hours_unconditional_mass_density,A,60.5,0.0082289051354428,,,
c_hours_unconditional_mass_density,A,60.625,0.0082289051354428,,,
c_hours_unconditional_mass_density,A,60.75,0.0082289051354428,,,
c_hours_unconditional_mass_density,A,60.875,0.0082289051354428,,,
c_hours_unconditional_mass_density,A,61.0,0.0082289051354428,,,
c_hours_unconditional_mass_density,A,61.125,0.0082289051354428,,,
c_hours_unconditional_mass_density,A,61.25,0.0082289051354428,,,
c_hours_unconditional_mass_density,A,61.375,0.0082289051354428,,,
c_hours_unconditional_mass_density,A,61.5,0.0082289051354428,,,
c_hours_unconditional_mass_density,A,61.625,0.0082289051354428,,,
c_hours_unconditional_mass_density,A,61.75,0.0082289051354428,,,
c_hours_unconditional_mass_density,A,61.875,0.0082289051354428,,,
c_hours_unconditional_mass_density,A,62.0,0.0082289051354428,,,
c_hours_unconditional_mass_density,A,62.125,0.0082289051354428,,,
c_hours_unconditional_mass_density,A,62.25,0.0082289051354428,,,
c_hours_unconditional_mass_density,A,62.375,0.0082289051354428,,,
c_hours_unconditional_mass_density,A,62.5,0.0082289051354428,,,
c_hours_unconditional_mass_density,A,62.625,0.0082289051354428,,,
c_hours_unconditional_mass_density,A,62.75,0.0082289051354428,,,
c_hours_unconditional_mass_density,A,62.875,0.0082289051354428,,,
c_hours_unconditional_mass_density,A,63.0,0.0082289051354428,,,
c_hours_unconditional_mass_density,A,63.125,0.0082289051354428,,,
c_hours_unconditional_mass_density,A,63.25,0.0082289051354428,,,
c_hours_unconditional_mass_density,A,63.375,0.0082289051354428,,,
c_hours_unconditional_mass_density,A,63.5,0.0082289051354428,,,
c_hours_unconditional_mass_density,A,63.625,0.0082289051354428,,,
c_hours_unconditional_mass_density,A,63.75,0.0082289051354428,,,
c_hours_unconditional_mass_density,A,63.875,0.0082289051354428,,,
c_hours_unconditional_mass_density,A,64.0,0.0082289051354428,,,
c_hours_unconditional_mass_density,A,64.125,0.0082289051354428,,,
c_hours_unconditional_mass_density,A,64.25,0.0082289051354428,,,
c_hours_unconditional_mass_density,A,64.375,0.0082289051354428,,,
c_hours_unconditional_mass_density,A,64.5,0.0082289051354428,,,
c_hours_unconditional_mass_density,A,64.625,0.0082289051354428,,,
c_hours_unconditional_mass_density,A,64.75,0.0082289051354428,,,
c_hours_unconditional_mass_density,A,64.875,0.0082289051354428,,,
c_hours_unconditional_mass_density,A,65.0,0.0082289051354428,,,
c_hours_unconditional_mass_density,A,65.125,0.0082289051354428,,,
c_hours_unconditional_mass_density,A,65.25,0.0082289051354428,,,
c_hours_unconditional_mass_density,A,65.375,0.0082289051354428,,,
c_hours_unconditional_mass_density,A,65.5,0.0082289051354428,,,
c_hours_unconditional_mass_density,A,65.625,0.0082289051354428,,,
c_hours_unconditional_mass_density,A,65.75,0.0082289051354428,,,
c_hours_unconditional_mass_density,A,65.875,0.0082289051354428,,,
c_hours_unconditional_mass_density,A,66.0,0.0082289051354428,,,
c_hours_unconditional_mass_density,A,66.125,0.0082289051354428,,,
c_hours_unconditional_mass_density,A,66.25,0.0082289051354428,,,
c_hours_unconditional_mass_density,A,66.375,0.0082289051354428,,,
c_hours_unconditional_mass_density,A,66.5,0.0082289051354428,,,
c_hours_unconditional_mass_density,A,66.625,0.0082289051354428,,,
c_hours_unconditional_mass_density,A,66.75,0.0082289051354428,,,
c_hours_unconditional_mass_density,A,66.875,0.0082289051354428,,,
c_hours_unconditional_mass_density,A,67.0,0.0082289051354428,,,
c_hours_unconditional_mass_density,A,67.125,0.0082289051354428,,,
c_hours_unconditional_mass_density,A,67.25,0.0082289051354428,,,
c_hours_unconditional_mass_density,A,67.375,0.0082289051354428,,,
c_hours_unconditional_mass_density,A,67.5,0.0082289051354428,,,
c_hours_unconditional_mass_density,A,67.625,0.0082289051354428,,,
c_hours_unconditional_mass_density,A,67.75,0.0082289051354428,,,
c_hours_unconditional_mass_density,A,67.875,0.0082289051354428,,,
c_hours_unconditional_mass_density,A,68.0,0.0082289051354428,,,
c_hours_unconditional_mass_density,A,68.125,0.0082289051354428,,,
c_hours_unconditional_mass_density,A,68.25,0.0082289051354428,,,
c_hours_unconditional_mass_density,A,68.375,0.0082289051354428,,,
c_hours_unconditional_mass_density,A,68.5,0.0082289051354428,,,
c_hours_unconditional_mass_density,A,68.625,0.0082289051354428,,,
c_hours_unconditional_mass_density,A,68.75,0.0082289051354428,,,
c_hours_unconditional_mass_density,A,68.875,0.0082289051354428,,,
c_hours_unconditional_mass_density,A,69.0,0.0082289051354428,,,
c_hours_unconditional_mass_density,A,69.125,0.0082289051354428,,,
c_hours_unconditional_mass_density,A,69.25,0.0082289051354428,,,
c_hours_unconditional_mass_density,A,69.375,0.0082289051354428,,,
c_hours_unconditional_mass_density,A,69.5,0.0082289051354428,,,
c_hours_unconditional_mass_density,A,69.625,0.0082289051354428,,,
c_hours_unconditional_mass_density,A,69.75,0.0082289051354428,,,
c_hours_unconditional_mass_density,A,69.875,0.0082289051354428,,,
c_hours_unconditional_mass_density,A,70.0,0.0082289051354428,,,
d_occupation_unconditional_mass,A,,0.351925222762191,,1.0,
d_occupation_unconditional_mass,A,,0.0948275236466225,,2.0,
d_occupation_unconditional_mass,A,,0.0509323540172078,,3.0,
d_occupation_unconditional_mass,A,,0.3535718265570411,,4.0,
e_wage_offer_density_conditional,A,,0.0009883576595165,,,3.178310779140186
e_wage_offer_density_conditional,A,,0.0010216243658955,,,3.1925264728154352
e_wage_offer_density_conditional,A,,0.0010558762738374,,,3.206805749305806
e_wage_offer_density_conditional,A,,0.0010911375687032,,,3.221148892999417
e_wage_offer_density_conditional,A,,0.0011274328557958,,,3.235556189556375
e_wage_offer_density_conditional,A,,0.0011647871618181,,,3.2500279259144635
e_wage_offer_density_conditional,A,,0.0012032259361156,,,3.2645643902948613
e_wage_offer_density_conditional,A,,0.0012427750516937,,,3.2791658722078774
e_wage_offer_density_conditional,A,,0.0012834608060042,,,3.2938326624587195
e_wage_offer_density_conditional,A,,0.0013253099214906,,,3.308565053153285
e_wage_offer_density_conditional,A,,0.0013683495458866,,,3.323363337703982
e_wage_offer_density_conditional,A,,0.0014126072522569,,,3.3382278108355665
e_wage_offer_density_conditional,A,,0.0014581110387747,,,3.3531587685910176
e_wage_offer_density_conditional,A,,0.0015048893282266,,,3.368156508337431
e_wage_offer_density_conditional,A,,0.0015529709672365,,,3.383221328771943
e_wage_offer_density_conditional,A,,0.0016023852252005,,,3.398353529927679
e_wage_offer_density_conditional,A,,0.0016531617929259,,,3.413553413179726
e_wage_offer_density_conditional,A,,0.0017053307809638,,,3.42882128125114
e_wage_offer_density_conditional,A,,0.0017589227176288,,,3.4441574382189706
e_wage_offer_density_conditional,A,,0.0018139685466983,,,3.45956218952032
e_wage_offer_density_conditional,A,,0.0018704996247803,,,3.4750358419584244
e_wage_offer_density_conditional,A,,0.001928547718346,,,3.4905787037087648
e_wage_offer_density_conditional,A,,0.001988145000415,,,3.506191084325205
e_wage_offer_density_conditional,A,,0.0020493240468881,,,3.521873294746157
e_wage_offer_density_conditional,A,,0.0021121178325187,,,3.537625647300773
e_wage_offer_density_conditional,A,,0.002176559726515,,,3.553448455715166
e_wage_offer_density_conditional,A,,0.0022426834877657,,,3.5693420351186567
e_wage_offer_density_conditional,A,,0.0023105232596813,,,3.5853067020500524
e_wage_offer_density_conditional,A,,0.0023801135646436,,,3.601342774463949
e_wage_offer_density_conditional,A,,0.0024514892980567,,,3.6174505717370655
e_wage_offer_density_conditional,A,,0.0025246857219912,,,3.633630414674604
e_wage_offer_density_conditional,A,,0.0025997384584155,,,3.649882625516634
e_wage_offer_density_conditional,A,,0.0026766834820066,,,3.6662075279445183
e_wage_offer_density_conditional,A,,0.0027555571125347,,,3.6826054470873566
e_wage_offer_density_conditional,A,,0.0028363960068139,,,3.6990767095284576
e_wage_offer_density_conditional,A,,0.0029192371502131,,,3.715621643311847
e_wage_offer_density_conditional,A,,0.0030041178477216,,,3.7322405779487977
e_wage_offer_density_conditional,A,,0.0030910757145626,,,3.748933844424397
e_wage_offer_density_conditional,A,,0.0031801486663492,,,3.765701775204133
e_wage_offer_density_conditional,A,,0.0032713749087778,,,3.782544704240521
e_wage_offer_density_conditional,A,,0.003364792926853,,,3.79946296697975
e_wage_offer_density_conditional,A,,0.0034604414736401,,,3.816456900368369
e_wage_offer_density_conditional,A,,0.0035583595585392,,,3.833526842859992
e_wage_offer_density_conditional,A,,0.0036585864350783,,,3.850673134422042
e_wage_offer_density_conditional,A,,0.0037611615882192,,,3.867896116542521
e_wage_offer_density_conditional,A,,0.0038661247211745,,,3.8851961322368105
e_wage_offer_density_conditional,A,,0.0039735157417307,,,3.9025735260545047
e_wage_offer_density_conditional,A,,0.0040833747480759,,,3.920028644086272
e_wage_offer_density_conditional,A,,0.0041957420141272,,,3.937561833970745
e_wage_offer_density_conditional,A,,0.0043106579743581,,,3.9551734449014497
e_wage_offer_density_conditional,A,,0.0044281632081214,,,3.972863827633753
e_wage_offer_density_conditional,A,,0.0045482984234675,,,3.9906333344918585
e_wage_offer_density_conditional,A,,0.004671104440457,,,4.00848231937581
e_wage_offer_density_conditional,A,,0.0047966221739652,,,4.0264111377685525
e_wage_offer_density_conditional,A,,0.0049248926159804,,,4.044420146743004
e_wage_offer_density_conditional,A,,0.0050559568173941,,,4.06250970496917
e_wage_offer_density_conditional,A,,0.0051898558692845,,,4.080680172721285
e_wage_offer_density_conditional,A,,0.0053266308836941,,,4.098931911884993
e_wage_offer_density_conditional,A,,0.0054663229739032,,,4.117265285964549
e_wage_offer_density_conditional,A,,0.0056089732342005,,,4.13568066009006
e_wage_offer_density_conditional,A,,0.0057546227191527,,,4.154178401024757
e_wage_offer_density_conditional,A,,0.0059033124223786,,,4.1727588771723045
e_wage_offer_density_conditional,A,,0.006055083254827,,,4.191422458584127
e_wage_offer_density_conditional,A,,0.0062099760225661,,,4.2101695169667925
e_wage_offer_density_conditional,A,,0.0063680314040863,,,4.229000425689401
e_wage_offer_density_conditional,A,,0.006529289927122,,,4.247915559791033
e_wage_offer_density_conditional,A,,0.0066937919449992,,,4.266915295988213
e_wage_offer_density_conditional,A,,0.0068615776125119,,,4.28600001268241
e_wage_offer_density_conditional,A,,0.0070326868613373,,,4.30517008996758
e_wage_offer_density_conditional,A,,0.0072071593749939,,,4.324425909637732
e_wage_offer_density_conditional,A,,0.0073850345633528,,,4.343767855194533
e_wage_offer_density_conditional,A,,0.0075663515367081,,,4.363196311854943
e_wage_offer_density_conditional,A,,0.0077511490794165,,,4.382711666558893
e_wage_offer_density_conditional,A,,0.0079394656231158,,,4.402314307976985
e_wage_offer_density_conditional,A,,0.0081313392195307,,,4.422004626518237
e_wage_offer_density_conditional,A,,0.0083268075128784,,,4.441783014337859
e_wage_offer_density_conditional,A,,0.0085259077118837,,,4.461649865345058
e_wage_offer_density_conditional,A,,0.0087286765614156,,,4.481605575210889
e_wage_offer_density_conditional,A,,0.0089351503137583,,,4.50165054137613
e_wage_offer_density_conditional,A,,0.0091453646995293,,,4.521785163059204
e_wage_offer_density_conditional,A,,0.0093593548982571,,,4.542009841264123
e_wage_offer_density_conditional,A,,0.0095771555086342,,,4.562324978788481
e_wage_offer_density_conditional,A,,0.0097988005184593,,,4.582730980231467
e_wage_offer_density_conditional,A,,0.0100243232742834,,,4.603228252001935
e_wage_offer_density_conditional,A,,0.0102537564507766,,,4.6238172023264905
e_wage_offer_density_conditional,A,,0.0104871320198322,,,4.644498241257617
e_wage_offer_density_conditional,A,,0.0107244812194233,,,4.665271780681857
e_wage_offer_density_conditional,A,,0.0109658345222326,,,4.686138234327998
e_wage_offer_density_conditional,A,,0.01121122160407,,,4.707098017775324
e_wage_offer_density_conditional,A,,0.0114606713121001,,,4.728151548461888
e_wage_offer_density_conditional,A,,0.0117142116328963,,,4.7492992456928285
e_wage_offer_density_conditional,A,,0.0119718696603431,,,4.770541530648715
e_wage_offer_density_conditional,A,,0.0122336715634056,,,4.791878826393941
e_wage_offer_density_conditional,A,,0.0124996425537884,,,4.813311557885151
e_wage_offer_density_conditional,A,,0.0127698068535048,,,4.834840151979698
e_wage_offer_density_conditional,A,,0.0130441876623775,,,4.85646503744415
e_wage_offer_density_conditional,A,,0.0133228071254953,,,4.878186644962828
e_wage_offer_density_conditional,A,,0.0136056863006457,,,4.900005407146381
e_wage_offer_density_conditional,A,,0.0138928451257507,,,4.921921758540408
e_wage_offer_density_conditional,A,,0.0141843023863254,,,4.943936135634105
e_wage_offer_density_conditional,A,,0.0144800756829879,,,4.966048976868964
e_wage_offer_density_conditional,A,,0.0147801813990419,,,4.988260722647505
e_wage_offer_density_conditional,A,,0.0150846346681595,,,5.010571815342039
e_wage_offer_density_conditional,A,,0.0153934493421882,,,5.032982699303489
e_wage_offer_density_conditional,A,,0.0157066379591096,,,5.055493820870237
e_wage_offer_density_conditional,A,,0.0160242117111743,,,5.078105628377005
e_wage_offer_density_conditional,A,,0.016346180413242,,,5.100818572163798
e_wage_offer_density_conditional,A,,0.0166725524713513,,,5.12363310458486
e_wage_offer_density_conditional,A,,0.0170033348515488,,,5.14654968001769
e_wage_offer_density_conditional,A,,0.0173385330490032,,,5.169568754872094
e_wage_offer_density_conditional,A,,0.0176781510574337,,,5.192690787599264
e_wage_offer_density_conditional,A,,0.0180221913388806,,,5.215916238700925
e_wage_offer_density_conditional,A,,0.0183706547938447,,,5.239245570738489
e_wage_offer_density_conditional,A,,0.0187235407318272,,,5.26267924834228
e_wage_offer_density_conditional,A,,0.0190808468422957,,,5.286217738220782
e_wage_offer_density_conditional,A,,0.0194425691661069,,,5.309861509169936
e_wage_offer_density_conditional,A,,0.0198087020674146,,,5.333611032082474
e_wage_offer_density_conditional,A,,0.0201792382060916,,,5.357466779957302
e_wage_offer_density_conditional,A,,0.0205541685106956,,,5.381429227908915
e_wage_offer_density_conditional,A,,0.0209334821520064,,,5.405498853176864
e_wage_offer_density_conditional,A,,0.021317166517166,,,5.429676135135257
e_wage_offer_density_conditional,A,,0.021705207184449,,,5.453961555302311
e_wage_offer_density_conditional,A,,0.0220975878986922,,,5.478355597349935
e_wage_offer_density_conditional,A,,0.0224942905474145,,,5.50285874711337
e_wage_offer_density_conditional,A,,0.0228952951376534,,,5.527471492600863
e_wage_offer_density_conditional,A,,0.0233005797735482,,,5.55219432400338
e_wage_offer_density_conditional,A,,0.0237101206346993,,,5.577027733704378
e_wage_offer_density_conditional,A,,0.0241238919553298,,,5.601972216289608
e_wage_offer_density_conditional,A,,0.0245418660042797,,,5.627028268556963
e_wage_offer_density_conditional,A,,0.0249640130658597,,,5.65219638952637
e_wage_offer_density_conditional,A,,0.0253903014215922,,,5.677477080449741
e_wage_offer_density_conditional,A,,0.0258206973328666,,,5.7028708448209375
e_wage_offer_density_conditional,A,,0.0262551650245369,,,5.7283781883858165
e_wage_offer_density_conditional,A,,0.0266936666694871,,,5.753999619152289
e_wage_offer_density_conditional,A,,0.0271361623741908,,,5.779735647400444
e_wage_offer_density_conditional,A,,0.0275826101652912,,,5.805586785692714
e_wage_offer_density_conditional,A,,0.0280329659772265,,,5.831553548884075
e_wage_offer_density_conditional,A,,0.0284871836409244,,,5.857636454132307
e_wage_offer_density_conditional,A,,0.0289452148735926,,,5.883836020908293
e_wage_offer_density_conditional,A,,0.0294070092696251,,,5.910152771006362
e_wage_offer_density_conditional,A,,0.0298725142926512,,,5.936587228554682
e_wage_offer_density_conditional,A,,0.0303416752687466,,,5.963139920025704
e_wage_offer_density_conditional,A,,0.0308144353808296,,,5.989811374246637
e_wage_offer_density_conditional,A,,0.0312907356642642,,,6.0166021224099895
e_wage_offer_density_conditional,A,,0.031770515003688,,,6.043512698084144
e_wage_offer_density_conditional,A,,0.0322537101310876,,,6.070543637223986
e_wage_offer_density_conditional,A,,0.0327402556251373,,,6.097695478181577
e_wage_offer_density_conditional,A,,0.0332300839118211,,,6.124968761716874
e_wage_offer_density_conditional,A,,0.0337231252663541,,,6.1523640310085055
e_wage_offer_density_conditional,A,,0.0342193078164201,,,6.179881831664582
e_wage_offer_density_conditional,A,,0.0347185575467399,,,6.207522711733569
e_wage_offer_density_conditional,A,,0.0352207983049863,,,6.235287221715199
e_wage_offer_density_conditional,A,,0.0357259518090574,,,6.263175914571433
e_wage_offer_density_conditional,A,,0.0362339376557221,,,6.29118934573748
e_wage_offer_density_conditional,A,,0.0367446733306488,,,6.319328073132851
e_wage_offer_density_conditional,A,,0.0372580742198283,,,6.347592657172478
e_wage_offer_density_conditional,A,,0.0377740536223987,,,6.37598366077787
e_wage_offer_density_conditional,A,,0.0382925227648837,,,6.404501649388326
e_wage_offer_density_conditional,A,,0.0388133908168487,,,6.4331471909722
e_wage_offer_density_conditional,A,,0.0393365649079825,,,6.461920856038205
e_wage_offer_density_conditional,A,,0.0398619501466091,,,6.49082321764678
e_wage_offer_density_conditional,A,,0.0403894496396346,,,6.519854851421507
e_wage_offer_density_conditional,A,,0.0409189645139302,,,6.549016335560564
e_wage_offer_density_conditional,A,,0.0414503939391548,,,6.578308250848257
e_wage_offer_density_conditional,A,,0.0419836351520161,,,6.607731180666568
e_wage_offer_density_conditional,A,,0.0425185834819711,,,6.637285711006789
e_wage_offer_density_conditional,A,,0.0430551323783626,,,6.666972430481184
e_wage_offer_density_conditional,A,,0.0435931734389887,,,6.696791930334718
e_wage_offer_density_conditional,A,,0.0441325964401024,,,6.726744804456824
e_wage_offer_density_conditional,A,,0.0446732893678336,,,6.756831649393241
e_wage_offer_density_conditional,A,,0.045215138451028,,,6.787053064357887
e_wage_offer_density_conditional,A,,0.045758028195494,,,6.817409651244798
e_wage_offer_density_conditional,A,,0.0463018414196493,,,6.847902014640112
e_wage_offer_density_conditional,A,,0.0468464592915546,,,6.878530761834111
e_wage_offer_density_conditional,A,,0.0473917613673246,,,6.9092965028333175
e_wage_offer_density_conditional,A,,0.047937625630902,,,6.9401998503726405
e_wage_offer_density_conditional,A,,0.0484839285351795,,,6.971241419927585
e_wage_offer_density_conditional,A,,0.0490305450444561,,,7.0024218297265
e_wage_offer_density_conditional,A,,0.0495773486782077,,,7.0337417007629
e_wage_offer_density_conditional,A,,0.0501242115561571,,,7.065201656807828
e_wage_offer_density_conditional,A,,0.0506710044446214,,,7.096802324422281
e_wage_offer_density_conditional,A,,0.051217596804117,,,7.128544332969689
e_wage_offer_density_conditional,A,,0.0517638568382007,,,7.160428314628445
e_wage_offer_density_conditional,A,,0.0523096515435226,,,7.1924549044045
e_wage_offer_density_conditional,A,,0.0528548467610674,,,7.224624740144012
e_wage_offer_density_conditional,A,,0.0533993072285586,,,7.256938462546042
e_wage_offer_density_conditional,A,,0.0539428966339973,,,7.289396715175321
e_wage_offer_density_conditional,A,,0.0544854776703098,,,7.322000144475061
e_wage_offer_density_conditional,A,,0.0550269120910733,,,7.354749399779839
e_wage_offer_density_conditional,A,,0.0555670607672905,,,7.38764513332852
e_wage_offer_density_conditional,A,,0.0561057837451802,,,7.42068800027725
e_wage_offer_density_conditional,A,,0.0566429403049546,,,7.453878658712508
e_wage_offer_density_conditional,A,,0.0571783890205451,,,7.487217769664204
e_wage_offer_density_conditional,A,,0.0577119878202479,,,7.520705997118859
e_wage_offer_density_conditional,A,,0.0582435940482474,,,7.554344008032812
e_wage_offer_density_conditional,A,,0.0587730645269865,,,7.588132472345514
e_wage_offer_density_conditional,A,,0.0593002556203432,,,7.622072062992863
e_wage_offer_density_conditional,A,,0.0598250232975753,,,7.656163455920616
e_wage_offer_density_conditional,A,,0.0603472231979944,,,7.690407330097845
e_wage_offer_density_conditional,A,,0.0608667106963296,,,7.724804367530458
e_wage_offer_density_conditional,A,,0.0613833409687379,,,7.759355253274787
e_wage_offer_density_conditional,A,,0.0618969690594213,,,7.794060675451227
e_wage_offer_density_conditional,A,,0.0624074499478067,,,7.828921325257945
e_wage_offer_density_conditional,A,,0.0629146386162456,,,7.863937896984642
e_wage_offer_density_conditional,A,,0.0634183901181902,,,7.899111088026381
e_wage_offer_density_conditional,A,,0.0639185596467988,,,7.934441598897482
e_wage_offer_density_conditional,A,,0.0644150026039288,,,7.969930133245466
e_wage_offer_density_conditional,A,,0.0649075746694669,,,8.005577397865071
e_wage_offer_density_conditional,A,,0.0653961318709536,,,8.041384102712335
e_wage_offer_density_conditional,A,,0.0658805306534532,,,8.077350960918727
e_wage_offer_density_conditional,A,,0.0663606279496213,,,8.113478688805351
e_wage_offer_density_conditional,A,,0.0668362812499234,,,8.149768005897219
e_wage_offer_density_conditional,A,,0.0673073486729547,,,8.186219634937576
e_wage_offer_density_conditional,A,,0.0677736890358135,,,8.22283430190229
e_wage_offer_density_conditional,A,,0.0682351619244783,,,8.259612736014326
e_wage_offer_density_conditional,A,,0.0686916277641396,,,8.296555669758243
e_wage_offer_density_conditional,A,,0.0691429478894384,,,8.33366383889482
e_wage_offer_density_conditional,A,,0.0695889846145581,,,8.370937982475668
e_wage_offer_density_conditional,A,,0.0700296013031249,,,8.40837884285798
e_wage_offer_density_conditional,A,,0.0704646624378626,,,8.4459871657193
e_wage_offer_density_conditional,A,,0.0708940336899544,,,8.48376370007238
e_wage_offer_density_conditional,A,,0.0713175819880609,,,8.521709198280096
e_wage_offer_density_conditional,A,,0.0717351755869457,,,8.559824416070434
e_wage_offer_density_conditional,A,,0.0721466841356564,,,8.598110112551536
e_wage_offer_density_conditional,A,,0.072551978745215,,,8.636567050226827
e_wage_offer_density_conditional,A,,0.072950932055765,,,8.67519599501019
e_wage_offer_density_conditional,A,,0.0733434183031289,,,8.713997716241229
e_wage_offer_density_conditional,A,,0.0737293133847259,,,8.752972986700595
e_wage_offer_density_conditional,A,,0.0741084949248012,,,8.792122582625362
e_wage_offer_density_conditional,A,,0.07448084233892,,,8.831447283724495
e_wage_offer_density_conditional,A,,0.0748462368976781,,,8.870947873194385
e_wage_offer_density_conditional,A,,0.0752045617895816,,,8.910625137734435
e_wage_offer_density_conditional,A,,0.0755557021830498,,,8.950479867562736
e_wage_offer_density_conditional,A,,0.0758995452874948,,,8.990512856431804
e_wage_offer_density_conditional,A,,0.0762359804134333,,,9.030724901644389
e_wage_offer_density_conditional,A,,0.0765648990315845,,,9.071116804069346
e_wage_offer_density_conditional,A,,0.0768861948309114,,,9.1116893681576
e_wage_offer_density_conditional,A,,0.077199763775561,,,9.15244340195816
e_wage_offer_density_conditional,A,,0.0775055041606632,,,9.1933797171342
e_wage_offer_density_conditional,A,,0.0778033166669431,,,9.234499128979252
e_wage_offer_density_conditional,A,,0.0780931044141094,,,9.275802456433416
e_wage_offer_density_conditional,A,,0.0783747730129771,,,9.317290522099686
e_wage_offer_density_conditional,A,,0.0786482306162863,,,9.358964152260327
e_wage_offer_density_conditional,A,,0.0789133879681784,,,9.40082417689334
e_wage_offer_density_conditional,A,,0.0791701584522938,,,9.442871429688974
e_wage_offer_density_conditional,A,,0.0794184581384541,,,9.485106748066348
e_wage_offer_density_conditional,A,,0.0796582058278948,,,9.527530973190116
e_wage_offer_density_conditional,A,,0.0798893230970146,,,9.57014494998724
e_wage_offer_density_conditional,A,,0.0801117343396084,,,9.612949527163783
e_wage_offer_density_conditional,A,,0.0803253668075528,,,9.655945557221854
e_wage_offer_density_conditional,A,,0.0805301506499145,,,9.699133896476546
e_wage_offer_density_conditional,A,,0.0807260189504519,,,9.74251540507302
e_wage_offer_density_conditional,A,,0.0809129077634821,,,9.78609094700362
e_wage_offer_density_conditional,A,,0.0810907561480882,,,9.829861390125098
e_wage_offer_density_conditional,A,,0.0812595062006406,,,9.873827606175873
e_wage_offer_density_conditional,A,,0.0814191030856085,,,9.917990470793406
e_wage_offer_density_conditional,A,,0.0815694950646406,,,9.962350863531649
e_wage_offer_density_conditional,A,,0.0817106335238926,,,10.006909667878537
e_wage_offer_density_conditional,A,,0.0818424729995824,,,10.051667771273618
e_wage_offer_density_conditional,A,,0.0819649712017551,,,10.096626065125692
e_wage_offer_density_conditional,A,,0.0820780890362405,,,10.14178544483059
e_wage_offer_density_conditional,A,,0.0821817906247888,,,10.187146809788992
e_wage_offer_density_conditional,A,,0.082276043323369,,,10.232711063424356
e_wage_offer_density_conditional,A,,0.0823608177386197,,,10.27847911320089
e_wage_offer_density_conditional,A,,0.082436087742439,,,10.324451870641632
e_wage_offer_density_conditional,A,,0.0825018304847068,,,10.370630251346618
e_wage_offer_density_conditional,A,,0.082558026404129,,,10.417015175011102
e_wage_offer_density_conditional,A,,0.0826046592371995,,,10.463607565443873
e_wage_offer_density_conditional,A,,0.0826417160252727,,,10.51040835058566
e_wage_offer_density_conditional,A,,0.0826691871197455,,,10.557418462527618
e_wage_offer_density_conditional,A,,0.082687066185345,,,10.604638837529874
e_wage_offer_density_conditional,A,,0.0826953502015225,,,10.652070416040193
e_wage_offer_density_conditional,A,,0.0826940394619547,,,10.699714142712692
e_wage_offer_density_conditional,A,,0.0826831375721546,,,10.747570966426666
e_wage_offer_density_conditional,A,,0.082662651445196,,,10.79564184030548
e_wage_offer_density_conditional,A,,0.0826325912955578,,,10.843927721735554
e_wage_offer_density_conditional,A,,0.0825929706310946,,,10.892429572385428
e_wage_offer_density_conditional,A,,0.0825438062431422,,,10.941148358224911
e_wage_offer_density_conditional,A,,0.0824851181947682,,,10.990085049544335
e_wage_offer_density_conditional,A,,0.0824169298071785,,,11.039240620973864
e_wage_offer_density_conditional,A,,0.0823392676442941,,,11.088616051502903
e_wage_offer_density_conditional,A,,0.0822521614955105,,,11.138212324499612
e_wage_offer_density_conditional,A,,0.0821556443566561,,,11.188030427730476
e_wage_offer_density_conditional,A,,0.0820497524091678,,,11.238071353379985
e_wage_offer_density_conditional,A,,0.0819345249975,,,11.28833609807039
e_wage_offer_density_conditional,A,,0.0818100046047889,,,11.338825662881558
e_wage_offer_density_conditional,A,,0.0816762368267915,,,11.3895410533709
e_wage_offer_density_conditional,A,,0.0815332703441226,,,11.440483279593405
e_wage_offer_density_conditional,A,,0.0813811568928132,,,11.491653356121764
e_wage_offer_density_conditional,A,,0.0812199512332149,,,11.543052302066556
e_wage_offer_density_conditional,A,,0.0810497111172761,,,11.594681141096562
e_wage_offer_density_conditional,A,,0.080870497254219,,,11.646540901459144
e_wage_offer_density_conditional,A,,0.0806823732746428,,,11.698632616000726
e_wage_offer_density_conditional,A,,0.0804854056930855,,,11.750957322187368
e_wage_offer_density_conditional,A,,0.0802796638690737,,,11.80351606212542
e_wage_offer_density_conditional,A,,0.0800652199666911,,,11.856309882582291
e_wage_offer_density_conditional,A,,0.0798421489127013,,,11.909339835007271
e_wage_offer_density_conditional,A,,0.0796105283532546,,,11.96260697555251
e_wage_offer_density_conditional,A,,0.0793704386092179,,,12.016112365094015
e_wage_offer_density_conditional,A,,0.0791219626301596,,,12.069857069252794
e_wage_offer_density_conditional,A,,0.0788651859470283,,,12.123842158416087
e_wage_offer_density_conditional,A,,0.0786001966235614,,,12.178068707758674
e_wage_offer_density_conditional,A,,0.0783270852064629,,,12.232537797264287
e_wage_offer_density_conditional,A,,0.0780459446743884,,,12.287250511747123
e_wage_offer_density_conditional,A,,0.0777568703857773,,,12.342207940873454
e_wage_offer_density_conditional,A,,0.0774599600255729,,,12.39741117918332
e_wage_offer_density_conditional,A,,0.0771553135508713,,,12.452861326112329
e_wage_offer_density_conditional,A,,0.0768430331355406,,,12.508559486013564
e_wage_offer_density_conditional,A,,0.0765232231138527,,,12.564506768179568
e_wage_offer_density_conditional,A,,0.0761959899231713,,,12.620704286864433
e_wage_offer_density_conditional,A,,0.0758614420457381,,,12.677153161306002
e_wage_offer_density_conditional,A,,0.0755196899496015,,,12.733854515748156
e_wage_offer_density_conditional,A,,0.0751708460287335,,,12.7908094794632
e_wage_offer_density_conditional,A,,0.0748150245423764,,,12.848019186774366
e_wage_offer_density_conditional,A,,0.0744523415536669,,,12.905484777078382
e_wage_offer_density_conditional,A,,0.0740829148675814,,,12.963207394868192
e_wage_offer_density_conditional,A,,0.0737068639682481,,,13.021188189755728
e_wage_offer_density_conditional,A,,0.0733243099556728,,,13.079428316494818
e_wage_offer_density_conditional,A,,0.0729353754819217,,,13.13792893500418
e_wage_offer_density_conditional,A,,0.0725401846868102,,,13.196691210390522
e_wage_offer_density_conditional,A,,0.0721388631331411,,,13.25571631297175
e_wage_offer_density_conditional,A,,0.0717315377415402,,,13.315005418300268
e_wage_offer_density_conditional,A,,0.0713183367249342,,,13.374559707186409
e_wage_offer_density_conditional,A,,0.0708993895227179,,,13.434380365721918
e_wage_offer_density_conditional,A,,0.0704748267346556,,,13.494468585303627
e_wage_offer_density_conditional,A,,0.0700447800545639,,,13.554825562657127
e_wage_offer_density_conditional,A,,0.0696093822038202,,,13.615452499860638
e_wage_offer_density_conditional,A,,0.0691687668647436,,,13.676350604368936
e_wage_offer_density_conditional,A,,0.0687230686138935,,,13.737521089037404
e_wage_offer_density_conditional,A,,0.0682724228553288,,,13.798965172146188
e_wage_offer_density_conditional,A,,0.0678169657538765,,,13.86068407742446
e_wage_offer_density_conditional,A,,0.0673568341684493,,,13.92267903407479
e_wage_offer_density_conditional,A,,0.0668921655854605,,,13.98495127679762
e_wage_offer_density_conditional,A,,0.0664230980523764,,,14.04750204581588
e_wage_offer_density_conditional,A,,0.065949770111452,,,14.11033258689965
e_wage_offer_density_conditional,A,,0.0654723207336903,,,14.173444151391
e_wage_offer_density_conditional,A,,0.0649908892530695,,,14.236837996228896
e_wage_offer_density_conditional,A,,0.0645056153010781,,,14.300515383974249
e_wage_offer_density_conditional,A,,0.0640166387415993,,,14.364477582835042
e_wage_offer_density_conditional,A,,0.0635240996061861,,,14.428725866691604
e_wage_offer_density_conditional,A,,0.0630281380297651,,,14.49326151512197
e_wage_offer_density_conditional,A,,0.0625288941868096,,,14.558085813427372
e_wage_offer_density_conditional,A,,0.0620265082280196,,,14.623200052657827
e_wage_offer_density_conditional,A,,0.0615211202175465,,,14.688605529637872
e_wage_offer_density_conditional,A,,0.0610128700708002,,,14.75430354699236
e_wage_offer_density_conditional,A,,0.0605018974928727,,,14.820295413172428
e_wage_offer_density_conditional,A,,0.0599883419176161,,,14.886582442481547
e_wage_offer_density_conditional,A,,0.0594723424474079,,,14.953165955101706
e_wage_offer_density_conditional,A,,0.0589540377936376,,,15.020047277119687
e_wage_offer_density_conditional,A,,0.0584335662179475,,,15.087227740553493
e_wage_offer_density_conditional,A,,0.0579110654742595,,,15.154708683378868
e_wage_offer_density_conditional,A,,0.0573866727516199,,,15.22249144955595
e_wage_offer_density_conditional,A,,0.0568605246178899,,,15.290577389056027
e_wage_offer_density_conditional,A,,0.0563327569643141,,,15.358967857888445
e_wage_offer_density_conditional,A,,0.0558035049509924,,,15.42766421812758
e_wage_offer_density_conditional,A,,0.0552729029532844,,,15.49666783794
e_wage_offer_density_conditional,A,,0.0547410845091719,,,15.565980091611696
e_wage_offer_density_conditional,A,,0.0542081822676043,,,15.635602359575447
e_wage_offer_density_conditional,A,,0.0536743279378521,,,15.705536028438328
e_wage_offer_density_conditional,A,,0.0531396522398906,,,15.775782491009323
e_wage_offer_density_conditional,A,,0.0526042848558377,,,15.84634314632706
e_wage_offer_density_conditional,A,,0.0520683543824646,,,15.917219399687662
e_wage_offer_density_conditional,A,,0.0515319882848022,,,15.98841266267276
e_wage_offer_density_conditional,A,,0.0509953128508593,,,16.05992435317759
e_wage_offer_density_conditional,A,,0.0504584531474739,,,16.131755895439234
e_wage_offer_density_conditional,A,,0.0499215329773119,,,16.20390872006499
e_wage_offer_density_conditional,A,,0.0493846748370303,,,16.27638426406087
e_wage_offer_density_conditional,A,,0.0488479998766197,,,16.34918397086019
e_wage_offer_density_conditional,A,,0.0483116278599396,,,16.422309290352363
e_wage_offer_density_conditional,A,,0.0477756771264597,,,16.495761678911734
e_wage_offer_density_conditional,A,,0.0472402645542181,,,16.569542599426615
e_wage_offer_density_conditional,A,,0.046705505524008,,,16.643653521328396
e_wage_offer_density_conditional,A,,0.0461715138848008,,,16.718095920620826
e_wage_offer_density_conditional,A,,0.045638401920417,,,16.79287127990941
e_wage_offer_density_conditional,A,,0.0451062803174486,,,16.867981088430923
e_wage_offer_density_conditional,A,,0.0445752581344427,,,16.94342684208309
e_wage_offer_density_conditional,A,,0.0440454427723497,,,17.019210043454358
e_wage_offer_density_conditional,A,,0.0435169399462415,,,17.095332201853832
e_wage_offer_density_conditional,A,,0.0429898536583022,,,17.171794833341345
e_wage_offer_density_conditional,A,,0.0424642861720943,,,17.248599460757625
e_wage_offer_density_conditional,A,,0.0419403379881014,,,17.32574761375465
e_wage_offer_density_conditional,A,,0.041418107820548,,,17.4032408288261
e_wage_offer_density_conditional,A,,0.0408976925754956,,,17.48108064933796
e_wage_offer_density_conditional,A,,0.0403791873302131,,,17.559268625559262
e_wage_offer_density_conditional,A,,0.0398626853138203,,,17.637806314692952
e_wage_offer_density_conditional,A,,0.0393482778891989,,,17.71669528090691
e_wage_offer_density_conditional,A,,0.0388360545361692,,,17.795937095365108
e_wage_offer_density_conditional,A,,0.0383261028359249,,,17.87553333625888
e_wage_offer_density_conditional,A,,0.0378185084567213,,,17.955485588838382
e_wage_offer_density_conditional,A,,0.0373133551408092,,,18.035795445444137
e_wage_offer_density_conditional,A,,0.0368107246926069,,,18.116464505538776
e_wage_offer_density_conditional,A,,0.0363106969681012,,,18.197494375738863
e_wage_offer_density_conditional,A,,0.0358133498654688,,,18.27888666984692
e_wage_offer_density_conditional,A,,0.0353187593169065,,,18.36064300888353
e_wage_offer_density_conditional,A,,0.0348269992816594,,,18.4427650211197
e_wage_offer_density_conditional,A,,0.0343381417402371,,,18.52525434210919
e_wage_offer_density_conditional,A,,0.0338522566898019,,,18.608112614721144
e_wage_offer_density_conditional,A,,0.0333694121407189,,,18.691341489172803
e_wage_offer_density_conditional,A,,0.0328896741142517,,,18.774942623062373
e_wage_offer_density_conditional,A,,0.0324131066413909,,,18.858917681402023
e_wage_offer_density_conditional,A,,0.0319397717627986,,,18.943268336651062
e_wage_offer_density_conditional,A,,0.0314697295298536,,,19.027996268749234
e_wage_offer_density_conditional,A,,0.0310030380067808,,,19.113103165150186
e_wage_offer_density_conditional,A,,0.0305397532738473,,,19.19859072085508
e_wage_offer_density_conditional,A,,0.0300799294316085,,,19.284460638446333
e_wage_offer_density_conditional,A,,0.0296236186061842,,,19.37071462812154
e_wage_offer_density_conditional,A,,0.0291708709555479,,,19.45735440772753
e_wage_offer_density_conditional,A,,0.0287217346768085,,,19.544381702794578
e_wage_offer_density_conditional,A,,0.028276256014466,,,19.631798246570774
e_wage_offer_density_conditional,A,,0.0278344792696199,,,19.719605780056558
e_wage_offer_density_conditional,A,,0.0273964468101112,,,19.80780605203933
e_wage_offer_density_conditional,A,,0.0269621990815751,,,19.89640081912838
e_wage_offer_density_conditional,A,,0.0265317746193848,,,19.985391845789792
e_wage_offer_density_conditional,A,,0.0261052100614645,,,20.07478090438161
e_wage_offer_density_conditional,A,,0.0256825401619485,,,20.164569775189157
e_wage_offer_density_conditional,A,,0.0252637978056656,,,20.25476024646045
e_wage_offer_density_conditional,A,,0.0248490140234247,,,20.34535411444185
e_wage_offer_density_conditional,A,,0.0244382180080809,,,20.43635318341384
e_wage_offer_density_conditional,A,,0.0240314371313568,,,20.527759265726907
e_wage_offer_density_conditional,A,,0.0236286969613973,,,20.61957418183772
e_wage_offer_density_conditional,A,,0.023230021281034,,,20.711799760345297
e_wage_offer_density_conditional,A,,0.0228354321067354,,,20.804437838027503
e_wage_offer_density_conditional,A,,0.0224449497082199,,,20.897490259877568
e_wage_offer_density_conditional,A,,0.0220585926287071,,,20.99095887914088
e_wage_offer_density_conditional,A,,0.0216763777057836,,,21.08484555735186
e_wage_offer_density_conditional,A,,0.0212983200928599,,,21.179152164371057
e_wage_offer_density_conditional,A,,0.0209244332811936,,,21.273880578422386
e_wage_offer_density_conditional,A,,0.0205547291224551,,,21.369032686130527
e_wage_offer_density_conditional,A,,0.0201892178518127,,,21.4646103825585
e_wage_offer_density_conditional,A,,0.0198279081115111,,,21.56061557124541
e_wage_offer_density_conditional,A,,0.0194708069749212,,,21.65705016424439
e_wage_offer_density_conditional,A,,0.0191179199710363,,,21.7539160821606
e_wage_offer_density_conditional,A,,0.0187692511093909,,,21.851215254189565
e_wage_offer_density_conditional,A,,0.0184248029053787,,,21.94894961815555
e_wage_offer_density_conditional,A,,0.0180845764059459,,,22.04712112055016
e_wage_offer_density_conditional,A,,0.0177485712156356,,,22.145731716571124
e_wage_offer_density_conditional,A,,0.0174167855229617,,,22.24478337016121
e_wage_offer_density_conditional,A,,0.0170892161270871,,,22.344278054047347
e_wage_offer_density_conditional,A,,0.0167658584647843,,,22.44421774977996
e_wage_offer_density_conditional,A,,0.0164467066376556,,,22.544604447772333
e_wage_offer_density_conditional,A,,0.0161317534395893,,,22.64544014734036
e_wage_offer_density_conditional,A,,0.0158209903844313,,,22.746726856742285
e_wage_offer_density_conditional,A,,0.0155144077338476,,,22.848466593218745
e_wage_offer_density_conditional,A,,0.0152119945253579,,,22.950661383032923
e_wage_offer_density_conditional,A,,0.014913738600518,,,23.05331326151091
e_wage_offer_density_conditional,A,,0.0146196266332289,,,23.15642427308224
e_wage_offer_density_conditional,A,,0.014329644158153,,,23.259996471320605
e_wage_offer_density_conditional,A,,0.0140437755992152,,,23.364031918984768
e_wage_offer_density_conditional,A,,0.0137620042981701,,,23.468532688059614
e_wage_offer_density_conditional,A,,0.0134843125432137,,,23.573500859797463
e_wage_offer_density_conditional,A,,0.0132106815976214,,,23.678938524759467
e_wage_offer_density_conditional,A,,0.0129410917283912,,,23.784847782857288
e_wage_offer_density_conditional,A,,0.0126755222348752,,,23.891230743394896
e_wage_offer_density_conditional,A,,0.0124139514773794,,,23.9980895251106
e_wage_offer_density_conditional,A,,0.0121563569057132,,,24.10542625621921
e_wage_offer_density_conditional,A,,0.0119027150876731,,,24.213243074454475
e_wage_offer_density_conditional,A,,0.0116530017374399,,,24.321542127111595
e_wage_offer_density_conditional,A,,0.0114071917438754,,,24.430325571090044
e_wage_offer_density_conditional,A,,0.0111652591987001,,,24.539595572936488
e_wage_offer_density_conditional,A,,0.0109271774245369,,,24.649354308887965
e_wage_offer_density_conditional,A,,0.0106929190028036,,,24.759603964915197
e_wage_offer_density_conditional,A,,0.0104624558014408,,,24.870346736766137
e_wage_offer_density_conditional,A,,0.010235759002459,,,24.98158483000973
e_wage_offer_density_conditional,A,,0.0100127991292904,,,25.093320460079784
e_wage_offer_density_conditional,A,,0.0097935460739328,,,25.205555852319137
e_wage_offer_density_conditional,A,,0.0095779691238699,,,25.31829324202396
e_wage_offer_density_conditional,A,,0.0093660369887571,,,25.431534874488268
e_wage_offer_density_conditional,A,,0.0091577178268584,,,25.545283005048663
e_wage_offer_density_conditional,A,,0.0089529792712237,,,25.6595398991292
e_wage_offer_density_conditional,A,,0.0087517884555934,,,25.774307832286617
e_wage_offer_density_conditional,A,,0.0085541120400199,,,25.88958909025551
e_wage_offer_density_conditional,A,,0.0083599162361949,,,26.00538596899394
e_wage_offer_density_conditional,A,,0.0081691668324726,,,26.121700774729163
e_wage_offer_density_conditional,A,,0.0079818292185772,,,26.238535824003524
e_wage_offer_density_conditional,A,,0.0077978684099883,,,26.35589344372062
e_wage_offer_density_conditional,A,,0.0076172490719916,,,26.47377597119165
e_wage_offer_density_conditional,A,,0.0074399355433891,,,26.59218575418192
e_wage_offer_density_conditional,A,,0.00726589185986,,,26.711125150957663
e_wage_offer_density_conditional,A,,0.0070950817769629,,,26.830596530332965
e_wage_offer_density_conditional,A,,0.0069274687927753,,,26.95060227171695
e_wage_offer_density_conditional,A,,0.0067630161701603,,,27.07114476516117
e_wage_offer_density_conditional,A,,0.0066016869586568,,,27.192226411407223
e_wage_offer_density_conditional,A,,0.0064434440159852,,,27.313849621934533
e_wage_offer_density_conditional,A,,0.0062882500291646,,,27.43601681900841
e_wage_offer_density_conditional,A,,0.0061360675352359,,,27.558730435728272
e_wage_offer_density_conditional,A,,0.0059868589415857,,,27.68199291607611
e_wage_offer_density_conditional,A,,0.0058405865458677,,,27.80580671496516
e_wage_offer_density_conditional,A,,0.0056972125555165,,,27.9301742982888
e_wage_offer_density_conditional,A,,0.0055566991068518,,,28.05509814296965
e_wage_offer_density_conditional,A,,0.0054190082837686,,,28.18058073700893
e_wage_offer_density_conditional,A,,0.0052841021360122,,,28.306624579535978
e_wage_offer_density_conditional,A,,0.0051519426970338,,,28.43323218085803
e_wage_offer_density_conditional,A,,0.0050224920014267,,,28.560406062510243
e_wage_offer_density_conditional,A,,0.0048957121019403,,,28.688148757305875
e_wage_offer_density_conditional,A,,0.0047715650860715,,,28.816462809386767
e_wage_offer_density_conditional,A,,0.0046500130922323,,,28.945350774273976
e_wage_offer_density_conditional,A,,0.0045310183254925,,,29.074815218918697
e_wage_offer_density_conditional,A,,0.0044145430728991,,,29.204858721753386
e_wage_offer_density_conditional,A,,0.0043005497183703,,,29.335483872743083
e_wage_offer_density_conditional,A,,0.0041890007571671,,,29.466693273437045
e_wage_offer_density_conditional,A,,0.0040798588099408,,,29.598489537020505
e_wage_offer_density_conditional,A,,0.0039730866363592,,,29.730875288366757
e_wage_offer_density_conditional,A,,0.0038686471483132,,,29.8638531640894
e_wage_offer_density_conditional,A,,0.0037665034227032,,,29.9974258125949
e_wage_offer_density_conditional,A,,0.0036666187138106,,,30.13159589413524
e_wage_offer_density_conditional,A,,0.0035689564652532,,,30.26636608086107
e_wage_offer_density_conditional,A,,0.0034734803215306,,,30.40173905687472
e_wage_offer_density_conditional,A,,0.0033801541391587,,,30.53771751828381
e_wage_offer_density_conditional,A,,0.0032889419973996,,,30.674304173254864
e_wage_offer_density_conditional,A,,0.0031998082085876,,,30.811501742067307
e_wage_offer_density_conditional,A,,0.0031127173280569,,,30.949312957167592
e_wage_offer_density_conditional,A,,0.0030276341636728,,,31.087740563223644
e_wage_offer_density_conditional,A,,0.0029445237849716,,,31.22678731717952
e_wage_offer_density_conditional,A,,0.0028633515319133,,,31.366455988310317
e_wage_offer_density_conditional,A,,0.0027840830232504,,,31.50674935827731
e_wage_offer_density_conditional,A,,0.0027066841645182,,,31.647670221183397
e_wage_offer_density_conditional,A,,0.0026311211556511,,,31.78922138362867
e_wage_offer_density_conditional,A,,0.0025573604982296,,,31.9314056647664
e_wage_offer_density_conditional,A,,0.002485369002363,,,32.074225896359124
e_wage_offer_density_conditional,A,,0.0024151137932128,,,32.21768492283505
e_wage_offer_density_conditional,A,,0.0023465623171629,,,32.36178560134473
e_wage_offer_density_conditional,A,,0.0022796823476403,,,32.50653080181794
e_wage_offer_density_conditional,A,,0.0022144419905945,,,32.65192340702085
e_wage_offer_density_conditional,A,,0.0021508096896379,,,32.797966312613454
e_wage_offer_density_conditional,A,,0.0020887542308562,,,32.94466242720719
e_wage_offer_density_conditional,A,,0.0020282447472926,,,33.09201467242293
e_wage_offer_density_conditional,A,,0.0019692507231125,,,33.240025982949106
e_wage_offer_density_conditional,A,,0.0019117419974545,,,33.38869930660022
e_wage_offer_density_conditional,A,,0.0018556887679746,,,33.53803760437551
e_wage_offer_density_conditional,A,,0.0018010615940882,,,33.68804385051792
e_wage_offer_density_conditional,A,,0.0017478313999179,,,33.83872103257338
e_wage_offer_density_conditional,A,,0.0016959694769526,,,33.99007215145025
e_wage_offer_density_conditional,A,,0.0016454474864236,,,34.142100221479126
e_wage_offer_density_conditional,A,,0.0015962374614061,,,34.29480827047284
e_wage_offer_density_conditional,A,,0.0015483118086496,,,34.44819933978682
e_wage_offer_density_conditional,A,,0.001501643310147,,,34.60227648437959
e_wage_offer_density_conditional,A,,0.0014562051244459,,,34.75704277287366
e_wage_offer_density_conditional,A,,0.0014119707877108,,,34.912501287616635
e_wage_offer_density_conditional,A,,0.0013689142145412,,,35.068655124742584
e_wage_offer_density_conditional,A,,0.0013270096985532,,,35.225507394233695
e_wage_offer_density_conditional,A,,0.0012862319127303,,,35.38306121998233
e_wage_offer_density_conditional,A,,0.0012465559095506,,,35.541319739853044
e_wage_offer_density_conditional,A,,0.0012079571208961,,,35.70028610574522
e_wage_offer_density_conditional,A,,0.0011704113577518,,,35.8599634836558
e_wage_offer_density_conditional,A,,0.001133894809699,,,36.02035505374234
e_wage_offer_density_conditional,A,,0.001098384044212,,,36.18146401038637
e_wage_offer_density_conditional,A,,0.0010638560057618,,,36.34329356225695
e_wage_offer_density_conditional,A,,0.0010302880147352,,,36.50584693237467
e_wage_offer_density_conditional,A,,0.0009976577661743,,,36.66912735817575
e_wage_offer_density_conditional,A,,0.0009659433283436,,,36.83313809157658
e_wage_offer_density_conditional,A,,0.00093512314113,,,36.99788239903844
e_wage_offer_density_conditional,A,,0.0009051760142827,,,37.163363561632586
e_wage_offer_density_conditional,A,,0.0008760811254986,,,37.3295848751056
e_wage_offer_density_conditional,A,,0.0008478180183589,,,37.496549649944974
e_wage_offer_density_conditional,A,,0.0008203666001241,,,37.66426121144514
e_wage_offer_density_conditional,A,,0.0007937071393916,,,37.83272289977359
e_wage_offer_density_conditional,A,,0.000767820263623,,,38.00193807003748
e_wage_offer_density_conditional,A,,0.0007426869565462,,,38.171910092350416
e_wage_offer_density_conditional,A,,0.0007182885554385,,,38.34264235189956
e_wage_offer_density_conditional,A,,0.0006946067482956,,,38.51413824901309
e_wage_offer_density_conditional,A,,0.000671623570892,,,38.68640119922789
e_wage_offer_density_conditional,A,,0.0006493214037397,,,38.85943463335757
e_wage_offer_density_conditional,A,,0.0006276829689477,,,39.03324199756084
e_wage_offer_density_conditional,A,,0.0006066913269906,,,39.20782675341009
e_wage_offer_density_conditional,A,,0.000586329873389,,,39.38319237796034
e_wage_offer_density_conditional,A,,0.0005665823353084,,,39.55934236381854
e_wage_offer_density_conditional,A,,0.0005474327680804,,,39.73628021921306
e_wage_offer_density_conditional,A,,0.000528865551652,,,39.91400946806362
e_wage_offer_density_conditional,A,,0.0005108653869664,,,40.09253365005141
e_wage_offer_density_conditional,A,,0.0004934172922822,,,40.27185632068967
e_wage_offer_density_conditional,A,,0.0004765065994326,,,40.4519810513944
e_wage_offer_density_conditional,A,,0.0004601189500318,,,40.632911429555584
e_wage_offer_density_conditional,A,,0.0004442402916311,,,40.81465105860859
e_wage_offer_density_conditional,A,,0.0004288568738302,,,40.99720355810593
e_wage_offer_density_conditional,A,,0.0004139552443463,,,41.180572563789326
e_wage_offer_density_conditional,A,,0.0003995222450469,,,41.36476172766227
e_wage_offer_density_conditional,A,,0.0003855450079488,,,41.54977471806254
e_wage_offer_density_conditional,A,,0.0003720109511878,,,41.73561521973538
e_wage_offer_density_conditional,A,,0.0003589077749626,,,41.92228693390687
e_wage_offer_density_conditional,A,,0.0003462234574566,,,42.10979357835765
e_wage_offer_density_conditional,A,,0.000333946250741,,,42.29813888749695
e_wage_offer_density_conditional,A,,0.000322064676663,,,42.48732661243695
e_wage_offer_density_conditional,A,,0.0003105675227216,,,42.67736052106752
e_wage_offer_density_conditional,A,,0.0002994438379352,,,42.86824439813123
e_wage_offer_density_conditional,A,,0.0002886829287037,,,43.05998204529877
e_wage_offer_density_conditional,A,,0.0002782743546673,,,43.252577281244605
e_wage_offer_density_conditional,A,,0.0002682079245666,,,43.44603394172309
e_wage_offer_density_conditional,A,,0.000258473692105,,,43.640355879644815
e_wage_offer_density_conditional,A,,0.0002490619518178,,,43.83554696515336
e_wage_offer_density_conditional,A,,0.0002399632349487,,,44.0316110857024
e_wage_offer_density_conditional,A,,0.0002311683053384,,,44.228552146133055
e_wage_offer_density_conditional,A,,0.0002226681553259,,,44.42637406875174
e_wage_offer_density_conditional,A,,0.0002144540016654,,,44.62508079340825
e_wage_offer_density_conditional,A,,0.0002065172814617,,,44.824676277574206
e_wage_offer_density_conditional,A,,0.0001988496481251,,,45.02516449642189
e_wage_offer_density_conditional,A,,0.0001914429673488,,,45.22654944290343
e_wage_offer_density_conditional,A,,0.0001842893131103,,,45.4288351278303
e_wage_offer_density_conditional,A,,0.0001773809636983,,,45.63202557995322
e_wage_offer_density_conditional,A,,0.0001707103977678,,,45.83612484604237
e_wage_offer_density_conditional,A,,0.0001642702904245,,,46.04113699096802
e_wage_offer_density_conditional,A,,0.00015805350934,,,46.24706609778144
f_occupation_conditional_share,A,,0.4134183365878129,,1.0,
f_occupation_conditional_share,A,,0.1113970654931414,,2.0,
f_occupation_conditional_share,A,,0.0598319407487432,,3.0,
f_occupation_conditional_share,A,,0.4153526571703024,,4.0,
a_preference_profile_utility,B,0.0,2.542764924174664,,,
a_preference_profile_utility,B,0.25,2.542385918148911,,,
a_preference_profile_utility,B,0.5,2.542003634976531,,,
a_preference_profile_utility,B,0.75,2.5416180358814286,,,
a_preference_profile_utility,B,1.0,2.54122908150439,,,
a_preference_profile_utility,B,1.25,2.540836731892435,,,
a_preference_profile_utility,B,1.5,2.540440946487938,,,
a_preference_profile_utility,B,1.75,2.5400416841175133,,,
a_preference_profile_utility,B,2.0,2.53963890298066,,,
a_preference_profile_utility,B,2.25,2.539232560638161,,,
a_preference_profile_utility,B,2.5,2.538822614000232,,,
a_preference_profile_utility,B,2.75,2.5384090193144018,,,
a_preference_profile_utility,B,3.0,2.53799173215314,,,
a_preference_profile_utility,B,3.25,2.5375707074012044,,,
a_preference_profile_utility,B,3.5,2.5371458992427063,,,
a_preference_profile_utility,B,3.75,2.536717261147899,,,
a_preference_profile_utility,B,4.0,2.536284745859666,,,
a_preference_profile_utility,B,4.25,2.5358483053797065,,,
a_preference_profile_utility,B,4.5,2.5354078909544198,,,
a_preference_profile_utility,B,4.75,2.5349634530604623,,,
a_preference_profile_utility,B,5.0,2.534514941389991,,,
a_preference_profile_utility,B,5.25,2.5340623048355626,,,
a_preference_profile_utility,B,5.5,2.533605491474697,,,
a_preference_profile_utility,B,5.75,2.5331444485540917,,,
a_preference_profile_utility,B,6.0,2.532679122473462,,,
a_preference_profile_utility,B,6.25,2.532209458769035,,,
a_preference_profile_utility,B,6.5,2.5317354020966407,,,
a_preference_profile_utility,B,6.75,2.5312568962144275,,,
a_preference_profile_utility,B,7.0,2.530773883965172,,,
a_preference_profile_utility,B,7.25,2.5302863072581823,,,
a_preference_profile_utility,B,7.5,2.5297941070507752,,,
a_preference_profile_utility,B,7.75,2.5292972233293223,,,
a_preference_profile_utility,B,8.0,2.5287955950898544,,,
a_preference_profile_utility,B,8.25,2.528289160318204,,,
a_preference_profile_utility,B,8.5,2.527777855969683,,,
a_preference_profile_utility,B,8.75,2.5272616179482776,,,
a_preference_profile_utility,B,9.0,2.526740381085346,,,
a_preference_profile_utility,B,9.25,2.5262140791178123,,,
a_preference_profile_utility,B,9.5,2.5256826446658334,,,
a_preference_profile_utility,B,9.75,2.5251460092099323,,,
a_preference_profile_utility,B,10.0,2.5246041030675768,,,
a_preference_profile_utility,B,10.25,2.5240568553691944,,,
a_preference_profile_utility,B,10.5,2.5235041940336007,,,
a_preference_profile_utility,B,10.75,2.522946045742833,,,
a_preference_profile_utility,B,11.0,2.522382335916362,,,
a_preference_profile_utility,B,11.25,2.521812988684678,,,
a_preference_profile_utility,B,11.5,2.5212379268622147,,,
a_preference_profile_utility,B,11.75,2.5206570719196177,,,
a_preference_profile_utility,B,12.0,2.5200703439553083,,,
a_preference_profile_utility,B,12.25,2.5194776616663503,,,
a_preference_profile_utility,B,12.5,2.518878942318585,,,
a_preference_profile_utility,B,12.75,2.5182741017160093,,,
a_preference_profile_utility,B,13.0,2.5176630541693936,,,
a_preference_profile_utility,B,13.25,2.517045712464096,,,
a_preference_profile_utility,B,13.5,2.5164219878270644,,,
a_preference_profile_utility,B,13.75,2.515791789892993,,,
a_preference_profile_utility,B,14.0,2.5151550266696177,,,
a_preference_profile_utility,B,14.25,2.514511604502116,,,
a_preference_profile_utility,B,14.5,2.51386142803659,,,
a_preference_profile_utility,B,14.75,2.51320440018261,,,
a_preference_profile_utility,B,15.0,2.5125404220747702,,,
a_preference_profile_utility,B,15.25,2.511869393033257,,,
a_preference_profile_utility,B,15.5,2.5111912105233776,,,
a_preference_profile_utility,B,15.75,2.510505770114025,,,
a_preference_profile_utility,B,16.0,2.5098129654350467,,,
a_preference_profile_utility,B,16.25,2.509112688133485,,,
a_preference_profile_utility,B,16.5,2.5084048278286537,,,
a_preference_profile_utility,B,16.75,2.5076892720660138,,,
a_preference_profile_utility,B,17.0,2.5069659062698104,,,
a_preference_profile_utility,B,17.25,2.506234613694444,,,
a_preference_profile_utility,B,17.5,2.505495275374511,,,
a_preference_profile_utility,B,17.75,2.504747770073509,,,
a_preference_profile_utility,B,18.0,2.503991974231126,,,
a_preference_profile_utility,B,18.25,2.503227761909101,,,
a_preference_profile_utility,B,18.5,2.502455004735589,,,
a_preference_profile_utility,B,18.75,2.501673571847996,,,
a_preference_profile_utility,B,19.0,2.500883329834231,,,
a_preference_profile_utility,B,19.25,2.5000841426723235,,,
a_preference_profile_utility,B,19.5,2.4992758716683534,,,
a_preference_profile_utility,B,19.75,2.4984583753926457,,,
a_preference_profile_utility,B,20.0,2.4976315096141617,,,
a_preference_profile_utility,B,20.25,2.496795127233042,,,
a_preference_profile_utility,B,20.5,2.495949078211231,,,
a_preference_profile_utility,B,20.75,2.4950932095011225,,,
a_preference_profile_utility,B,21.0,2.494227364972168,,,
a_preference_profile_utility,B,21.25,2.493351385335361,,,
a_preference_profile_utility,B,21.5,2.492465108065566,,,
a_preference_profile_utility,B,21.75,2.4915683673215625,,,
a_preference_profile_utility,B,22.0,2.490660993863788,,,
a_preference_profile_utility,B,22.25,2.489742814969659,,,
a_preference_profile_utility,B,22.5,2.4888136543464103,,,
a_preference_profile_utility,B,22.75,2.48787333204136,,,
a_preference_profile_utility,B,23.0,2.4869216643495182,,,
a_preference_profile_utility,B,23.25,2.485958463718438,,,
a_preference_profile_utility,B,23.5,2.4849835386502326,,,
a_preference_profile_utility,B,23.75,2.4839966936006386,,,
a_preference_profile_utility,B,24.0,2.4829977288750418,,,
a_preference_profile_utility,B,24.25,2.481986440521349,,,
a_preference_profile_utility,B,24.5,2.4809626202195987,,,
a_preference_profile_utility,B,24.75,2.479926055168197,,,
a_preference_profile_utility,B,25.0,2.4788765279666607,,,
a_preference_profile_utility,B,25.25,2.477813816494738,,,
a_preference_profile_utility,B,25.5,2.476737693787785,,,
a_preference_profile_utility,B,25.75,2.475647927908261,,,
a_preference_profile_utility,B,26.0,2.474544281813203,,,
a_preference_profile_utility,B,26.25,2.473426513217532,,,
a_preference_profile_utility,B,26.5,2.4722943744530466,,,
a_preference_profile_utility,B,26.75,2.471147612322941,,,
a_preference_profile_utility,B,27.0,2.4699859679516822,,,
a_preference_profile_utility,B,27.25,2.4688091766300864,,,
a_preference_profile_utility,B,27.5,2.4676169676553994,,,
a_preference_profile_utility,B,27.75,2.4664090641662137,,,
a_preference_profile_utility,B,28.0,2.46518518297202,,,
a_preference_profile_utility,B,28.25,2.4639450343771894,,,
a_preference_profile_utility,B,28.5,2.462688321999186,,,
a_preference_profile_utility,B,28.75,2.461414742580783,,,
a_preference_profile_utility,B,29.0,2.4601239857960597,,,
a_preference_profile_utility,B,29.25,2.4588157340499346,,,
a_preference_profile_utility,B,29.5,2.457489662270998,,,
a_preference_profile_utility,B,29.75,2.45614543769737,,,
a_preference_profile_utility,B,30.0,2.4547827196553333,,,
a_preference_profile_utility,B,30.25,2.4534011593304306,,,
a_preference_profile_utility,B,30.5,2.4520003995307653,,,
a_preference_profile_utility,B,30.75,2.4505800744421693,,,
a_preference_profile_utility,B,31.0,2.4491398093749326,,,
a_preference_profile_utility,B,31.25,2.447679220501751,,,
a_preference_profile_utility,B,31.5,2.4461979145865493,,,
a_preference_profile_utility,B,31.75,2.4446954887037964,,,
a_preference_profile_utility,B,32.0,2.44317152994795,,,
a_preference_profile_utility,B,32.25,2.441625615132613,,,
a_preference_profile_utility,B,32.5,2.4400573104789856,,,
a_preference_profile_utility,B,32.75,2.438466171293175,,,
a_preference_profile_utility,B,33.0,2.4368517416319118,,,
a_preference_profile_utility,B,33.25,2.4352135539561623,,,
a_preference_profile_utility,B,33.5,2.433551128772176,,,
a_preference_profile_utility,B,33.75,2.431863974259397,,,
a_preference_profile_utility,B,34.0,2.4301515858847185,,,
a_preference_profile_utility,B,34.25,2.4284134460024758,,,
a_preference_profile_utility,B,34.5,2.426649023439594,,,
a_preference_profile_utility,B,34.75,2.424857773065232,,,
a_preference_profile_utility,B,35.0,2.4230391353442675,,,
a_preference_profile_utility,B,35.25,2.421192535873917,,,
a_preference_profile_utility,B,35.5,2.4193173849027545,,,
a_preference_profile_utility,B,35.75,2.4174130768313646,,,
a_preference_profile_utility,B,36.0,2.415478989693808,,,
a_preference_profile_utility,B,36.25,2.4135144846190584,,,
a_preference_profile_utility,B,36.5,2.411518905271512,,,
a_preference_profile_utility,B,36.75,2.4094915772696317,,,
a_preference_profile_utility,B,37.0,2.407431807581741,,,
a_preference_profile_utility,B,37.25,2.405338883897925,,,
a_preference_profile_utility,B,37.5,2.4032120739769565,,,
a_preference_profile_utility,B,37.75,2.401050624967088,,,
a_preference_profile_utility,B,38.0,2.3988537626995123,,,
a_preference_profile_utility,B,38.25,2.3966206909532186,,,
a_preference_profile_utility,B,38.5,2.3943505906898963,,,
a_preference_profile_utility,B,38.75,2.3920426192575004,,,
a_preference_profile_utility,B,39.0,2.38969590956096,,,
a_preference_profile_utility,B,39.25,2.387309569198507,,,
a_preference_profile_utility,B,39.5,2.384882679561937,,,
a_preference_profile_utility,B,39.75,2.382414294899093,,,
a_preference_profile_utility,B,40.0,2.379903441336717,,,
a_preference_profile_utility,B,40.25,2.377349115861757,,,
a_preference_profile_utility,B,40.5,2.374750285259062,,,
a_preference_profile_utility,B,40.75,2.372105885003326,,,
a_preference_profile_utility,B,41.0,2.369414818103004,,,
a_preference_profile_utility,B,41.25,2.3666759538937776,,,
a_preference_profile_utility,B,41.5,2.363888126779046,,,
a_preference_profile_utility,B,41.75,2.361050134914745,,,
a_preference_profile_utility,B,42.0,2.358160738835642,,,
a_preference_profile_utility,B,42.25,2.3552186600201166,,,
a_preference_profile_utility,B,42.5,2.3522225793902214,,,
a_preference_profile_utility,B,42.75,2.3491711357436653,,,
a_preference_profile_utility,B,43.0,2.346062924114139,,,
a_preference_profile_utility,B,43.25,2.342896494056198,,,
a_preference_profile_utility,B,43.5,2.3396703478506957,,,
a_preference_profile_utility,B,43.75,2.3363829386265,,,
a_preference_profile_utility,B,44.0,2.3330326683939946,,,
a_preference_profile_utility,B,44.25,2.329617885985558,,,
a_preference_profile_utility,B,44.5,2.326136884897938,,,
a_preference_profile_utility,B,44.75,2.3225879010311234,,,
a_preference_profile_utility,B,45.0,2.3189691103179646,,,
a_preference_profile_utility,B,45.25,2.3152786262384395,,,
a_preference_profile_utility,B,45.5,2.3115144972120696,,,
a_preference_profile_utility,B,45.75,2.307674703861589,,,
a_preference_profile_utility,B,46.0,2.3037571561404926,,,
a_preference_profile_utility,B,46.25,2.2997596903166557,,,
a_preference_profile_utility,B,46.5,2.29568006580366,,,
a_preference_profile_utility,B,46.75,2.2915159618309504,,,
a_preference_profile_utility,B,47.0,2.287264973943312,,,
a_preference_profile_utility,B,47.25,2.282924610319582,,,
a_preference_profile_utility,B,47.5,2.2784922878997595,,,
a_preference_profile_utility,B,47.75,2.2739653283089964,,,
a_preference_profile_utility,B,48.0,2.2693409535661297,,,
a_preference_profile_utility,B,48.25,2.264616281563585,,,
a_preference_profile_utility,B,48.5,2.2597883213045438,,,
a_preference_profile_utility,B,48.75,2.254853967882295,,,
a_preference_profile_utility,B,49.0,2.249809997185612,,,
a_preference_profile_utility,B,49.25,2.244653060312848,,,
a_preference_profile_utility,B,49.5,2.2393796776762085,,,
a_preference_profile_utility,B,49.75,2.2339862327762887,,,
a_preference_profile_utility,B,50.0,2.2284689656255376,,,
a_preference_profile_utility,B,50.25,2.222823965797721,,,
a_preference_profile_utility,B,50.5,2.217047165078752,,,
a_preference_profile_utility,B,50.75,2.211134329692415,,,
a_preference_profile_utility,B,51.0,2.2050810520725017,,,
a_preference_profile_utility,B,51.25,2.198882742150712,,,
a_preference_profile_utility,B,51.5,2.1925346181272998,,,
a_preference_profile_utility,B,51.75,2.1860316966889,,,
a_preference_profile_utility,B,52.0,2.179368782635166,,,
a_preference_profile_utility,B,52.25,2.172540457872828,,,
a_preference_profile_utility,B,52.5,2.165541069732467,,,
a_preference_profile_utility,B,52.75,2.158364718559723,,,
a_preference_profile_utility,B,53.0,2.151005244528699,,,
a_preference_profile_utility,B,53.25,2.1434562136210715,,,
a_preference_profile_utility,B,53.5,2.135710902709712,,,
a_preference_profile_utility,B,53.75,2.127762283680537,,,
a_preference_profile_utility,B,54.0,2.119603006520677,,,
a_preference_profile_utility,B,54.25,2.111225381294959,,,
a_preference_profile_utility,B,54.5,2.102621358925965,,,
a_preference_profile_utility,B,54.75,2.093782510685564,,,
a_preference_profile_utility,B,55.0,2.084700006297737,,,
a_preference_profile_utility,B,55.25,2.075364590543633,,,
a_preference_profile_utility,B,55.5,2.0657665582500115,,,
a_preference_profile_utility,B,55.75,2.055895727531474,,,
a_preference_profile_utility,B,56.0,2.04574141114506,,,
a_preference_profile_utility,B,56.25,2.035292385802648,,,
a_preference_profile_utility,B,56.5,2.0245368592722546,,,
a_preference_profile_utility,B,56.75,2.013462435083285,,,
a_preference_profile_utility,B,57.0,2.002056074633209,,,
a_preference_profile_utility,B,57.25,1.9903040564735357,,,
a_preference_profile_utility,B,57.5,1.9781919325313304,,,
a_preference_profile_utility,B,57.75,1.965704480998434,,,
a_preference_profile_utility,B,58.0,1.952825655593812,,,
a_preference_profile_utility,B,58.25,1.939538530874752,,,
a_preference_profile_utility,B,58.5,1.925825243239464,,,
a_preference_profile_utility,B,58.75,1.9116669272267288,,,
a_preference_profile_utility,B,59.0,1.8970436466769915,,,
a_preference_profile_utility,B,59.25,1.8819343202731744,,,
a_preference_profile_utility,B,59.5,1.8663166409279004,,,
a_preference_profile_utility,B,59.75,1.8501669884259333,,,
a_preference_profile_utility,B,60.0,1.8334603346657463,,,
a_preference_profile_utility,B,60.25,1.8161701407711208,,,
a_preference_profile_utility,B,60.5,1.7982682452615597,,,
a_preference_profile_utility,B,60.75,1.7797247423777007,,,
a_preference_profile_utility,B,61.0,1.7605078495533992,,,
a_preference_profile_utility,B,61.25,1.7405837629079892,,,
a_preference_profile_utility,B,61.5,1.719916499498421,,,
a_preference_profile_utility,B,61.75,1.698467724919208,,,
a_preference_profile_utility,B,62.0,1.676196564665716,,,
a_preference_profile_utility,B,62.25,1.653059397480119,,,
a_preference_profile_utility,B,62.5,1.629009628675698,,,
a_preference_profile_utility,B,62.75,1.6039974411797224,,,
a_preference_profile_utility,B,63.0,1.577969521742952,,,
a_preference_profile_utility,B,63.25,1.550868759428807,,,
a_preference_profile_utility,B,63.5,1.522633913110564,,,
a_preference_profile_utility,B,63.75,1.4931992442622055,,,
a_preference_profile_utility,B,64.0,1.4624941108180416,,,
a_preference_profile_utility,B,64.25,1.430442517286252,,,
a_preference_profile_utility,B,64.5,1.3969626156182509,,,
a_preference_profile_utility,B,64.75,1.3619661505427112,,,
a_preference_profile_utility,B,65.0,1.3253578421503978,,,
a_preference_profile_utility,B,65.25,1.2870346974399194,,,
a_preference_profile_utility,B,65.5,1.246885241276502,,,
a_preference_profile_utility,B,65.75,1.2047886557414171,,,
a_preference_profile_utility,B,66.0,1.1606138151168912,,,
a_preference_profile_utility,B,66.25,1.114218201709492,,,
a_preference_profile_utility,B,66.5,1.0654466853020388,,,
a_preference_profile_utility,B,66.75,1.0141301461644758,,,
a_preference_profile_utility,B,67.0,0.9600839181546984,,,
a_preference_profile_utility,B,67.25,0.90310602438666,,,
a_preference_profile_utility,B,67.5,0.8429751730934835,,,
a_preference_profile_utility,B,67.75,0.7794484754918937,,,
a_preference_profile_utility,B,68.0,0.7122588404419584,,,
a_preference_profile_utility,B,68.25,0.64111199221836,,,
a_preference_profile_utility,B,68.5,0.5656830474212374,,,
a_preference_profile_utility,B,68.75,0.4856125745202663,,,
a_preference_profile_utility,B,69.0,0.4005020441918258,,,
a_preference_profile_utility,B,69.25,0.309908559770538,,,
a_preference_profile_utility,B,69.5,0.2133387338885194,,,
a_preference_profile_utility,B,69.75,0.1102415485525783,,,
a_preference_profile_utility,B,70.0,-0.0,,,
b_employment_margin_unconditional_mass,B,,0.3488676136427027,opportunity mass at employment,,
b_employment_margin_unconditional_mass,B,,0.6511323863572973,opportunity mass at non-employment,,
c_hours_unconditional_mass_density,B,5.0,0.0021953219824297,,,
c_hours_unconditional_mass_density,B,5.125,0.0021953219824297,,,
c_hours_unconditional_mass_density,B,5.25,0.0021953219824297,,,
c_hours_unconditional_mass_density,B,5.375,0.0021953219824297,,,
c_hours_unconditional_mass_density,B,5.5,0.0021953219824297,,,
c_hours_unconditional_mass_density,B,5.625,0.0021953219824297,,,
c_hours_unconditional_mass_density,B,5.75,0.0021953219824297,,,
c_hours_unconditional_mass_density,B,5.875,0.0021953219824297,,,
c_hours_unconditional_mass_density,B,6.0,0.0021953219824297,,,
c_hours_unconditional_mass_density,B,6.125,0.0021953219824297,,,
c_hours_unconditional_mass_density,B,6.25,0.0021953219824297,,,
c_hours_unconditional_mass_density,B,6.375,0.0021953219824297,,,
c_hours_unconditional_mass_density,B,6.5,0.0021953219824297,,,
c_hours_unconditional_mass_density,B,6.625,0.0021953219824297,,,
c_hours_unconditional_mass_density,B,6.75,0.0021953219824297,,,
c_hours_unconditional_mass_density,B,6.875,0.0021953219824297,,,
c_hours_unconditional_mass_density,B,7.0,0.0021953219824297,,,
c_hours_unconditional_mass_density,B,7.125,0.0021953219824297,,,
c_hours_unconditional_mass_density,B,7.25,0.0021953219824297,,,
c_hours_unconditional_mass_density,B,7.375,0.0021953219824297,,,
c_hours_unconditional_mass_density,B,7.5,0.0021953219824297,,,
c_hours_unconditional_mass_density,B,7.625,0.0021953219824297,,,
c_hours_unconditional_mass_density,B,7.75,0.0021953219824297,,,
c_hours_unconditional_mass_density,B,7.875,0.0021953219824297,,,
c_hours_unconditional_mass_density,B,8.0,0.0021953219824297,,,
c_hours_unconditional_mass_density,B,8.125,0.0021953219824297,,,
c_hours_unconditional_mass_density,B,8.25,0.0021953219824297,,,
c_hours_unconditional_mass_density,B,8.375,0.0021953219824297,,,
c_hours_unconditional_mass_density,B,8.5,0.0021953219824297,,,
c_hours_unconditional_mass_density,B,8.625,0.0021953219824297,,,
c_hours_unconditional_mass_density,B,8.75,0.0021953219824297,,,
c_hours_unconditional_mass_density,B,8.875,0.0021953219824297,,,
c_hours_unconditional_mass_density,B,9.0,0.0021953219824297,,,
c_hours_unconditional_mass_density,B,9.125,0.0021953219824297,,,
c_hours_unconditional_mass_density,B,9.25,0.0021953219824297,,,
c_hours_unconditional_mass_density,B,9.375,0.0021953219824297,,,
c_hours_unconditional_mass_density,B,9.5,0.0021953219824297,,,
c_hours_unconditional_mass_density,B,9.625,0.0021953219824297,,,
c_hours_unconditional_mass_density,B,9.75,0.0021953219824297,,,
c_hours_unconditional_mass_density,B,9.875,0.0021953219824297,,,
c_hours_unconditional_mass_density,B,10.0,0.0021953219824297,,,
c_hours_unconditional_mass_density,B,10.125,0.0021953219824297,,,
c_hours_unconditional_mass_density,B,10.25,0.0021953219824297,,,
c_hours_unconditional_mass_density,B,10.375,0.0021953219824297,,,
c_hours_unconditional_mass_density,B,10.5,0.0021953219824297,,,
c_hours_unconditional_mass_density,B,10.625,0.0021953219824297,,,
c_hours_unconditional_mass_density,B,10.75,0.0021953219824297,,,
c_hours_unconditional_mass_density,B,10.875,0.0021953219824297,,,
c_hours_unconditional_mass_density,B,11.0,0.0021953219824297,,,
c_hours_unconditional_mass_density,B,11.125,0.0021953219824297,,,
c_hours_unconditional_mass_density,B,11.25,0.0021953219824297,,,
c_hours_unconditional_mass_density,B,11.375,0.0021953219824297,,,
c_hours_unconditional_mass_density,B,11.5,0.0021953219824297,,,
c_hours_unconditional_mass_density,B,11.625,0.0021953219824297,,,
c_hours_unconditional_mass_density,B,11.75,0.0021953219824297,,,
c_hours_unconditional_mass_density,B,11.875,0.0021953219824297,,,
c_hours_unconditional_mass_density,B,12.0,0.0021953219824297,,,
c_hours_unconditional_mass_density,B,12.125,0.0021953219824297,,,
c_hours_unconditional_mass_density,B,12.25,0.0021953219824297,,,
c_hours_unconditional_mass_density,B,12.375,0.0021953219824297,,,
c_hours_unconditional_mass_density,B,12.5,0.0021953219824297,,,
c_hours_unconditional_mass_density,B,12.625,0.0021953219824297,,,
c_hours_unconditional_mass_density,B,12.75,0.0021953219824297,,,
c_hours_unconditional_mass_density,B,12.875,0.0021953219824297,,,
c_hours_unconditional_mass_density,B,13.0,0.0021953219824297,,,
c_hours_unconditional_mass_density,B,13.125,0.0021953219824297,,,
c_hours_unconditional_mass_density,B,13.25,0.0021953219824297,,,
c_hours_unconditional_mass_density,B,13.375,0.0021953219824297,,,
c_hours_unconditional_mass_density,B,13.5,0.0021953219824297,,,
c_hours_unconditional_mass_density,B,13.625,0.0021953219824297,,,
c_hours_unconditional_mass_density,B,13.75,0.0021953219824297,,,
c_hours_unconditional_mass_density,B,13.875,0.0021953219824297,,,
c_hours_unconditional_mass_density,B,14.0,0.0021953219824297,,,
c_hours_unconditional_mass_density,B,14.125,0.0021953219824297,,,
c_hours_unconditional_mass_density,B,14.25,0.0021953219824297,,,
c_hours_unconditional_mass_density,B,14.375,0.0021953219824297,,,
c_hours_unconditional_mass_density,B,14.5,0.0021953219824297,,,
c_hours_unconditional_mass_density,B,14.625,0.0021953219824297,,,
c_hours_unconditional_mass_density,B,14.75,0.0021953219824297,,,
c_hours_unconditional_mass_density,B,14.875,0.0021953219824297,,,
c_hours_unconditional_mass_density,B,15.0,0.0021953219824297,,,
c_hours_unconditional_mass_density,B,15.125,0.0021953219824297,,,
c_hours_unconditional_mass_density,B,15.25,0.0021953219824297,,,
c_hours_unconditional_mass_density,B,15.375,0.0021953219824297,,,
c_hours_unconditional_mass_density,B,15.5,0.0021953219824297,,,
c_hours_unconditional_mass_density,B,15.625,0.0021953219824297,,,
c_hours_unconditional_mass_density,B,15.75,0.0021953219824297,,,
c_hours_unconditional_mass_density,B,15.875,0.0021953219824297,,,
c_hours_unconditional_mass_density,B,16.0,0.0021953219824297,,,
c_hours_unconditional_mass_density,B,16.125,0.0021953219824297,,,
c_hours_unconditional_mass_density,B,16.25,0.0021953219824297,,,
c_hours_unconditional_mass_density,B,16.375,0.0021953219824297,,,
c_hours_unconditional_mass_density,B,16.5,0.0021953219824297,,,
c_hours_unconditional_mass_density,B,16.625,0.0021953219824297,,,
c_hours_unconditional_mass_density,B,16.75,0.0021953219824297,,,
c_hours_unconditional_mass_density,B,16.875,0.0021953219824297,,,
c_hours_unconditional_mass_density,B,17.0,0.0021953219824297,,,
c_hours_unconditional_mass_density,B,17.125,0.0021953219824297,,,
c_hours_unconditional_mass_density,B,17.25,0.0021953219824297,,,
c_hours_unconditional_mass_density,B,17.375,0.0021953219824297,,,
c_hours_unconditional_mass_density,B,17.5,0.0026100353425185,,,
c_hours_unconditional_mass_density,B,17.625,0.0026100353425185,,,
c_hours_unconditional_mass_density,B,17.75,0.0026100353425185,,,
c_hours_unconditional_mass_density,B,17.875,0.0026100353425185,,,
c_hours_unconditional_mass_density,B,18.0,0.0026100353425185,,,
c_hours_unconditional_mass_density,B,18.125,0.0026100353425185,,,
c_hours_unconditional_mass_density,B,18.25,0.0026100353425185,,,
c_hours_unconditional_mass_density,B,18.375,0.0026100353425185,,,
c_hours_unconditional_mass_density,B,18.5,0.0026100353425185,,,
c_hours_unconditional_mass_density,B,18.625,0.0026100353425185,,,
c_hours_unconditional_mass_density,B,18.75,0.0026100353425185,,,
c_hours_unconditional_mass_density,B,18.875,0.0026100353425185,,,
c_hours_unconditional_mass_density,B,19.0,0.0026100353425185,,,
c_hours_unconditional_mass_density,B,19.125,0.0026100353425185,,,
c_hours_unconditional_mass_density,B,19.25,0.0026100353425185,,,
c_hours_unconditional_mass_density,B,19.375,0.0026100353425185,,,
c_hours_unconditional_mass_density,B,19.5,0.0026100353425185,,,
c_hours_unconditional_mass_density,B,19.625,0.0026100353425185,,,
c_hours_unconditional_mass_density,B,19.75,0.0026100353425185,,,
c_hours_unconditional_mass_density,B,19.875,0.0026100353425185,,,
c_hours_unconditional_mass_density,B,20.0,0.0026100353425185,,,
c_hours_unconditional_mass_density,B,20.125,0.0026100353425185,,,
c_hours_unconditional_mass_density,B,20.25,0.0026100353425185,,,
c_hours_unconditional_mass_density,B,20.375,0.0026100353425185,,,
c_hours_unconditional_mass_density,B,20.5,0.0026100353425185,,,
c_hours_unconditional_mass_density,B,20.625,0.0026100353425185,,,
c_hours_unconditional_mass_density,B,20.75,0.0026100353425185,,,
c_hours_unconditional_mass_density,B,20.875,0.0026100353425185,,,
c_hours_unconditional_mass_density,B,21.0,0.0026100353425185,,,
c_hours_unconditional_mass_density,B,21.125,0.0026100353425185,,,
c_hours_unconditional_mass_density,B,21.25,0.0026100353425185,,,
c_hours_unconditional_mass_density,B,21.375,0.0026100353425185,,,
c_hours_unconditional_mass_density,B,21.5,0.0021953219824297,,,
c_hours_unconditional_mass_density,B,21.625,0.0021953219824297,,,
c_hours_unconditional_mass_density,B,21.75,0.0021953219824297,,,
c_hours_unconditional_mass_density,B,21.875,0.0021953219824297,,,
c_hours_unconditional_mass_density,B,22.0,0.0021953219824297,,,
c_hours_unconditional_mass_density,B,22.125,0.0021953219824297,,,
c_hours_unconditional_mass_density,B,22.25,0.0021953219824297,,,
c_hours_unconditional_mass_density,B,22.375,0.0021953219824297,,,
c_hours_unconditional_mass_density,B,22.5,0.0021953219824297,,,
c_hours_unconditional_mass_density,B,22.625,0.0021953219824297,,,
c_hours_unconditional_mass_density,B,22.75,0.0021953219824297,,,
c_hours_unconditional_mass_density,B,22.875,0.0021953219824297,,,
c_hours_unconditional_mass_density,B,23.0,0.0021953219824297,,,
c_hours_unconditional_mass_density,B,23.125,0.0021953219824297,,,
c_hours_unconditional_mass_density,B,23.25,0.0021953219824297,,,
c_hours_unconditional_mass_density,B,23.375,0.0021953219824297,,,
c_hours_unconditional_mass_density,B,23.5,0.0021953219824297,,,
c_hours_unconditional_mass_density,B,23.625,0.0021953219824297,,,
c_hours_unconditional_mass_density,B,23.75,0.0021953219824297,,,
c_hours_unconditional_mass_density,B,23.875,0.0021953219824297,,,
c_hours_unconditional_mass_density,B,24.0,0.0021953219824297,,,
c_hours_unconditional_mass_density,B,24.125,0.0021953219824297,,,
c_hours_unconditional_mass_density,B,24.25,0.0021953219824297,,,
c_hours_unconditional_mass_density,B,24.375,0.0021953219824297,,,
c_hours_unconditional_mass_density,B,24.5,0.0021953219824297,,,
c_hours_unconditional_mass_density,B,24.625,0.0021953219824297,,,
c_hours_unconditional_mass_density,B,24.75,0.0021953219824297,,,
c_hours_unconditional_mass_density,B,24.875,0.0021953219824297,,,
c_hours_unconditional_mass_density,B,25.0,0.0021953219824297,,,
c_hours_unconditional_mass_density,B,25.125,0.0021953219824297,,,
c_hours_unconditional_mass_density,B,25.25,0.0021953219824297,,,
c_hours_unconditional_mass_density,B,25.375,0.0021953219824297,,,
c_hours_unconditional_mass_density,B,25.5,0.0021953219824297,,,
c_hours_unconditional_mass_density,B,25.625,0.0021953219824297,,,
c_hours_unconditional_mass_density,B,25.75,0.0021953219824297,,,
c_hours_unconditional_mass_density,B,25.875,0.0021953219824297,,,
c_hours_unconditional_mass_density,B,26.0,0.0021953219824297,,,
c_hours_unconditional_mass_density,B,26.125,0.0021953219824297,,,
c_hours_unconditional_mass_density,B,26.25,0.0021953219824297,,,
c_hours_unconditional_mass_density,B,26.375,0.0021953219824297,,,
c_hours_unconditional_mass_density,B,26.5,0.0021953219824297,,,
c_hours_unconditional_mass_density,B,26.625,0.0021953219824297,,,
c_hours_unconditional_mass_density,B,26.75,0.0021953219824297,,,
c_hours_unconditional_mass_density,B,26.875,0.0021953219824297,,,
c_hours_unconditional_mass_density,B,27.0,0.0021953219824297,,,
c_hours_unconditional_mass_density,B,27.125,0.0021953219824297,,,
c_hours_unconditional_mass_density,B,27.25,0.0021953219824297,,,
c_hours_unconditional_mass_density,B,27.375,0.0021953219824297,,,
c_hours_unconditional_mass_density,B,27.5,0.0021953219824297,,,
c_hours_unconditional_mass_density,B,27.625,0.0021953219824297,,,
c_hours_unconditional_mass_density,B,27.75,0.0021953219824297,,,
c_hours_unconditional_mass_density,B,27.875,0.0021953219824297,,,
c_hours_unconditional_mass_density,B,28.0,0.0021953219824297,,,
c_hours_unconditional_mass_density,B,28.125,0.0021953219824297,,,
c_hours_unconditional_mass_density,B,28.25,0.0021953219824297,,,
c_hours_unconditional_mass_density,B,28.375,0.0021953219824297,,,
c_hours_unconditional_mass_density,B,28.5,0.0038038285164708,,,
c_hours_unconditional_mass_density,B,28.625,0.0038038285164708,,,
c_hours_unconditional_mass_density,B,28.75,0.0038038285164708,,,
c_hours_unconditional_mass_density,B,28.875,0.0038038285164708,,,
c_hours_unconditional_mass_density,B,29.0,0.0038038285164708,,,
c_hours_unconditional_mass_density,B,29.125,0.0038038285164708,,,
c_hours_unconditional_mass_density,B,29.25,0.0038038285164708,,,
c_hours_unconditional_mass_density,B,29.375,0.0038038285164708,,,
c_hours_unconditional_mass_density,B,29.5,0.0038038285164708,,,
c_hours_unconditional_mass_density,B,29.625,0.0038038285164708,,,
c_hours_unconditional_mass_density,B,29.75,0.0038038285164708,,,
c_hours_unconditional_mass_density,B,29.875,0.0038038285164708,,,
c_hours_unconditional_mass_density,B,30.0,0.0038038285164708,,,
c_hours_unconditional_mass_density,B,30.125,0.0038038285164708,,,
c_hours_unconditional_mass_density,B,30.25,0.0038038285164708,,,
c_hours_unconditional_mass_density,B,30.375,0.0038038285164708,,,
c_hours_unconditional_mass_density,B,30.5,0.0021953219824297,,,
c_hours_unconditional_mass_density,B,30.625,0.0021953219824297,,,
c_hours_unconditional_mass_density,B,30.75,0.0021953219824297,,,
c_hours_unconditional_mass_density,B,30.875,0.0021953219824297,,,
c_hours_unconditional_mass_density,B,31.0,0.0021953219824297,,,
c_hours_unconditional_mass_density,B,31.125,0.0021953219824297,,,
c_hours_unconditional_mass_density,B,31.25,0.0021953219824297,,,
c_hours_unconditional_mass_density,B,31.375,0.0021953219824297,,,
c_hours_unconditional_mass_density,B,31.5,0.0021953219824297,,,
c_hours_unconditional_mass_density,B,31.625,0.0021953219824297,,,
c_hours_unconditional_mass_density,B,31.75,0.0021953219824297,,,
c_hours_unconditional_mass_density,B,31.875,0.0021953219824297,,,
c_hours_unconditional_mass_density,B,32.0,0.0021953219824297,,,
c_hours_unconditional_mass_density,B,32.125,0.0021953219824297,,,
c_hours_unconditional_mass_density,B,32.25,0.0021953219824297,,,
c_hours_unconditional_mass_density,B,32.375,0.0021953219824297,,,
c_hours_unconditional_mass_density,B,32.5,0.0021953219824297,,,
c_hours_unconditional_mass_density,B,32.625,0.0021953219824297,,,
c_hours_unconditional_mass_density,B,32.75,0.0021953219824297,,,
c_hours_unconditional_mass_density,B,32.875,0.0021953219824297,,,
c_hours_unconditional_mass_density,B,33.0,0.0021953219824297,,,
c_hours_unconditional_mass_density,B,33.125,0.0021953219824297,,,
c_hours_unconditional_mass_density,B,33.25,0.0021953219824297,,,
c_hours_unconditional_mass_density,B,33.375,0.0021953219824297,,,
c_hours_unconditional_mass_density,B,33.5,0.0289569692659942,,,
c_hours_unconditional_mass_density,B,33.625,0.0289569692659942,,,
c_hours_unconditional_mass_density,B,33.75,0.0289569692659942,,,
c_hours_unconditional_mass_density,B,33.875,0.0289569692659942,,,
c_hours_unconditional_mass_density,B,34.0,0.0289569692659942,,,
c_hours_unconditional_mass_density,B,34.125,0.0289569692659942,,,
c_hours_unconditional_mass_density,B,34.25,0.0289569692659942,,,
c_hours_unconditional_mass_density,B,34.375,0.0289569692659942,,,
c_hours_unconditional_mass_density,B,34.5,0.0289569692659942,,,
c_hours_unconditional_mass_density,B,34.625,0.0289569692659942,,,
c_hours_unconditional_mass_density,B,34.75,0.0289569692659942,,,
c_hours_unconditional_mass_density,B,34.875,0.0289569692659942,,,
c_hours_unconditional_mass_density,B,35.0,0.0289569692659942,,,
c_hours_unconditional_mass_density,B,35.125,0.0289569692659942,,,
c_hours_unconditional_mass_density,B,35.25,0.0289569692659942,,,
c_hours_unconditional_mass_density,B,35.375,0.0289569692659942,,,
c_hours_unconditional_mass_density,B,35.5,0.0289569692659942,,,
c_hours_unconditional_mass_density,B,35.625,0.0289569692659942,,,
c_hours_unconditional_mass_density,B,35.75,0.0289569692659942,,,
c_hours_unconditional_mass_density,B,35.875,0.0289569692659942,,,
c_hours_unconditional_mass_density,B,36.0,0.0289569692659942,,,
c_hours_unconditional_mass_density,B,36.125,0.0289569692659942,,,
c_hours_unconditional_mass_density,B,36.25,0.0289569692659942,,,
c_hours_unconditional_mass_density,B,36.375,0.0289569692659942,,,
c_hours_unconditional_mass_density,B,36.5,0.0249440216672678,,,
c_hours_unconditional_mass_density,B,36.625,0.0249440216672678,,,
c_hours_unconditional_mass_density,B,36.75,0.0249440216672678,,,
c_hours_unconditional_mass_density,B,36.875,0.0249440216672678,,,
c_hours_unconditional_mass_density,B,37.0,0.0249440216672678,,,
c_hours_unconditional_mass_density,B,37.125,0.0249440216672678,,,
c_hours_unconditional_mass_density,B,37.25,0.0249440216672678,,,
c_hours_unconditional_mass_density,B,37.375,0.0249440216672678,,,
c_hours_unconditional_mass_density,B,37.5,0.0249440216672678,,,
c_hours_unconditional_mass_density,B,37.625,0.0249440216672678,,,
c_hours_unconditional_mass_density,B,37.75,0.0249440216672678,,,
c_hours_unconditional_mass_density,B,37.875,0.0249440216672678,,,
c_hours_unconditional_mass_density,B,38.0,0.0249440216672678,,,
c_hours_unconditional_mass_density,B,38.125,0.0249440216672678,,,
c_hours_unconditional_mass_density,B,38.25,0.0249440216672678,,,
c_hours_unconditional_mass_density,B,38.375,0.0249440216672678,,,
c_hours_unconditional_mass_density,B,38.5,0.0249440216672678,,,
c_hours_unconditional_mass_density,B,38.625,0.0249440216672678,,,
c_hours_unconditional_mass_density,B,38.75,0.0249440216672678,,,
c_hours_unconditional_mass_density,B,38.875,0.0249440216672678,,,
c_hours_unconditional_mass_density,B,39.0,0.0249440216672678,,,
c_hours_unconditional_mass_density,B,39.125,0.0249440216672678,,,
c_hours_unconditional_mass_density,B,39.25,0.0249440216672678,,,
c_hours_unconditional_mass_density,B,39.375,0.0249440216672678,,,
c_hours_unconditional_mass_density,B,39.5,0.0249440216672678,,,
c_hours_unconditional_mass_density,B,39.625,0.0249440216672678,,,
c_hours_unconditional_mass_density,B,39.75,0.0249440216672678,,,
c_hours_unconditional_mass_density,B,39.875,0.0249440216672678,,,
c_hours_unconditional_mass_density,B,40.0,0.0249440216672678,,,
c_hours_unconditional_mass_density,B,40.125,0.0249440216672678,,,
c_hours_unconditional_mass_density,B,40.25,0.0249440216672678,,,
c_hours_unconditional_mass_density,B,40.375,0.0249440216672678,,,
c_hours_unconditional_mass_density,B,40.5,0.0249440216672678,,,
c_hours_unconditional_mass_density,B,40.625,0.0021953219824297,,,
c_hours_unconditional_mass_density,B,40.75,0.0021953219824297,,,
c_hours_unconditional_mass_density,B,40.875,0.0021953219824297,,,
c_hours_unconditional_mass_density,B,41.0,0.0021953219824297,,,
c_hours_unconditional_mass_density,B,41.125,0.0021953219824297,,,
c_hours_unconditional_mass_density,B,41.25,0.0021953219824297,,,
c_hours_unconditional_mass_density,B,41.375,0.0021953219824297,,,
c_hours_unconditional_mass_density,B,41.5,0.0021953219824297,,,
c_hours_unconditional_mass_density,B,41.625,0.0021953219824297,,,
c_hours_unconditional_mass_density,B,41.75,0.0021953219824297,,,
c_hours_unconditional_mass_density,B,41.875,0.0021953219824297,,,
c_hours_unconditional_mass_density,B,42.0,0.0021953219824297,,,
c_hours_unconditional_mass_density,B,42.125,0.0021953219824297,,,
c_hours_unconditional_mass_density,B,42.25,0.0021953219824297,,,
c_hours_unconditional_mass_density,B,42.375,0.0021953219824297,,,
c_hours_unconditional_mass_density,B,42.5,0.0021953219824297,,,
c_hours_unconditional_mass_density,B,42.625,0.0021953219824297,,,
c_hours_unconditional_mass_density,B,42.75,0.0021953219824297,,,
c_hours_unconditional_mass_density,B,42.875,0.0021953219824297,,,
c_hours_unconditional_mass_density,B,43.0,0.0021953219824297,,,
c_hours_unconditional_mass_density,B,43.125,0.0021953219824297,,,
c_hours_unconditional_mass_density,B,43.25,0.0021953219824297,,,
c_hours_unconditional_mass_density,B,43.375,0.0021953219824297,,,
c_hours_unconditional_mass_density,B,43.5,0.0021953219824297,,,
c_hours_unconditional_mass_density,B,43.625,0.0021953219824297,,,
c_hours_unconditional_mass_density,B,43.75,0.0021953219824297,,,
c_hours_unconditional_mass_density,B,43.875,0.0021953219824297,,,
c_hours_unconditional_mass_density,B,44.0,0.0021953219824297,,,
c_hours_unconditional_mass_density,B,44.125,0.0021953219824297,,,
c_hours_unconditional_mass_density,B,44.25,0.0021953219824297,,,
c_hours_unconditional_mass_density,B,44.375,0.0021953219824297,,,
c_hours_unconditional_mass_density,B,44.5,0.0033724230681664,,,
c_hours_unconditional_mass_density,B,44.625,0.0033724230681664,,,
c_hours_unconditional_mass_density,B,44.75,0.0033724230681664,,,
c_hours_unconditional_mass_density,B,44.875,0.0033724230681664,,,
c_hours_unconditional_mass_density,B,45.0,0.0033724230681664,,,
c_hours_unconditional_mass_density,B,45.125,0.0033724230681664,,,
c_hours_unconditional_mass_density,B,45.25,0.0033724230681664,,,
c_hours_unconditional_mass_density,B,45.375,0.0033724230681664,,,
c_hours_unconditional_mass_density,B,45.5,0.0033724230681664,,,
c_hours_unconditional_mass_density,B,45.625,0.0033724230681664,,,
c_hours_unconditional_mass_density,B,45.75,0.0033724230681664,,,
c_hours_unconditional_mass_density,B,45.875,0.0033724230681664,,,
c_hours_unconditional_mass_density,B,46.0,0.0033724230681664,,,
c_hours_unconditional_mass_density,B,46.125,0.0033724230681664,,,
c_hours_unconditional_mass_density,B,46.25,0.0033724230681664,,,
c_hours_unconditional_mass_density,B,46.375,0.0033724230681664,,,
c_hours_unconditional_mass_density,B,46.5,0.0033724230681664,,,
c_hours_unconditional_mass_density,B,46.625,0.0033724230681664,,,
c_hours_unconditional_mass_density,B,46.75,0.0033724230681664,,,
c_hours_unconditional_mass_density,B,46.875,0.0033724230681664,,,
c_hours_unconditional_mass_density,B,47.0,0.0033724230681664,,,
c_hours_unconditional_mass_density,B,47.125,0.0033724230681664,,,
c_hours_unconditional_mass_density,B,47.25,0.0033724230681664,,,
c_hours_unconditional_mass_density,B,47.375,0.0033724230681664,,,
c_hours_unconditional_mass_density,B,47.5,0.0033724230681664,,,
c_hours_unconditional_mass_density,B,47.625,0.0033724230681664,,,
c_hours_unconditional_mass_density,B,47.75,0.0033724230681664,,,
c_hours_unconditional_mass_density,B,47.875,0.0033724230681664,,,
c_hours_unconditional_mass_density,B,48.0,0.0033724230681664,,,
c_hours_unconditional_mass_density,B,48.125,0.0033724230681664,,,
c_hours_unconditional_mass_density,B,48.25,0.0033724230681664,,,
c_hours_unconditional_mass_density,B,48.375,0.0033724230681664,,,
c_hours_unconditional_mass_density,B,48.5,0.0033724230681664,,,
c_hours_unconditional_mass_density,B,48.625,0.0033724230681664,,,
c_hours_unconditional_mass_density,B,48.75,0.0033724230681664,,,
c_hours_unconditional_mass_density,B,48.875,0.0033724230681664,,,
c_hours_unconditional_mass_density,B,49.0,0.0033724230681664,,,
c_hours_unconditional_mass_density,B,49.125,0.0033724230681664,,,
c_hours_unconditional_mass_density,B,49.25,0.0033724230681664,,,
c_hours_unconditional_mass_density,B,49.375,0.0033724230681664,,,
c_hours_unconditional_mass_density,B,49.5,0.0033724230681664,,,
c_hours_unconditional_mass_density,B,49.625,0.0033724230681664,,,
c_hours_unconditional_mass_density,B,49.75,0.0033724230681664,,,
c_hours_unconditional_mass_density,B,49.875,0.0033724230681664,,,
c_hours_unconditional_mass_density,B,50.0,0.0033724230681664,,,
c_hours_unconditional_mass_density,B,50.125,0.0033724230681664,,,
c_hours_unconditional_mass_density,B,50.25,0.0033724230681664,,,
c_hours_unconditional_mass_density,B,50.375,0.0033724230681664,,,
c_hours_unconditional_mass_density,B,50.5,0.0033724230681664,,,
c_hours_unconditional_mass_density,B,50.625,0.0033724230681664,,,
c_hours_unconditional_mass_density,B,50.75,0.0033724230681664,,,
c_hours_unconditional_mass_density,B,50.875,0.0033724230681664,,,
c_hours_unconditional_mass_density,B,51.0,0.0033724230681664,,,
c_hours_unconditional_mass_density,B,51.125,0.0033724230681664,,,
c_hours_unconditional_mass_density,B,51.25,0.0033724230681664,,,
c_hours_unconditional_mass_density,B,51.375,0.0033724230681664,,,
c_hours_unconditional_mass_density,B,51.5,0.0033724230681664,,,
c_hours_unconditional_mass_density,B,51.625,0.0033724230681664,,,
c_hours_unconditional_mass_density,B,51.75,0.0033724230681664,,,
c_hours_unconditional_mass_density,B,51.875,0.0033724230681664,,,
c_hours_unconditional_mass_density,B,52.0,0.0033724230681664,,,
c_hours_unconditional_mass_density,B,52.125,0.0033724230681664,,,
c_hours_unconditional_mass_density,B,52.25,0.0033724230681664,,,
c_hours_unconditional_mass_density,B,52.375,0.0033724230681664,,,
c_hours_unconditional_mass_density,B,52.5,0.0033724230681664,,,
c_hours_unconditional_mass_density,B,52.625,0.0033724230681664,,,
c_hours_unconditional_mass_density,B,52.75,0.0033724230681664,,,
c_hours_unconditional_mass_density,B,52.875,0.0033724230681664,,,
c_hours_unconditional_mass_density,B,53.0,0.0033724230681664,,,
c_hours_unconditional_mass_density,B,53.125,0.0033724230681664,,,
c_hours_unconditional_mass_density,B,53.25,0.0033724230681664,,,
c_hours_unconditional_mass_density,B,53.375,0.0033724230681664,,,
c_hours_unconditional_mass_density,B,53.5,0.0033724230681664,,,
c_hours_unconditional_mass_density,B,53.625,0.0033724230681664,,,
c_hours_unconditional_mass_density,B,53.75,0.0033724230681664,,,
c_hours_unconditional_mass_density,B,53.875,0.0033724230681664,,,
c_hours_unconditional_mass_density,B,54.0,0.0033724230681664,,,
c_hours_unconditional_mass_density,B,54.125,0.0033724230681664,,,
c_hours_unconditional_mass_density,B,54.25,0.0033724230681664,,,
c_hours_unconditional_mass_density,B,54.375,0.0033724230681664,,,
c_hours_unconditional_mass_density,B,54.5,0.0033724230681664,,,
c_hours_unconditional_mass_density,B,54.625,0.0033724230681664,,,
c_hours_unconditional_mass_density,B,54.75,0.0033724230681664,,,
c_hours_unconditional_mass_density,B,54.875,0.0033724230681664,,,
c_hours_unconditional_mass_density,B,55.0,0.0033724230681664,,,
c_hours_unconditional_mass_density,B,55.125,0.0033724230681664,,,
c_hours_unconditional_mass_density,B,55.25,0.0033724230681664,,,
c_hours_unconditional_mass_density,B,55.375,0.0033724230681664,,,
c_hours_unconditional_mass_density,B,55.5,0.0033724230681664,,,
c_hours_unconditional_mass_density,B,55.625,0.0033724230681664,,,
c_hours_unconditional_mass_density,B,55.75,0.0033724230681664,,,
c_hours_unconditional_mass_density,B,55.875,0.0033724230681664,,,
c_hours_unconditional_mass_density,B,56.0,0.0033724230681664,,,
c_hours_unconditional_mass_density,B,56.125,0.0033724230681664,,,
c_hours_unconditional_mass_density,B,56.25,0.0033724230681664,,,
c_hours_unconditional_mass_density,B,56.375,0.0033724230681664,,,
c_hours_unconditional_mass_density,B,56.5,0.0033724230681664,,,
c_hours_unconditional_mass_density,B,56.625,0.0033724230681664,,,
c_hours_unconditional_mass_density,B,56.75,0.0033724230681664,,,
c_hours_unconditional_mass_density,B,56.875,0.0033724230681664,,,
c_hours_unconditional_mass_density,B,57.0,0.0033724230681664,,,
c_hours_unconditional_mass_density,B,57.125,0.0033724230681664,,,
c_hours_unconditional_mass_density,B,57.25,0.0033724230681664,,,
c_hours_unconditional_mass_density,B,57.375,0.0033724230681664,,,
c_hours_unconditional_mass_density,B,57.5,0.0033724230681664,,,
c_hours_unconditional_mass_density,B,57.625,0.0033724230681664,,,
c_hours_unconditional_mass_density,B,57.75,0.0033724230681664,,,
c_hours_unconditional_mass_density,B,57.875,0.0033724230681664,,,
c_hours_unconditional_mass_density,B,58.0,0.0033724230681664,,,
c_hours_unconditional_mass_density,B,58.125,0.0033724230681664,,,
c_hours_unconditional_mass_density,B,58.25,0.0033724230681664,,,
c_hours_unconditional_mass_density,B,58.375,0.0033724230681664,,,
c_hours_unconditional_mass_density,B,58.5,0.0033724230681664,,,
c_hours_unconditional_mass_density,B,58.625,0.0033724230681664,,,
c_hours_unconditional_mass_density,B,58.75,0.0033724230681664,,,
c_hours_unconditional_mass_density,B,58.875,0.0033724230681664,,,
c_hours_unconditional_mass_density,B,59.0,0.0033724230681664,,,
c_hours_unconditional_mass_density,B,59.125,0.0033724230681664,,,
c_hours_unconditional_mass_density,B,59.25,0.0033724230681664,,,
c_hours_unconditional_mass_density,B,59.375,0.0033724230681664,,,
c_hours_unconditional_mass_density,B,59.5,0.0033724230681664,,,
c_hours_unconditional_mass_density,B,59.625,0.0033724230681664,,,
c_hours_unconditional_mass_density,B,59.75,0.0033724230681664,,,
c_hours_unconditional_mass_density,B,59.875,0.0033724230681664,,,
c_hours_unconditional_mass_density,B,60.0,0.0033724230681664,,,
c_hours_unconditional_mass_density,B,60.125,0.0033724230681664,,,
c_hours_unconditional_mass_density,B,60.25,0.0033724230681664,,,
c_hours_unconditional_mass_density,B,60.375,0.0033724230681664,,,
c_hours_unconditional_mass_density,B,60.5,0.0033724230681664,,,
c_hours_unconditional_mass_density,B,60.625,0.0033724230681664,,,
c_hours_unconditional_mass_density,B,60.75,0.0033724230681664,,,
c_hours_unconditional_mass_density,B,60.875,0.0033724230681664,,,
c_hours_unconditional_mass_density,B,61.0,0.0033724230681664,,,
c_hours_unconditional_mass_density,B,61.125,0.0033724230681664,,,
c_hours_unconditional_mass_density,B,61.25,0.0033724230681664,,,
c_hours_unconditional_mass_density,B,61.375,0.0033724230681664,,,
c_hours_unconditional_mass_density,B,61.5,0.0033724230681664,,,
c_hours_unconditional_mass_density,B,61.625,0.0033724230681664,,,
c_hours_unconditional_mass_density,B,61.75,0.0033724230681664,,,
c_hours_unconditional_mass_density,B,61.875,0.0033724230681664,,,
c_hours_unconditional_mass_density,B,62.0,0.0033724230681664,,,
c_hours_unconditional_mass_density,B,62.125,0.0033724230681664,,,
c_hours_unconditional_mass_density,B,62.25,0.0033724230681664,,,
c_hours_unconditional_mass_density,B,62.375,0.0033724230681664,,,
c_hours_unconditional_mass_density,B,62.5,0.0033724230681664,,,
c_hours_unconditional_mass_density,B,62.625,0.0033724230681664,,,
c_hours_unconditional_mass_density,B,62.75,0.0033724230681664,,,
c_hours_unconditional_mass_density,B,62.875,0.0033724230681664,,,
c_hours_unconditional_mass_density,B,63.0,0.0033724230681664,,,
c_hours_unconditional_mass_density,B,63.125,0.0033724230681664,,,
c_hours_unconditional_mass_density,B,63.25,0.0033724230681664,,,
c_hours_unconditional_mass_density,B,63.375,0.0033724230681664,,,
c_hours_unconditional_mass_density,B,63.5,0.0033724230681664,,,
c_hours_unconditional_mass_density,B,63.625,0.0033724230681664,,,
c_hours_unconditional_mass_density,B,63.75,0.0033724230681664,,,
c_hours_unconditional_mass_density,B,63.875,0.0033724230681664,,,
c_hours_unconditional_mass_density,B,64.0,0.0033724230681664,,,
c_hours_unconditional_mass_density,B,64.125,0.0033724230681664,,,
c_hours_unconditional_mass_density,B,64.25,0.0033724230681664,,,
c_hours_unconditional_mass_density,B,64.375,0.0033724230681664,,,
c_hours_unconditional_mass_density,B,64.5,0.0033724230681664,,,
c_hours_unconditional_mass_density,B,64.625,0.0033724230681664,,,
c_hours_unconditional_mass_density,B,64.75,0.0033724230681664,,,
c_hours_unconditional_mass_density,B,64.875,0.0033724230681664,,,
c_hours_unconditional_mass_density,B,65.0,0.0033724230681664,,,
c_hours_unconditional_mass_density,B,65.125,0.0033724230681664,,,
c_hours_unconditional_mass_density,B,65.25,0.0033724230681664,,,
c_hours_unconditional_mass_density,B,65.375,0.0033724230681664,,,
c_hours_unconditional_mass_density,B,65.5,0.0033724230681664,,,
c_hours_unconditional_mass_density,B,65.625,0.0033724230681664,,,
c_hours_unconditional_mass_density,B,65.75,0.0033724230681664,,,
c_hours_unconditional_mass_density,B,65.875,0.0033724230681664,,,
c_hours_unconditional_mass_density,B,66.0,0.0033724230681664,,,
c_hours_unconditional_mass_density,B,66.125,0.0033724230681664,,,
c_hours_unconditional_mass_density,B,66.25,0.0033724230681664,,,
c_hours_unconditional_mass_density,B,66.375,0.0033724230681664,,,
c_hours_unconditional_mass_density,B,66.5,0.0033724230681664,,,
c_hours_unconditional_mass_density,B,66.625,0.0033724230681664,,,
c_hours_unconditional_mass_density,B,66.75,0.0033724230681664,,,
c_hours_unconditional_mass_density,B,66.875,0.0033724230681664,,,
c_hours_unconditional_mass_density,B,67.0,0.0033724230681664,,,
c_hours_unconditional_mass_density,B,67.125,0.0033724230681664,,,
c_hours_unconditional_mass_density,B,67.25,0.0033724230681664,,,
c_hours_unconditional_mass_density,B,67.375,0.0033724230681664,,,
c_hours_unconditional_mass_density,B,67.5,0.0033724230681664,,,
c_hours_unconditional_mass_density,B,67.625,0.0033724230681664,,,
c_hours_unconditional_mass_density,B,67.75,0.0033724230681664,,,
c_hours_unconditional_mass_density,B,67.875,0.0033724230681664,,,
c_hours_unconditional_mass_density,B,68.0,0.0033724230681664,,,
c_hours_unconditional_mass_density,B,68.125,0.0033724230681664,,,
c_hours_unconditional_mass_density,B,68.25,0.0033724230681664,,,
c_hours_unconditional_mass_density,B,68.375,0.0033724230681664,,,
c_hours_unconditional_mass_density,B,68.5,0.0033724230681664,,,
c_hours_unconditional_mass_density,B,68.625,0.0033724230681664,,,
c_hours_unconditional_mass_density,B,68.75,0.0033724230681664,,,
c_hours_unconditional_mass_density,B,68.875,0.0033724230681664,,,
c_hours_unconditional_mass_density,B,69.0,0.0033724230681664,,,
c_hours_unconditional_mass_density,B,69.125,0.0033724230681664,,,
c_hours_unconditional_mass_density,B,69.25,0.0033724230681664,,,
c_hours_unconditional_mass_density,B,69.375,0.0033724230681664,,,
c_hours_unconditional_mass_density,B,69.5,0.0033724230681664,,,
c_hours_unconditional_mass_density,B,69.625,0.0033724230681664,,,
c_hours_unconditional_mass_density,B,69.75,0.0033724230681664,,,
c_hours_unconditional_mass_density,B,69.875,0.0033724230681664,,,
c_hours_unconditional_mass_density,B,70.0,0.0033724230681664,,,
d_occupation_unconditional_mass,B,,0.1442282685215259,,1.0,
d_occupation_unconditional_mass,B,,0.0388628284053921,,2.0,
d_occupation_unconditional_mass,B,,0.0208734263886256,,3.0,
d_occupation_unconditional_mass,B,,0.144903090327159,,4.0,
e_wage_offer_density_conditional,B,,0.0012568038120629,,,3.178310779140186
e_wage_offer_density_conditional,B,,0.0012980387148569,,,3.1925264728154352
e_wage_offer_density_conditional,B,,0.0013404559603243,,,3.206805749305806
e_wage_offer_density_conditional,B,,0.0013840832514624,,,3.221148892999417
e_wage_offer_density_conditional,B,,0.0014289487290421,,,3.235556189556375
e_wage_offer_density_conditional,B,,0.0014750809715274,,,3.2500279259144635
e_wage_offer_density_conditional,B,,0.0015225089947196,,,3.2645643902948613
e_wage_offer_density_conditional,B,,0.0015712622511165,,,3.2791658722078774
e_wage_offer_density_conditional,B,,0.0016213706289799,,,3.2938326624587195
e_wage_offer_density_conditional,B,,0.0016728644511011,,,3.308565053153285
e_wage_offer_density_conditional,B,,0.0017257744732574,,,3.323363337703982
e_wage_offer_density_conditional,B,,0.0017801318823504,,,3.3382278108355665
e_wage_offer_density_conditional,B,,0.0018359682942187,,,3.3531587685910176
e_wage_offer_density_conditional,B,,0.0018933157511151,,,3.368156508337431
e_wage_offer_density_conditional,B,,0.0019522067188414,,,3.383221328771943
e_wage_offer_density_conditional,B,,0.0020126740835324,,,3.398353529927679
e_wage_offer_density_conditional,B,,0.0020747511480801,,,3.413553413179726
e_wage_offer_density_conditional,B,,0.0021384716281903,,,3.42882128125114
e_wage_offer_density_conditional,B,,0.0022038696480644,,,3.4441574382189706
e_wage_offer_density_conditional,B,,0.0022709797356974,,,3.45956218952032
e_wage_offer_density_conditional,B,,0.0023398368177844,,,3.4750358419584244
e_wage_offer_density_conditional,B,,0.0024104762142289,,,3.4905787037087648
e_wage_offer_density_conditional,B,,0.0024829336322432,,,3.506191084325205
e_wage_offer_density_conditional,B,,0.0025572451600364,,,3.521873294746157
e_wage_offer_density_conditional,B,,0.0026334472600795,,,3.537625647300773
e_wage_offer_density_conditional,B,,0.0027115767619427,,,3.553448455715166
e_wage_offer_density_conditional,B,,0.0027916708546971,,,3.5693420351186567
e_wage_offer_density_conditional,B,,0.0028737670788737,,,3.5853067020500524
e_wage_offer_density_conditional,B,,0.0029579033179733,,,3.601342774463949
e_wage_offer_density_conditional,B,,0.0030441177895218,,,3.6174505717370655
e_wage_offer_density_conditional,B,,0.0031324490356625,,,3.633630414674604
e_wage_offer_density_conditional,B,,0.0032229359132817,,,3.649882625516634
e_wage_offer_density_conditional,B,,0.0033156175836608,,,3.6662075279445183
e_wage_offer_density_conditional,B,,0.0034105335016491,,,3.6826054470873566
e_wage_offer_density_conditional,B,,0.0035077234043527,,,3.6990767095284576
e_wage_offer_density_conditional,B,,0.0036072272993349,,,3.715621643311847
e_wage_offer_density_conditional,B,,0.0037090854523219,,,3.7322405779487977
e_wage_offer_density_conditional,B,,0.0038133383744111,,,3.748933844424397
e_wage_offer_density_conditional,B,,0.0039200268087777,,,3.765701775204133
e_wage_offer_density_conditional,B,,0.0040291917168742,,,3.782544704240521
e_wage_offer_density_conditional,B,,0.0041408742641227,,,3.79946296697975
e_wage_offer_density_conditional,B,,0.0042551158050932,,,3.816456900368369
e_wage_offer_density_conditional,B,,0.0043719578681682,,,3.833526842859992
e_wage_offer_density_conditional,B,,0.0044914421396901,,,3.850673134422042
e_wage_offer_density_conditional,B,,0.0046136104475895,,,3.867896116542521
e_wage_offer_density_conditional,B,,0.0047385047444934,,,3.8851961322368105
e_wage_offer_density_conditional,B,,0.0048661670903117,,,3.9025735260545047
e_wage_offer_density_conditional,B,,0.0049966396343016,,,3.920028644086272
e_wage_offer_density_conditional,B,,0.0051299645966101,,,3.937561833970745
e_wage_offer_density_conditional,B,,0.0052661842492946,,,3.9551734449014497
e_wage_offer_density_conditional,B,,0.0054053408968213,,,3.972863827633753
e_wage_offer_density_conditional,B,,0.0055474768560445,,,3.9906333344918585
e_wage_offer_density_conditional,B,,0.0056926344356674,,,4.00848231937581
e_wage_offer_density_conditional,B,,0.0058408559151861,,,4.0264111377685525
e_wage_offer_density_conditional,B,,0.0059921835233201,,,4.044420146743004
e_wage_offer_density_conditional,B,,0.0061466594159333,,,4.06250970496917
e_wage_offer_density_conditional,B,,0.0063043256534468,,,4.080680172721285
e_wage_offer_density_conditional,B,,0.0064652241777504,,,4.098931911884993
e_wage_offer_density_conditional,B,,0.0066293967886162,,,4.117265285964549
e_wage_offer_density_conditional,B,,0.0067968851196187,,,4.13568066009006
e_wage_offer_density_conditional,B,,0.0069677306135703,,,4.154178401024757
e_wage_offer_density_conditional,B,,0.0071419744974746,,,4.1727588771723045
e_wage_offer_density_conditional,B,,0.0073196577570081,,,4.191422458584127
e_wage_offer_density_conditional,B,,0.0075008211105355,,,4.2101695169667925
e_wage_offer_density_conditional,B,,0.0076855049826682,,,4.229000425689401
e_wage_offer_density_conditional,B,,0.0078737494773736,,,4.247915559791033
e_wage_offer_density_conditional,B,,0.0080655943506451,,,4.266915295988213
e_wage_offer_density_conditional,B,,0.0082610789827434,,,4.28600001268241
e_wage_offer_density_conditional,B,,0.0084602423500179,,,4.30517008996758
e_wage_offer_density_conditional,B,,0.0086631229963215,,,4.324425909637732
e_wage_offer_density_conditional,B,,0.008869759004028,,,4.343767855194533
e_wage_offer_density_conditional,B,,0.0090801879646675,,,4.363196311854943
e_wage_offer_density_conditional,B,,0.0092944469491893,,,4.382711666558893
e_wage_offer_density_conditional,B,,0.0095125724778696,,,4.402314307976985
e_wage_offer_density_conditional,B,,0.0097346004898743,,,4.422004626518237
e_wage_offer_density_conditional,B,,0.0099605663124952,,,4.441783014337859
e_wage_offer_density_conditional,B,,0.0101905046300727,,,4.461649865345058
e_wage_offer_density_conditional,B,,0.0104244494526213,,,4.481605575210889
e_wage_offer_density_conditional,B,,0.0106624340841761,,,4.50165054137613
e_wage_offer_density_conditional,B,,0.0109044910908753,,,4.521785163059204
e_wage_offer_density_conditional,B,,0.0111506522687976,,,4.542009841264123
e_wage_offer_density_conditional,B,,0.0114009486115735,,,4.562324978788481
e_wage_offer_density_conditional,B,,0.0116554102777884,,,4.582730980231467
e_wage_offer_density_conditional,B,,0.0119140665581967,,,4.603228252001935
e_wage_offer_density_conditional,B,,0.0121769458427693,,,4.6238172023264905
e_wage_offer_density_conditional,B,,0.0124440755875921,,,4.644498241257617
e_wage_offer_density_conditional,B,,0.0127154822816393,,,4.665271780681857
e_wage_offer_density_conditional,B,,0.012991191413442,,,4.686138234327998
e_wage_offer_density_conditional,B,,0.0132712274376742,,,4.707098017775324
e_wage_offer_density_conditional,B,,0.0135556137416806,,,4.728151548461888
e_wage_offer_density_conditional,B,,0.0138443726119671,,,4.7492992456928285
e_wage_offer_density_conditional,B,,0.0141375252006808,,,4.770541530648715
e_wage_offer_density_conditional,B,,0.0144350914921007,,,4.791878826393941
e_wage_offer_density_conditional,B,,0.0147370902691668,,,4.813311557885151
e_wage_offer_density_conditional,B,,0.0150435390800708,,,4.834840151979698
e_wage_offer_density_conditional,B,,0.015354454204935,,,4.85646503744415
e_wage_offer_density_conditional,B,,0.0156698506226057,,,4.878186644962828
e_wage_offer_density_conditional,B,,0.0159897419775867,,,4.900005407146381
e_wage_offer_density_conditional,B,,0.0163141405471408,,,4.921921758540408
e_wage_offer_density_conditional,B,,0.0166430572085863,,,4.943936135634105
e_wage_offer_density_conditional,B,,0.0169765014068159,,,4.966048976868964
e_wage_offer_density_conditional,B,,0.0173144811220658,,,4.988260722647505
e_wage_offer_density_conditional,B,,0.017657002837964,,,5.010571815342039
e_wage_offer_density_conditional,B,,0.0180040715098855,,,5.032982699303489
e_wage_offer_density_conditional,B,,0.0183556905336437,,,5.055493820870237
e_wage_offer_density_conditional,B,,0.0187118617145472,,,5.078105628377005
e_wage_offer_density_conditional,B,,0.0190725852368506,,,5.100818572163798
e_wage_offer_density_conditional,B,,0.019437859633629,,,5.12363310458486
e_wage_offer_density_conditional,B,,0.0198076817571064,,,5.14654968001769
e_wage_offer_density_conditional,B,,0.0201820467494669,,,5.169568754872094
e_wage_offer_density_conditional,B,,0.0205609480141789,,,5.192690787599264
e_wage_offer_density_conditional,B,,0.0209443771878622,,,5.215916238700925
e_wage_offer_density_conditional,B,,0.0213323241127283,,,5.239245570738489
e_wage_offer_density_conditional,B,,0.0217247768096231,,,5.26267924834228
e_wage_offer_density_conditional,B,,0.0221217214517027,,,5.286217738220782
e_wage_offer_density_conditional,B,,0.0225231423387725,,,5.309861509169936
e_wage_offer_density_conditional,B,,0.0229290218723183,,,5.333611032082474
e_wage_offer_density_conditional,B,,0.0233393405312606,,,5.357466779957302
e_wage_offer_density_conditional,B,,0.0237540768484609,,,5.381429227908915
e_wage_offer_density_conditional,B,,0.02417320738801,,,5.405498853176864
e_wage_offer_density_conditional,B,,0.0245967067233273,,,5.429676135135257
e_wage_offer_density_conditional,B,,0.0250245474161007,,,5.453961555302311
e_wage_offer_density_conditional,B,,0.0254566999960952,,,5.478355597349935
e_wage_offer_density_conditional,B,,0.0258931329418601,,,5.50285874711337
e_wage_offer_density_conditional,B,,0.0263338126623615,,,5.527471492600863
e_wage_offer_density_conditional,B,,0.0267787034795694,,,5.55219432400338
e_wage_offer_density_conditional,B,,0.0272277676120261,,,5.577027733704378
e_wage_offer_density_conditional,B,,0.0276809651594242,,,5.601972216289608
e_wage_offer_density_conditional,B,,0.0281382540882187,,,5.627028268556963
e_wage_offer_density_conditional,B,,0.0285995902183025,,,5.65219638952637
e_wage_offer_density_conditional,B,,0.0290649272107682,,,5.677477080449741
e_wage_offer_density_conditional,B,,0.0295342165567832,,,5.7028708448209375
e_wage_offer_density_conditional,B,,0.0300074075676024,,,5.7283781883858165
e_wage_offer_density_conditional,B,,0.0304844473657416,,,5.753999619152289
e_wage_offer_density_conditional,B,,0.0309652808773365,,,5.779735647400444
e_wage_offer_density_conditional,B,,0.0314498508257083,,,5.805586785692714
e_wage_offer_density_conditional,B,,0.0319380977261603,,,5.831553548884075
e_wage_offer_density_conditional,B,,0.0324299598820234,,,5.857636454132307
e_wage_offer_density_conditional,B,,0.032925373381975,,,5.883836020908293
e_wage_offer_density_conditional,B,,0.0334242720986477,,,5.910152771006362
e_wage_offer_density_conditional,B,,0.0339265876885488,,,5.936587228554682
e_wage_offer_density_conditional,B,,0.0344322495933077,,,5.963139920025704
e_wage_offer_density_conditional,B,,0.0349411850422688,,,5.989811374246637
e_wage_offer_density_conditional,B,,0.0354533190564462,,,6.0166021224099895
e_wage_offer_density_conditional,B,,0.0359685744538551,,,6.043512698084144
e_wage_offer_density_conditional,B,,0.0364868718562359,,,6.070543637223986
e_wage_offer_density_conditional,B,,0.0370081296971812,,,6.097695478181577
e_wage_offer_density_conditional,B,,0.0375322642316825,,,6.124968761716874
e_wage_offer_density_conditional,B,,0.0380591895471038,,,6.1523640310085055
e_wage_offer_density_conditional,B,,0.0385888175755954,,,6.179881831664582
e_wage_offer_density_conditional,B,,0.0391210581079558,,,6.207522711733569
e_wage_offer_density_conditional,B,,0.0396558188089498,,,6.235287221715199
e_wage_offer_density_conditional,B,,0.0401930052340908,,,6.263175914571433
e_wage_offer_density_conditional,B,,0.0407325208478914,,,6.29118934573748
e_wage_offer_density_conditional,B,,0.04127426704359,,,6.319328073132851
e_wage_offer_density_conditional,B,,0.0418181431643528,,,6.347592657172478
e_wage_offer_density_conditional,B,,0.0423640465259581,,,6.37598366077787
e_wage_offer_density_conditional,B,,0.0429118724409602,,,6.404501649388326
e_wage_offer_density_conditional,B,,0.0434615142443352,,,6.4331471909722
e_wage_offer_density_conditional,B,,0.0440128633206063,,,6.461920856038205
e_wage_offer_density_conditional,B,,0.0445658091324466,,,6.49082321764678
e_wage_offer_density_conditional,B,,0.045120239250755,,,6.519854851421507
e_wage_offer_density_conditional,B,,0.0456760393862005,,,6.549016335560564
e_wage_offer_density_conditional,B,,0.0462330934222282,,,6.578308250848257
e_wage_offer_density_conditional,B,,0.0467912834495203,,,6.607731180666568
e_wage_offer_density_conditional,B,,0.0473504898019009,,,6.637285711006789
e_wage_offer_density_conditional,B,,0.0479105910936773,,,6.666972430481184
e_wage_offer_density_conditional,B,,0.0484714642584036,,,6.696791930334718
e_wage_offer_density_conditional,B,,0.0490329845890555,,,6.726744804456824
e_wage_offer_density_conditional,B,,0.0495950257796013,,,6.756831649393241
e_wage_offer_density_conditional,B,,0.0501574599679538,,,6.787053064357887
e_wage_offer_density_conditional,B,,0.050720157780286,,,6.817409651244798
e_wage_offer_density_conditional,B,,0.0512829883766935,,,6.847902014640112
e_wage_offer_density_conditional,B,,0.0518458194981833,,,6.878530761834111
e_wage_offer_density_conditional,B,,0.0524085175149688,,,6.9092965028333175
e_wage_offer_density_conditional,B,,0.0529709474760487,,,6.9401998503726405
e_wage_offer_density_conditional,B,,0.0535329731600472,,,6.971241419927585
e_wage_offer_density_conditional,B,,0.054094457127291,,,7.0024218297265
e_wage_offer_density_conditional,B,,0.0546552607730964,,,7.0337417007629
e_wage_offer_density_conditional,B,,0.0552152443822417,,,7.065201656807828
e_wage_offer_density_conditional,B,,0.0557742671845942,,,7.096802324422281
e_wage_offer_density_conditional,B,,0.0563321874118647,,,7.128544332969689
e_wage_offer_density_conditional,B,,0.0568888623554582,,,7.160428314628445
e_wage_offer_density_conditional,B,,0.0574441484253883,,,7.1924549044045
e_wage_offer_density_conditional,B,,0.0579979012102244,,,7.224624740144012
e_wage_offer_density_conditional,B,,0.0585499755380359,,,7.256938462546042
e_wage_offer_density_conditional,B,,0.0591002255382999,,,7.289396715175321
e_wage_offer_density_conditional,B,,0.0596485047047359,,,7.322000144475061
e_wage_offer_density_conditional,B,,0.0601946659590292,,,7.354749399779839
e_wage_offer_density_conditional,B,,0.0607385617154077,,,7.38764513332852
e_wage_offer_density_conditional,B,,0.0612800439460297,,,7.42068800027725
e_wage_offer_density_conditional,B,,0.0618189642471459,,,7.453878658712508
e_wage_offer_density_conditional,B,,0.0623551739059913,,,7.487217769664204
e_wage_offer_density_conditional,B,,0.0628885239683693,,,7.520705997118859
e_wage_offer_density_conditional,B,,0.0634188653068803,,,7.554344008032812
e_wage_offer_density_conditional,B,,0.0639460486897565,,,7.588132472345514
e_wage_offer_density_conditional,B,,0.0644699248502543,,,7.622072062992863
e_wage_offer_density_conditional,B,,0.0649903445565622,,,7.656163455920616
e_wage_offer_density_conditional,B,,0.0655071586821766,,,7.690407330097845
e_wage_offer_density_conditional,B,,0.0660202182767003,,,7.724804367530458
e_wage_offer_density_conditional,B,,0.066529374637016,,,7.759355253274787
e_wage_offer_density_conditional,B,,0.0670344793787874,,,7.794060675451227
e_wage_offer_density_conditional,B,,0.0675353845082396,,,7.828921325257945
e_wage_offer_density_conditional,B,,0.0680319424941703,,,7.863937896984642
e_wage_offer_density_conditional,B,,0.0685240063401423,,,7.899111088026381
e_wage_offer_density_conditional,B,,0.0690114296568081,,,7.934441598897482
e_wage_offer_density_conditional,B,,0.0694940667343169,,,7.969930133245466
e_wage_offer_density_conditional,B,,0.0699717726147524,,,8.005577397865071
e_wage_offer_density_conditional,B,,0.0704444031645525,,,8.041384102712335
e_wage_offer_density_conditional,B,,0.0709118151468592,,,8.077350960918727
e_wage_offer_density_conditional,B,,0.0713738662937478,,,8.113478688805351
e_wage_offer_density_conditional,B,,0.071830415378284,,,8.149768005897219
e_wage_offer_density_conditional,B,,0.0722813222863587,,,8.186219634937576
e_wage_offer_density_conditional,B,,0.0727264480882475,,,8.22283430190229
e_wage_offer_density_conditional,B,,0.0731656551098454,,,8.259612736014326
e_wage_offer_density_conditional,B,,0.0735988070035238,,,8.296555669758243
e_wage_offer_density_conditional,B,,0.0740257688185606,,,8.33366383889482
e_wage_offer_density_conditional,B,,0.0744464070710894,,,8.370937982475668
e_wage_offer_density_conditional,B,,0.0748605898135205,,,8.40837884285798
e_wage_offer_density_conditional,B,,0.0752681867033801,,,8.4459871657193
e_wage_offer_density_conditional,B,,0.0756690690715193,,,8.48376370007238
e_wage_offer_density_conditional,B,,0.0760631099896419,,,8.521709198280096
e_wage_offer_density_conditional,B,,0.0764501843371013,,,8.559824416070434
e_wage_offer_density_conditional,B,,0.0768301688669186,,,8.598110112551536
e_wage_offer_density_conditional,B,,0.0772029422709711,,,8.636567050226827
e_wage_offer_density_conditional,B,,0.077568385244305,,,8.67519599501019
e_wage_offer_density_conditional,B,,0.0779263805485231,,,8.713997716241229
e_wage_offer_density_conditional,B,,0.0782768130742016,,,8.752972986700595
e_wage_offer_density_conditional,B,,0.078619569902289,,,8.792122582625362
e_wage_offer_density_conditional,B,,0.0789545403644412,,,8.831447283724495
e_wage_offer_density_conditional,B,,0.0792816161022486,,,8.870947873194385
e_wage_offer_density_conditional,B,,0.0796006911253104,,,8.910625137734435
e_wage_offer_density_conditional,B,,0.0799116618681131,,,8.950479867562736
e_wage_offer_density_conditional,B,,0.0802144272456701,,,8.990512856431804
e_wage_offer_density_conditional,B,,0.0805088887078825,,,9.030724901644389
e_wage_offer_density_conditional,B,,0.0807949502925777,,,9.071116804069346
e_wage_offer_density_conditional,B,,0.0810725186771892,,,9.1116893681576
e_wage_offer_density_conditional,B,,0.081341503229037,,,9.15244340195816
e_wage_offer_density_conditional,B,,0.0816018160541713,,,9.1933797171342
e_wage_offer_density_conditional,B,,0.0818533720447441,,,9.234499128979252
e_wage_offer_density_conditional,B,,0.0820960889248721,,,9.275802456433416
e_wage_offer_density_conditional,B,,0.0823298872949577,,,9.317290522099686
e_wage_offer_density_conditional,B,,0.0825546906744346,,,9.358964152260327
e_wage_offer_density_conditional,B,,0.0827704255429064,,,9.40082417689334
e_wage_offer_density_conditional,B,,0.082977021379648,,,9.442871429688974
e_wage_offer_density_conditional,B,,0.0831744107014398,,,9.485106748066348
e_wage_offer_density_conditional,B,,0.0833625290987084,,,9.527530973190116
e_wage_offer_density_conditional,B,,0.0835413152699458,,,9.57014494998724
e_wage_offer_density_conditional,B,,0.0837107110543816,,,9.612949527163783
e_wage_offer_density_conditional,B,,0.0838706614628871,,,9.655945557221854
e_wage_offer_density_conditional,B,,0.0840211147070852,,,9.699133896476546
e_wage_offer_density_conditional,B,,0.0841620222266483,,,9.74251540507302
e_wage_offer_density_conditional,B,,0.0842933387147626,,,9.78609094700362
e_wage_offer_density_conditional,B,,0.0844150221417425,,,9.829861390125098
e_wage_offer_density_conditional,B,,0.0845270337767765,,,9.873827606175873
e_wage_offer_density_conditional,B,,0.084629338207792,,,9.917990470793406
e_wage_offer_density_conditional,B,,0.0847219033594224,,,9.962350863531649
e_wage_offer_density_conditional,B,,0.0848047005090682,,,10.006909667878537
e_wage_offer_density_conditional,B,,0.0848777043010378,,,10.051667771273618
e_wage_offer_density_conditional,B,,0.0849408927587618,,,10.096626065125692
e_wage_offer_density_conditional,B,,0.0849942472950721,,,10.14178544483059
e_wage_offer_density_conditional,B,,0.0850377527205396,,,10.187146809788992
e_wage_offer_density_conditional,B,,0.0850713972498675,,,10.232711063424356
e_wage_offer_density_conditional,B,,0.0850951725063361,,,10.27847911320089
e_wage_offer_density_conditional,B,,0.0851090735242983,,,10.324451870641632
e_wage_offer_density_conditional,B,,0.0851130987497264,,,10.370630251346618
e_wage_offer_density_conditional,B,,0.0851072500388111,,,10.417015175011102
e_wage_offer_density_conditional,B,,0.0850915326546177,,,10.463607565443873
e_wage_offer_density_conditional,B,,0.0850659552618027,,,10.51040835058566
e_wage_offer_density_conditional,B,,0.0850305299193978,,,10.557418462527618
e_wage_offer_density_conditional,B,,0.0849852720716705,,,10.604638837529874
e_wage_offer_density_conditional,B,,0.0849302005370681,,,10.652070416040193
e_wage_offer_density_conditional,B,,0.0848653374952593,,,10.699714142712692
e_wage_offer_density_conditional,B,,0.0847907084722826,,,10.747570966426666
e_wage_offer_density_conditional,B,,0.0847063423238178,,,10.79564184030548
e_wage_offer_density_conditional,B,,0.0846122712165953,,,10.843927721735554
e_wage_offer_density_conditional,B,,0.0845085306079587,,,10.892429572385428
e_wage_offer_density_conditional,B,,0.084395159223601,,,10.941148358224911
e_wage_offer_density_conditional,B,,0.0842721990334922,,,10.990085049544335
e_wage_offer_density_conditional,B,,0.0841396952260199,,,11.039240620973864
e_wage_offer_density_conditional,B,,0.083997696180366,,,11.088616051502903
e_wage_offer_density_conditional,B,,0.0838462534371409,,,11.138212324499612
e_wage_offer_density_conditional,B,,0.0836854216673025,,,11.188030427730476
e_wage_offer_density_conditional,B,,0.0835152586393848,,,11.238071353379985
e_wage_offer_density_conditional,B,,0.0833358251850637,,,11.28833609807039
e_wage_offer_density_conditional,B,,0.0831471851630887,,,11.338825662881558
e_wage_offer_density_conditional,B,,0.0829494054216104,,,11.3895410533709
e_wage_offer_density_conditional,B,,0.0827425557589344,,,11.440483279593405
e_wage_offer_density_conditional,B,,0.0825267088827334,,,11.491653356121764
e_wage_offer_density_conditional,B,,0.0823019403677524,,,11.543052302066556
e_wage_offer_density_conditional,B,,0.0820683286120381,,,11.594681141096562
e_wage_offer_density_conditional,B,,0.0818259547917302,,,11.646540901459144
e_wage_offer_density_conditional,B,,0.08157490281445,,,11.698632616000726
e_wage_offer_density_conditional,B,,0.081315259271323,,,11.750957322187368
e_wage_offer_density_conditional,B,,0.0810471133876738,,,11.80351606212542
e_wage_offer_density_conditional,B,,0.0807705569724321,,,11.856309882582291
e_wage_offer_density_conditional,B,,0.0804856843662897,,,11.909339835007271
e_wage_offer_density_conditional,B,,0.0801925923886482,,,11.96260697555251
e_wage_offer_density_conditional,B,,0.0798913802834004,,,12.016112365094015
e_wage_offer_density_conditional,B,,0.0795821496635842,,,12.069857069252794
e_wage_offer_density_conditional,B,,0.079265004454955,,,12.123842158416087
e_wage_offer_density_conditional,B,,0.0789400508385178,,,12.178068707758674
e_wage_offer_density_conditional,B,,0.0786073971920628,,,12.232537797264287
e_wage_offer_density_conditional,B,,0.0782671540307494,,,12.287250511747123
e_wage_offer_density_conditional,B,,0.0779194339467839,,,12.342207940873454
e_wage_offer_density_conditional,B,,0.077564351548234,,,12.39741117918332
e_wage_offer_density_conditional,B,,0.0772020233970293,,,12.452861326112329
e_wage_offer_density_conditional,B,,0.0768325679461897,,,12.508559486013564
e_wage_offer_density_conditional,B,,0.0764561054763317,,,12.564506768179568
e_wage_offer_density_conditional,B,,0.0760727580314973,,,12.620704286864433
e_wage_offer_density_conditional,B,,0.0756826493543522,,,12.677153161306002
e_wage_offer_density_conditional,B,,0.0752859048208021,,,12.733854515748156
e_wage_offer_density_conditional,B,,0.0748826513740726,,,12.7908094794632
e_wage_offer_density_conditional,B,,0.0744730174583003,,,12.848019186774366
e_wage_offer_density_conditional,B,,0.0740571329516843,,,12.905484777078382
e_wage_offer_density_conditional,B,,0.0736351290992425,,,12.963207394868192
e_wage_offer_density_conditional,B,,0.0732071384452235,,,13.021188189755728
e_wage_offer_density_conditional,B,,0.0727732947652182,,,13.079428316494818
e_wage_offer_density_conditional,B,,0.0723337329980215,,,13.13792893500418
e_wage_offer_density_conditional,B,,0.0718885891772886,,,13.196691210390522
e_wage_offer_density_conditional,B,,0.0714380003630348,,,13.25571631297175
e_wage_offer_density_conditional,B,,0.0709821045730241,,,13.315005418300268
e_wage_offer_density_conditional,B,,0.0705210407140947,,,13.374559707186409
e_wage_offer_density_conditional,B,,0.0700549485134658,,,13.434380365721918
e_wage_offer_density_conditional,B,,0.0695839684500728,,,13.494468585303627
e_wage_offer_density_conditional,B,,0.0691082416859761,,,13.554825562657127
e_wage_offer_density_conditional,B,,0.0686279099978889,,,13.615452499860638
e_wage_offer_density_conditional,B,,0.0681431157088674,,,13.676350604368936
e_wage_offer_density_conditional,B,,0.0676540016202096,,,13.737521089037404
e_wage_offer_density_conditional,B,,0.0671607109436043,,,13.798965172146188
e_wage_offer_density_conditional,B,,0.0666633872335749,,,13.86068407742446
e_wage_offer_density_conditional,B,,0.0661621743202598,,,13.92267903407479
e_wage_offer_density_conditional,B,,0.0656572162425719,,,13.98495127679762
e_wage_offer_density_conditional,B,,0.065148657181777,,,14.04750204581588
e_wage_offer_density_conditional,B,,0.0646366413955346,,,14.11033258689965
e_wage_offer_density_conditional,B,,0.0641213131524375,,,14.173444151391
e_wage_offer_density_conditional,B,,0.0636028166670922,,,14.236837996228896
e_wage_offer_density_conditional,B,,0.0630812960357769,,,14.300515383974249
e_wage_offer_density_conditional,B,,0.0625568951727153,,,14.364477582835042
e_wage_offer_density_conditional,B,,0.0620297577470032,,,14.428725866691604
e_wage_offer_density_conditional,B,,0.0615000271202239,,,14.49326151512197
e_wage_offer_density_conditional,B,,0.0609678462847864,,,14.558085813427372
e_wage_offer_density_conditional,B,,0.0604333578030225,,,14.623200052657827
e_wage_offer_density_conditional,B,,0.0598967037470749,,,14.688605529637872
e_wage_offer_density_conditional,B,,0.0593580256396089,,,14.75430354699236
e_wage_offer_density_conditional,B,,0.0588174643953798,,,14.820295413172428
e_wage_offer_density_conditional,B,,0.0582751602636857,,,14.886582442481547
e_wage_offer_density_conditional,B,,0.0577312527717356,,,14.953165955101706
e_wage_offer_density_conditional,B,,0.0571858806689621,,,15.020047277119687
e_wage_offer_density_conditional,B,,0.0566391818723047,,,15.087227740553493
e_wage_offer_density_conditional,B,,0.0560912934124921,,,15.154708683378868
e_wage_offer_density_conditional,B,,0.0555423513813475,,,15.22249144955595
e_wage_offer_density_conditional,B,,0.0549924908801419,,,15.290577389056027
e_wage_offer_density_conditional,B,,0.0544418459690196,,,15.358967857888445
e_wage_offer_density_conditional,B,,0.0538905496175168,,,15.42766421812758
e_wage_offer_density_conditional,B,,0.0533387336561957,,,15.49666783794
e_wage_offer_density_conditional,B,,0.0527865287294143,,,15.565980091611696
e_wage_offer_density_conditional,B,,0.0522340642492501,,,15.635602359575447
e_wage_offer_density_conditional,B,,0.0516814683505972,,,15.705536028438328
e_wage_offer_density_conditional,B,,0.051128867847452,,,15.775782491009323
e_wage_offer_density_conditional,B,,0.0505763881904054,,,15.84634314632706
e_wage_offer_density_conditional,B,,0.0500241534253545,,,15.917219399687662
e_wage_offer_density_conditional,B,,0.0494722861534484,,,15.98841266267276
e_wage_offer_density_conditional,B,,0.048920907492281,,,16.05992435317759
e_wage_offer_density_conditional,B,,0.0483701370383408,,,16.131755895439234
e_wage_offer_density_conditional,B,,0.0478200928307302,,,16.20390872006499
e_wage_offer_density_conditional,B,,0.0472708913161622,,,16.27638426406087
e_wage_offer_density_conditional,B,,0.0467226473152428,,,16.34918397086019
e_wage_offer_density_conditional,B,,0.0461754739900471,,,16.422309290352363
e_wage_offer_density_conditional,B,,0.0456294828129946,,,16.495761678911734
e_wage_offer_density_conditional,B,,0.0450847835370289,,,16.569542599426615
e_wage_offer_density_conditional,B,,0.0445414841671055,,,16.643653521328396
e_wage_offer_density_conditional,B,,0.0439996909329914,,,16.718095920620826
e_wage_offer_density_conditional,B,,0.0434595082633778,,,16.79287127990941
e_wage_offer_density_conditional,B,,0.0429210387613067,,,16.867981088430923
e_wage_offer_density_conditional,B,,0.0423843831809125,,,16.94342684208309
e_wage_offer_density_conditional,B,,0.041849640405475,,,17.019210043454358
e_wage_offer_density_conditional,B,,0.0413169074267855,,,17.095332201853832
e_wage_offer_density_conditional,B,,0.0407862793258186,,,17.171794833341345
e_wage_offer_density_conditional,B,,0.0402578492547094,,,17.248599460757625
e_wage_offer_density_conditional,B,,0.039731708420029,,,17.32574761375465
e_wage_offer_density_conditional,B,,0.0392079460673533,,,17.4032408288261
e_wage_offer_density_conditional,B,,0.038686649467118,,,17.48108064933796
e_wage_offer_density_conditional,B,,0.0381679039017527,,,17.559268625559262
e_wage_offer_density_conditional,B,,0.0376517926540845,,,17.637806314692952
e_wage_offer_density_conditional,B,,0.0371383969970032,,,17.71669528090691
e_wage_offer_density_conditional,B,,0.0366277961843766,,,17.795937095365108
e_wage_offer_density_conditional,B,,0.0361200674432058,,,17.87553333625888
e_wage_offer_density_conditional,B,,0.0356152859670081,,,17.955485588838382
e_wage_offer_density_conditional,B,,0.0351135249104156,,,18.035795445444137
e_wage_offer_density_conditional,B,,0.0346148553849754,,,18.116464505538776
e_wage_offer_density_conditional,B,,0.0341193464561381,,,18.197494375738863
e_wage_offer_density_conditional,B,,0.0336270651414195,,,18.27888666984692
e_wage_offer_density_conditional,B,,0.0331380764097202,,,18.36064300888353
e_wage_offer_density_conditional,B,,0.0326524431817867,,,18.4427650211197
e_wage_offer_density_conditional,B,,0.0321702263317982,,,18.52525434210919
e_wage_offer_density_conditional,B,,0.0316914846900609,,,18.608112614721144
e_wage_offer_density_conditional,B,,0.0312162750467922,,,18.691341489172803
e_wage_offer_density_conditional,B,,0.0307446521569759,,,18.774942623062373
e_wage_offer_density_conditional,B,,0.0302766687462711,,,18.858917681402023
e_wage_offer_density_conditional,B,,0.0298123755179529,,,18.943268336651062
e_wage_offer_density_conditional,B,,0.029351821160866,,,19.027996268749234
e_wage_offer_density_conditional,B,,0.0288950523583721,,,19.113103165150186
e_wage_offer_density_conditional,B,,0.0284421137982672,,,19.19859072085508
e_wage_offer_density_conditional,B,,0.0279930481836501,,,19.284460638446333
e_wage_offer_density_conditional,B,,0.0275478962447193,,,19.37071462812154
e_wage_offer_density_conditional,B,,0.0271066967514761,,,19.45735440772753
e_wage_offer_density_conditional,B,,0.0266694865273118,,,19.544381702794578
e_wage_offer_density_conditional,B,,0.0262363004634562,,,19.631798246570774
e_wage_offer_density_conditional,B,,0.0258071715342638,,,19.719605780056558
e_wage_offer_density_conditional,B,,0.0253821308133158,,,19.80780605203933
e_wage_offer_density_conditional,B,,0.0249612074903123,,,19.89640081912838
e_wage_offer_density_conditional,B,,0.0245444288887329,,,19.985391845789792
e_wage_offer_density_conditional,B,,0.0241318204842399,,,20.07478090438161
e_wage_offer_density_conditional,B,,0.0237234059238019,,,20.164569775189157
e_wage_offer_density_conditional,B,,0.0233192070455115,,,20.25476024646045
e_wage_offer_density_conditional,B,,0.0229192438990741,,,20.34535411444185
e_wage_offer_density_conditional,B,,0.0225235347669422,,,20.43635318341384
e_wage_offer_density_conditional,B,,0.0221320961860718,,,20.527759265726907
e_wage_offer_density_conditional,B,,0.0217449429702749,,,20.61957418183772
e_wage_offer_density_conditional,B,,0.0213620882331444,,,20.711799760345297
e_wage_offer_density_conditional,B,,0.0209835434115254,,,20.804437838027503
e_wage_offer_density_conditional,B,,0.0206093182895102,,,20.897490259877568
e_wage_offer_density_conditional,B,,0.0202394210229298,,,20.99095887914088
e_wage_offer_density_conditional,B,,0.0198738581643192,,,21.08484555735186
e_wage_offer_density_conditional,B,,0.0195126346883309,,,21.179152164371057
e_wage_offer_density_conditional,B,,0.0191557540175722,,,21.273880578422386
e_wage_offer_density_conditional,B,,0.0188032180488427,,,21.369032686130527
e_wage_offer_density_conditional,B,,0.0184550271797455,,,21.4646103825585
e_wage_offer_density_conditional,B,,0.0181111803356515,,,21.56061557124541
e_wage_offer_density_conditional,B,,0.0177716749969888,,,21.65705016424439
e_wage_offer_density_conditional,B,,0.0174365072268368,,,21.7539160821606
e_wage_offer_density_conditional,B,,0.0171056716987992,,,21.851215254189565
e_wage_offer_density_conditional,B,,0.0167791617251335,,,21.94894961815555
e_wage_offer_density_conditional,B,,0.0164569692851138,,,22.04712112055016
e_wage_offer_density_conditional,B,,0.0161390850536029,,,22.145731716571124
e_wage_offer_density_conditional,B,,0.0158254984298132,,,22.24478337016121
e_wage_offer_density_conditional,B,,0.0155161975662316,,,22.344278054047347
e_wage_offer_density_conditional,B,,0.015211169397688,,,22.44421774977996
e_wage_offer_density_conditional,B,,0.0149103996705446,,,22.544604447772333
e_wage_offer_density_conditional,B,,0.0146138729719853,,,22.64544014734036
e_wage_offer_density_conditional,B,,0.0143215727593835,,,22.746726856742285
e_wage_offer_density_conditional,B,,0.0140334813897276,,,22.848466593218745
e_wage_offer_density_conditional,B,,0.0137495801490839,,,22.950661383032923
e_wage_offer_density_conditional,B,,0.0134698492820762,,,23.05331326151091
e_wage_offer_density_conditional,B,,0.0131942680213641,,,23.15642427308224
e_wage_offer_density_conditional,B,,0.0129228146170975,,,23.259996471320605
e_wage_offer_density_conditional,B,,0.0126554663663323,,,23.364031918984768
e_wage_offer_density_conditional,B,,0.012392199642385,,,23.468532688059614
e_wage_offer_density_conditional,B,,0.0121329899241109,,,23.573500859797463
e_wage_offer_density_conditional,B,,0.0118778118250861,,,23.678938524759467
e_wage_offer_density_conditional,B,,0.0116266391226782,,,23.784847782857288
e_wage_offer_density_conditional,B,,0.0113794447869858,,,23.891230743394896
e_wage_offer_density_conditional,B,,0.0111362010096337,,,23.9980895251106
e_wage_offer_density_conditional,B,,0.0108968792324053,,,24.10542625621921
e_wage_offer_density_conditional,B,,0.0106614501756979,,,24.213243074454475
e_wage_offer_density_conditional,B,,0.010429883866785,,,24.321542127111595
e_wage_offer_density_conditional,B,,0.0102021496678724,,,24.430325571090044
e_wage_offer_density_conditional,B,,0.0099782163039316,,,24.539595572936488
e_wage_offer_density_conditional,B,,0.009758051890299,,,24.649354308887965
e_wage_offer_density_conditional,B,,0.0095416239600268,,,24.759603964915197
e_wage_offer_density_conditional,B,,0.0093288994909718,,,24.870346736766137
e_wage_offer_density_conditional,B,,0.0091198449326117,,,24.98158483000973
e_wage_offer_density_conditional,B,,0.0089144262325757,,,25.093320460079784
e_wage_offer_density_conditional,B,,0.0087126088628779,,,25.205555852319137
e_wage_offer_density_conditional,B,,0.0085143578458437,,,25.31829324202396
e_wage_offer_density_conditional,B,,0.0083196377797175,,,25.431534874488268
e_wage_offer_density_conditional,B,,0.0081284128639425,,,25.545283005048663
e_wage_offer_density_conditional,B,,0.0079406469241032,,,25.6595398991292
e_wage_offer_density_conditional,B,,0.0077563034365202,,,25.774307832286617
e_wage_offer_density_conditional,B,,0.0075753455524905,,,25.88958909025551
e_wage_offer_density_conditional,B,,0.0073977361221642,,,26.00538596899394
e_wage_offer_density_conditional,B,,0.0072234377180497,,,26.121700774729163
e_wage_offer_density_conditional,B,,0.0070524126581407,,,26.238535824003524
e_wage_offer_density_conditional,B,,0.0068846230286585,,,26.35589344372062
e_wage_offer_density_conditional,B,,0.0067200307064014,,,26.47377597119165
e_wage_offer_density_conditional,B,,0.0065585973806985,,,26.59218575418192
e_wage_offer_density_conditional,B,,0.0064002845749595,,,26.711125150957663
e_wage_offer_density_conditional,B,,0.0062450536678164,,,26.830596530332965
e_wage_offer_density_conditional,B,,0.0060928659138539,,,26.95060227171695
e_wage_offer_density_conditional,B,,0.0059436824639218,,,27.07114476516117
e_wage_offer_density_conditional,B,,0.0057974643850278,,,27.192226411407223
e_wage_offer_density_conditional,B,,0.005654172679806,,,27.313849621934533
e_wage_offer_density_conditional,B,,0.0055137683055594,,,27.43601681900841
e_wage_offer_density_conditional,B,,0.005376212192872,,,27.558730435728272
e_wage_offer_density_conditional,B,,0.0052414652637902,,,27.68199291607611
e_wage_offer_density_conditional,B,,0.0051094884495707,,,27.80580671496516
e_wage_offer_density_conditional,B,,0.0049802427079938,,,27.9301742982888
e_wage_offer_density_conditional,B,,0.0048536890402409,,,28.05509814296965
e_wage_offer_density_conditional,B,,0.0047297885073352,,,28.18058073700893
e_wage_offer_density_conditional,B,,0.0046085022461464,,,28.306624579535978
e_wage_offer_density_conditional,B,,0.0044897914849583,,,28.43323218085803
e_wage_offer_density_conditional,B,,0.0043736175585995,,,28.560406062510243
e_wage_offer_density_conditional,B,,0.0042599419231391,,,28.688148757305875
e_wage_offer_density_conditional,B,,0.0041487261701474,,,28.816462809386767
e_wage_offer_density_conditional,B,,0.0040399320405229,,,28.945350774273976
e_wage_offer_density_conditional,B,,0.0039335214378875,,,29.074815218918697
e_wage_offer_density_conditional,B,,0.0038294564415523,,,29.204858721753386
e_wage_offer_density_conditional,B,,0.0037276993190547,,,29.335483872743083
e_wage_offer_density_conditional,B,,0.0036282125382711,,,29.466693273437045
e_wage_offer_density_conditional,B,,0.0035309587791059,,,29.598489537020505
e_wage_offer_density_conditional,B,,0.0034359009447619,,,29.730875288366757
e_wage_offer_density_conditional,B,,0.0033430021725939,,,29.8638531640894
e_wage_offer_density_conditional,B,,0.003252225844549,,,29.9974258125949
e_wage_offer_density_conditional,B,,0.0031635355971978,,,30.13159589413524
e_wage_offer_density_conditional,B,,0.0030768953313608,,,30.26636608086107
e_wage_offer_density_conditional,B,,0.0029922692213327,,,30.40173905687472
e_wage_offer_density_conditional,B,,0.0029096217237107,,,30.53771751828381
e_wage_offer_density_conditional,B,,0.0028289175858292,,,30.674304173254864
e_wage_offer_density_conditional,B,,0.0027501218538083,,,30.811501742067307
e_wage_offer_density_conditional,B,,0.0026731998802185,,,30.949312957167592
e_wage_offer_density_conditional,B,,0.002598117331368,,,31.087740563223644
e_wage_offer_density_conditional,B,,0.0025248401942175,,,31.22678731717952
e_wage_offer_density_conditional,B,,0.0024533347829277,,,31.366455988310317
e_wage_offer_density_conditional,B,,0.0023835677450454,,,31.50674935827731
e_wage_offer_density_conditional,B,,0.0023155060673336,,,31.647670221183397
e_wage_offer_density_conditional,B,,0.0022491170812509,,,31.78922138362867
e_wage_offer_density_conditional,B,,0.0021843684680872,,,31.9314056647664
e_wage_offer_density_conditional,B,,0.0021212282637605,,,32.074225896359124
e_wage_offer_density_conditional,B,,0.0020596648632816,,,32.21768492283505
e_wage_offer_density_conditional,B,,0.0019996470248927,,,32.36178560134473
e_wage_offer_density_conditional,B,,0.0019411438738862,,,32.50653080181794
e_wage_offer_density_conditional,B,,0.0018841249061102,,,32.65192340702085
e_wage_offer_density_conditional,B,,0.001828559991166,,,32.797966312613454
e_wage_offer_density_conditional,B,,0.001774419375306,,,32.94466242720719
e_wage_offer_density_conditional,B,,0.0017216736840373,,,33.09201467242293
e_wage_offer_density_conditional,B,,0.0016702939244372,,,33.240025982949106
e_wage_offer_density_conditional,B,,0.0016202514871881,,,33.38869930660022
e_wage_offer_density_conditional,B,,0.0015715181483386,,,33.53803760437551
e_wage_offer_density_conditional,B,,0.001524066070796,,,33.68804385051792
e_wage_offer_density_conditional,B,,0.0014778678055585,,,33.83872103257338
e_wage_offer_density_conditional,B,,0.0014328962926934,,,33.99007215145025
e_wage_offer_density_conditional,B,,0.0013891248620668,,,34.142100221479126
e_wage_offer_density_conditional,B,,0.0013465272338337,,,34.29480827047284
e_wage_offer_density_conditional,B,,0.0013050775186929,,,34.44819933978682
e_wage_offer_density_conditional,B,,0.001264750217915,,,34.60227648437959
e_wage_offer_density_conditional,B,,0.0012255202231497,,,34.75704277287366
e_wage_offer_density_conditional,B,,0.0011873628160187,,,34.912501287616635
e_wage_offer_density_conditional,B,,0.0011502536675012,,,35.068655124742584
e_wage_offer_density_conditional,B,,0.0011141688371186,,,35.225507394233695
e_wage_offer_density_conditional,B,,0.0010790847719246,,,35.38306121998233
e_wage_offer_density_conditional,B,,0.0010449783053076,,,35.541319739853044
e_wage_offer_density_conditional,B,,0.0010118266556121,,,35.70028610574522
e_wage_offer_density_conditional,B,,0.0009796074245843,,,35.8599634836558
e_wage_offer_density_conditional,B,,0.0009482985956495,,,36.02035505374234
e_wage_offer_density_conditional,B,,0.0009178785320275,,,36.18146401038637
e_wage_offer_density_conditional,B,,0.0008883259746914,,,36.34329356225695
e_wage_offer_density_conditional,B,,0.0008596200401768,,,36.50584693237467
e_wage_offer_density_conditional,B,,0.0008317402182467,,,36.66912735817575
e_wage_offer_density_conditional,B,,0.0008046663694195,,,36.83313809157658
e_wage_offer_density_conditional,B,,0.0007783787223639,,,36.99788239903844
e_wage_offer_density_conditional,B,,0.0007528578711691,,,37.163363561632586
e_wage_offer_density_conditional,B,,0.0007280847724936,,,37.3295848751056
e_wage_offer_density_conditional,B,,0.0007040407426006,,,37.496549649944974
e_wage_offer_density_conditional,B,,0.0006807074542834,,,37.66426121144514
e_wage_offer_density_conditional,B,,0.0006580669336882,,,37.83272289977359
e_wage_offer_density_conditional,B,,0.0006361015570389,,,38.00193807003748
e_wage_offer_density_conditional,B,,0.0006147940472687,,,38.171910092350416
e_wage_offer_density_conditional,B,,0.0005941274705648,,,38.34264235189956
e_wage_offer_density_conditional,B,,0.0005740852328309,,,38.51413824901309
e_wage_offer_density_conditional,B,,0.0005546510760722,,,38.68640119922789
e_wage_offer_density_conditional,B,,0.0005358090747083,,,38.85943463335757
e_wage_offer_density_conditional,B,,0.000517543631819,,,39.03324199756084
e_wage_offer_density_conditional,B,,0.0004998394753264,,,39.20782675341009
e_wage_offer_density_conditional,B,,0.0004826816541203,,,39.38319237796034
e_wage_offer_density_conditional,B,,0.0004660555341291,,,39.55934236381854
e_wage_offer_density_conditional,B,,0.0004499467943422,,,39.73628021921306
e_wage_offer_density_conditional,B,,0.000434341422787,,,39.91400946806362
e_wage_offer_density_conditional,B,,0.000419225712466,,,40.09253365005141
e_wage_offer_density_conditional,B,,0.0004045862572571,,,40.27185632068967
e_wage_offer_density_conditional,B,,0.0003904099477811,,,40.4519810513944
e_wage_offer_density_conditional,B,,0.0003766839672418,,,40.632911429555584
e_wage_offer_density_conditional,B,,0.0003633957872396,,,40.81465105860859
e_wage_offer_density_conditional,B,,0.0003505331635656,,,40.99720355810593
e_wage_offer_density_conditional,B,,0.0003380841319771,,,41.180572563789326
e_wage_offer_density_conditional,B,,0.0003260370039598,,,41.36476172766227
e_wage_offer_density_conditional,B,,0.0003143803624784,,,41.54977471806254
e_wage_offer_density_conditional,B,,0.0003031030577205,,,41.73561521973538
e_wage_offer_density_conditional,B,,0.0002921942028361,,,41.92228693390687
e_wage_offer_density_conditional,B,,0.0002816431696752,,,42.10979357835765
e_wage_offer_density_conditional,B,,0.000271439584528,,,42.29813888749695
e_wage_offer_density_conditional,B,,0.0002615733238689,,,42.48732661243695
e_wage_offer_density_conditional,B,,0.0002520345101083,,,42.67736052106752
e_wage_offer_density_conditional,B,,0.0002428135073536,,,42.86824439813123
e_wage_offer_density_conditional,B,,0.0002339009171834,,,43.05998204529877
e_wage_offer_density_conditional,B,,0.0002252875744359,,,43.252577281244605
e_wage_offer_density_conditional,B,,0.0002169645430154,,,43.44603394172309
e_wage_offer_density_conditional,B,,0.0002089231117169,,,43.640355879644815
e_wage_offer_density_conditional,B,,0.000201154790074,,,43.83554696515336
e_wage_offer_density_conditional,B,,0.0001936513042289,,,44.0316110857024
e_wage_offer_density_conditional,B,,0.000186404592829,,,44.228552146133055
e_wage_offer_density_conditional,B,,0.000179406802951,,,44.42637406875174
e_wage_offer_density_conditional,B,,0.0001726502860538,,,44.62508079340825
e_wage_offer_density_conditional,B,,0.0001661275939628,,,44.824676277574206
e_wage_offer_density_conditional,B,,0.0001598314748867,,,45.02516449642189
e_wage_offer_density_conditional,B,,0.0001537548694685,,,45.22654944290343
e_wage_offer_density_conditional,B,,0.0001478909068724,,,45.4288351278303
e_wage_offer_density_conditional,B,,0.0001422329009069,,,45.63202557995322
e_wage_offer_density_conditional,B,,0.0001367743461871,,,45.83612484604237
e_wage_offer_density_conditional,B,,0.0001315089143358,,,46.04113699096802
e_wage_offer_density_conditional,B,,0.0001264304502257,,,46.24706609778144
f_occupation_conditional_share,B,,0.4134183365878129,,1.0,
f_occupation_conditional_share,B,,0.1113970654931414,,2.0,
f_occupation_conditional_share,B,,0.0598319407487432,,3.0,
f_occupation_conditional_share,B,,0.4153526571703024,,4.0,
